source,destination,route_type,median_delay_ratio,volume,osrm_distance,is_chronic
Mumbai_MhimWest_C (Maharashtra),Mumbai Hub (Maharashtra),Carting,5.0,2,9.131966343299096,True
Mohania_Bhabua_D (Bihar),Dinara_Wardno7_D (Bihar),FTL,4.954861111111111,6,42.802727654157465,True
Allahabad_Central_H_1 (Uttar Pradesh),Allahabad_Phaphamu_DC (Uttar Pradesh),Carting,4.866666666666666,7,18.513143210807883,True
Darjeeling_Hillcard_DC (West Bengal),Kurseong_ABPath_D (West Bengal),FTL,4.842105263157895,3,16.09675643960933,True
Pune_East_D_8 (Maharashtra),PNQ Vadgaon Sheri DPC (Maharashtra),Carting,4.8125,4,10.170162003472841,True
Jaipur_Bhankrot_DC (Rajasthan),Jaipur_Central_I_7 (Rajasthan),Carting,4.809523809523809,1,9.068245338888143,True
GGN_DPC (Haryana),Gurgaon_Manesar (Haryana),Carting,4.808497536945813,2,19.31919259659172,True
Hoshangabad_MnRDDPP_D (Madhya Pradesh),Itarsi_DivrsnRd_D (Madhya Pradesh),FTL,4.785714285714286,1,19.52675873164348,True
CCU_Hub (West Bengal),Kolkata_Dankuni_HB (West Bengal),Carting,4.714285714285714,2,13.677017709876019,True
Mainpuri_Agraroad_I (Uttar Pradesh),Firozabad_Sudmpuri_D (Uttar Pradesh),FTL,4.689655172413793,1,58.19049605600304,True
NOI_RPC (Delhi),Delhi_Airport_H (Delhi),Carting,4.675675675675675,3,21.005446516473324,True
Barasat_KrshnNgr_D (West Bengal),CCU_DumDum_DPC (West Bengal),Carting,4.62987012987013,2,10.407277090567735,True
Visakhapatnam_Gajuwaka_IP (Andhra Pradesh),Koraput_GhtimDPP_D (Orissa),Carting,4.567011154855643,10,94.94754441046891,True
Bhuj_DC (Gujarat),Gandhidham_Sector1A_IP (Gujarat),FTL,4.564102564102564,1,44.354683529166266,True
Chennai_Egmore_DPC (Tamil Nadu),Chennai_Royapuram (Tamil Nadu),Carting,4.55,2,9.032298661601477,True
Chhaygaon_GwhRDDPP_D (Assam),Guwahati_Hub (Assam),Carting,4.5,9,26.818534825232337,True
Ragunthgnj_GopalDPP_D (West Bengal),Jangipur_Central_D_1 (West Bengal),Carting,4.477777777777778,28,9.475809400844588,True
Pune_Chinchwad DC (Maharashtra),Pune_East_D_7 (Maharashtra),Carting,4.454545454545454,1,9.79636307855414,True
GZB_Mohan_Nagar_DPC (Uttar Pradesh),Ghaziabad_MohanNgr_C (Uttar Pradesh),Carting,4.428571428571429,1,9.200161733432884,True
Surat_Central_D_3 (Gujarat),Surat_Central_I_4 (Gujarat),Carting,4.42483660130719,2,12.376659830218351,True
Palani_RjndraRd_D (Tamil Nadu),Dindigul_Central_D_1 (Tamil Nadu),FTL,4.4222222222222225,4,47.48986930531501,True
Vizag _NAD (Andhra Pradesh),Vishakhapatnam (Andhra Pradesh),Carting,4.375,1,9.22868637613085,True
Hooghly_DC (West Bengal),Kolkata_North_I_4 (West Bengal),Carting,4.370629370629371,2,12.325620780279682,True
Mumbai_Nerul_D (Maharashtra),Mumbai_Sanpada_I (Maharashtra),Carting,4.333333333333333,1,9.449408492020316,True
Kanpur_Central_H_6 (Uttar Pradesh),Kanpur_Rawatpur_D (Uttar Pradesh),Carting,4.3125,17,12.166946454855012,True
Akhnoor_ThthiCwk_D (Jammu & Kashmir),Jammu_Central_I_1 (Jammu & Kashmir),Carting,4.304347826086956,9,18.414294764711126,True
HazratJandaha_HajiprRD_D (Bihar),Muzaffrpur_Bbganj_I (Bihar),FTL,4.294117647058823,1,46.84623349790659,True
Allahabad_Central_H_1 (Uttar Pradesh),Allahabad_Central_D_5 (Uttar Pradesh),Carting,4.285714285714286,19,9.64996224551968,True
Ghosi_Jamalpur_D (Uttar Pradesh),Dohrighat_AzmrdDPP_D (Uttar Pradesh),FTL,4.26923076923077,4,18.70742022435309,True
Anand_Vaghasi_IP (Gujarat),Anand_VUNagar_DC (Gujarat),Carting,4.25,1,9.383421597437652,True
Mumbai_East_I_21 (Maharashtra),Mumbai_Kalyan (Maharashtra),Carting,4.235294117647059,1,9.327050507753954,True
Badarpur_Konapara_D (Assam),Karimganj_Alngjuri_D (Assam),FTL,4.230769230769231,1,16.595731693016912,True
Dhule_MIDCAvdn_I (Maharashtra),Malegaon_Rawlgaon_D (Maharashtra),FTL,4.205882352941177,2,41.96912360167736,True
Asansol_DC (West Bengal),Rupnarayanpur_Salanpur_D (West Bengal),FTL,4.166666666666666,6,18.385315614682327,True
Mumbai_CotnGren_M (Maharashtra),Mumbai Hub (Maharashtra),Carting,4.13921568627451,10,14.961681875586937,True
Mau_BaliaMod_D (Uttar Pradesh),Ghosi_Jamalpur_D (Uttar Pradesh),FTL,4.136363636363637,2,15.669988501574041,True
Aizawl_HunthrVg_I (Mizoram),Champhai_AwmpiVng_D (Mizoram),FTL,4.132575757575758,8,44.40273527557882,True
Dabhoi_Central_DPP_3 (Gujarat),Vadodara_Karelibaug_DPC (Gujarat),Carting,4.107843137254902,2,28.49440147918427,True
PNQ Vadgaon Sheri DPC (Maharashtra),Pune Balaji Nagar (Maharashtra),Carting,4.087179487179487,8,9.614533354258617,True
Kushinagar_KasyaDPP_D (Uttar Pradesh),Padrauna_BawliDPPP_D (Uttar Pradesh),FTL,4.076923076923077,3,17.5876880039231,True
Surat_Central_D_9 (Gujarat),Surat_Central_I_4 (Gujarat),Carting,4.071428571428571,1,9.40614926342181,True
Kolkata_Narynpur_C (West Bengal),Kolkata_Dankuni_P (West Bengal),Carting,4.048809523809524,30,17.258502700106487,True
Silchar_Sirikona_H (Assam),Kabuganj_Jantaclg_D (Assam),FTL,4.027380952380953,4,22.95168243267623,True
Rusera_Wardno4_D (Bihar),Muzaffrpur_Bbganj_I (Bihar),FTL,4.01078431372549,8,66.53701314756498,True
Buldhana_Thsil3PL_D (Maharashtra),Khamgaon_WamanDPP_D (Maharashtra),FTL,4.0,3,44.98672511198728,True
Delhi_Rohini_DPC (Delhi),Delhi_Mangol_DC (Delhi),Carting,4.0,5,9.648241973405144,True
Allahabad_Mirapati_L (Uttar Pradesh),Allahabad_Central_H_1 (Uttar Pradesh),Carting,4.0,1,9.269792028954695,True
Punalur_PostofJN_D (Kerala),Adoor_Town_D (Kerala),Carting,4.0,3,18.0778018403524,True
Mumbai_Tejpal_M (Maharashtra),Bhiwandi_Mankoli_HB (Maharashtra),Carting,4.0,3,19.11520170401466,True
Mumbai_East_I_21 (Maharashtra),Mumbai_Kalyan West _Dc (Maharashtra),Carting,4.0,29,9.707413652120946,True
Barwala_Central_DPP_1 (Haryana),Hisar_ModelTwn_P (Haryana),FTL,3.9833333333333334,6,25.392020042559874,True
Katwa_BSarani_D (West Bengal),Nakashipara_MaxDPP_D (West Bengal),Carting,3.9761904761904763,4,23.19591654690452,True
Kaptanganj_Subshngr_D (Uttar Pradesh),Gorakhpur_Matriprm_IP (Uttar Pradesh),FTL,3.9719061166429586,20,34.015852583675446,True
Sonari_Central_DPP_1 (Assam),Sivasagar_Babupaty_D (Assam),Carting,3.96,55,27.514551480319398,True
Guskhara_Itachnda_D (West Bengal),Nanoor_Central_DPP_1 (West Bengal),FTL,3.9536796536796537,6,24.592022922166507,True
Silchar_Sirikona_H (Assam),Dharmanagr_Ranakant_D (Tripura),FTL,3.945887445887446,4,55.891479291178186,True
Madhepura_Krishnpr_D (Bihar),Saharsa_Gangjala_D (Bihar),FTL,3.9411764705882355,1,18.68963762348519,True
Nohar_Central_DPP_2 (Rajasthan),Hisar_ModelTwn_P (Haryana),FTL,3.9363636363636365,5,66.17538168322795,True
Samsi_RatuaDPP_D (West Bengal),Malda_Central_I_3 (West Bengal),Carting,3.923076923076923,3,36.69964727342269,True
Varanasi_Central_H_4 (Uttar Pradesh),Allahabad_Central_H_1 (Uttar Pradesh),FTL,3.921875,35,88.1257444449286,True
Vapi_IndEstat_I (Gujarat),Daman_DC (Daman & Diu),Carting,3.909090909090909,1,9.376028394774304,True
Champhai_AwmpiVng_D (Mizoram),Aizawl_HunthrVg_I (Mizoram),FTL,3.9,8,56.85028593443356,True
Sidhi_Padra_D (Madhya Pradesh),Allahabad_Central_H_1 (Uttar Pradesh),FTL,3.892857142857143,15,96.91150308841918,True
Muzaffrpur_Bbganj_I (Bihar),Samastipur_Haripur_D (Bihar),FTL,3.891891891891892,3,44.37862062494097,True
Coimbatore_Karayam_H (Tamil Nadu),Coimbatore_Ukkadam_D (Tamil Nadu),Carting,3.888888888888889,11,27.03394509895828,True
Maharajganj_PakriDPP_D (Uttar Pradesh),Nichlaul_Wardno13_D (Uttar Pradesh),Carting,3.8779761904761907,4,24.512945858705777,True
Uthangarai_RgstrOFC_D (Tamil Nadu),Ambur_Central_D_2 (Tamil Nadu),Carting,3.869565217391304,7,36.08560473648773,True
Kaliyaganj_FatprDPP_D (West Bengal),Malda_Central_I_3 (West Bengal),Carting,3.8684210526315788,17,45.02939421226149,True
GGN_DPC (Haryana),Delhi_Airport_H (Delhi),Carting,3.8666666666666667,1,9.840096269966264,True
HDKote_BegurRD_D (Karnataka),Mysore_Yadvgiri_IP (Karnataka),FTL,3.857142857142857,15,44.68079956398431,True
Phulpur_Shekhpur_D (Uttar Pradesh),Allahabad_Central_H_1 (Uttar Pradesh),Carting,3.857142857142857,11,9.159358225673476,True
Darbhanga (Bihar),Jhanjharpur_Nagar_D (Bihar),FTL,3.854022988505747,2,27.565898203059703,True
Chintamani_Central_D_2 (Karnataka),Bengaluru_KGAirprt_HB (Karnataka),Carting,3.849056603773585,3,45.2952284331645,True
Solan_MohanPrk_D (Himachal Pradesh),Kalka_Pinjore_DC (Haryana),FTL,3.8484848484848486,2,19.27697598636071,True
Manjhaul_Purbari_D (Bihar),Muzaffrpur_Bbganj_I (Bihar),FTL,3.8333333333333335,71,69.12706121762248,True
CCU_Beleghta_CP (West Bengal),Kolkata_Dankuni_P (West Bengal),Carting,3.8181818181818183,11,16.421287891363466,True
Durgapur_Central_I_1 (West Bengal),Panagarh_Central_D_1 (West Bengal),FTL,3.8055555555555554,2,18.105271483265966,True
Hyderabad_Alwal_I (Telangana),Medchal_MROoffce_D (Telangana),Carting,3.8,1,9.50101372105903,True
Buldhana_Thsil3PL_D (Maharashtra),Shegaon_SChwkDPP_D (Maharashtra),FTL,3.7870934959349594,2,33.43914063944914,True
Hyderabad_Uppal_I (Telangana),Hyd_LB-Nagar_Dc (Telangana),Carting,3.769230769230769,3,9.511127512348214,True
Chennai_Mylapore (Tamil Nadu),Chennai_Egmore_DPC (Tamil Nadu),Carting,3.75,1,18.08638192317329,True
Banka_Wardno6_D (Bihar),Kahalgaon_NdiaTola_D (Bihar),FTL,3.7419354838709675,3,44.03634485316407,True
Margherita_CivilHPL_D (Assam),Changlang_Central_D_1 (Arunachal Pradesh),Carting,3.7290448343079925,16,15.77181918837515,True
Nowda_AmtlaDPP_D (West Bengal),Berhampore_Central_I_2 (West Bengal),Carting,3.727272727272727,19,16.912293157577153,True
Wardha_RamaNgr_D (Maharashtra),Deoli_Central_DPP_2 (Maharashtra),FTL,3.7142857142857144,5,15.385879877509916,True
Chiraiyakot_KamalDPP_D (Uttar Pradesh),Varanasi_MahmurGj_IP (Uttar Pradesh),FTL,3.7066666666666666,4,57.1119738118863,True
Badarpur_Konapara_D (Assam),Silchar_Sirikona_H (Assam),FTL,3.7058823529411766,7,17.421557805008664,True
Mumbai_Jogshwri_I (Maharashtra),Mumbai_Khar West _Dc (Maharashtra),Carting,3.7,7,9.269842634684032,True
Pune Balaji Nagar (Maharashtra),PNQ Vadgaon Sheri DPC (Maharashtra),Carting,3.6923076923076925,6,9.773165600689241,True
Kakdwip_KlngrDPP_D (West Bengal),CCU_New Alipore_DPC (West Bengal),Carting,3.6875,47,45.48554225239847,True
Chennai_Chrompet_DPC (Tamil Nadu),Chennai_Potheri (Tamil Nadu),Carting,3.670955882352941,4,13.18893984825314,True
Mumbai_Ghansoli_DC (Maharashtra),Mumbai_Sanpada_CP (Maharashtra),Carting,3.6666666666666665,1,14.332864971345886,True
Nowda_AmtlaDPP_D (West Bengal),Baharampur_Chuanpur_I (West Bengal),Carting,3.664335664335664,10,12.631892031994969,True
Beawar_DC (Rajasthan),Bijainagar_Central_DPP_1 (Rajasthan),FTL,3.6550957592339257,4,55.50780560562485,True
Bengaluru_ Kothanur_L (Karnataka),Bengaluru_Bomsndra_HB (Karnataka),Carting,3.6503496503496504,4,22.72235564201529,True
Saharsa_Gangjala_D (Bihar),Madhepura_Krishnpr_D (Bihar),FTL,3.639705882352941,16,18.779078630459765,True
Ranchi_Hub (Jharkhand),Bokaro_KSClny_DC (Jharkhand),Carting,3.627853881278539,112,63.09706631324095,True
Allahabad_Central_D_3 (Uttar Pradesh),Allahabad_Central_H_1 (Uttar Pradesh),Carting,3.619047619047619,6,9.272393476563966,True
Bulndshahr_Ymunpurm_D (Uttar Pradesh),Khurja_Pnjbiyon_D (Uttar Pradesh),FTL,3.6153846153846154,5,16.7645713476996,True
Taranagar_RajRdDPP_D (Rajasthan),Sikar_FatehpRd_I (Rajasthan),FTL,3.6043543543543546,12,88.84385712601399,True
Bhopal_Trnsport_H (Madhya Pradesh),Bhopal_Kolar Mandakni (Madhya Pradesh),Carting,3.6041666666666665,4,13.236458109023445,True
Rudrapur_UdhamNgr_H (Uttarakhand),Kashipur_Vaishali_D (Uttarakhand),FTL,3.6012578616352204,2,47.52312551819023,True
Vadodara (Gujarat),Vadodara_Karelibaug_DPC (Gujarat),Carting,3.6,1,9.069883734644169,True
Chhapra_Prbhunth_D (Bihar),Gopalganj_GopalDPP_D (Bihar),FTL,3.5973084886128364,24,56.57907383704796,True
Gurgaon_Bilaspur_HB (Haryana),Neemrana_Rcocmplx_D (Rajasthan),FTL,3.588235294117647,3,45.35578326678554,True
Akola_Gaurkshn_I (Maharashtra),Buldhana_Thsil3PL_D (Maharashtra),FTL,3.5804597701149428,4,55.38055104563008,True
Muktsar_DPC (Punjab),Chandigarh_Mehmdpur_H (Punjab),FTL,3.5764705882352943,9,110.31175807662672,True
Muzaffrpur_Bbganj_I (Bihar),Kanti_Central_DPP_2 (Bihar),Carting,3.5714285714285716,29,12.479977804338525,True
Purnia_Central_H_2 (Bihar),Raniganj_Central_DPP_1 (Bihar),FTL,3.5625,3,44.60758563088713,True
Banda_GayatriN_D (Uttar Pradesh),Mahoba_Mlkpura_D (Uttar Pradesh),FTL,3.5609756097560976,27,44.770413274809336,True
Umaria_Central_DPP_3 (Madhya Pradesh),PaliBirsighpr_CtyLgDPP_D (Madhya Pradesh),FTL,3.541666666666667,2,24.785845624631847,True
Mumbai Hub (Maharashtra),LowerParel_CP (Maharashtra),Carting,3.5404411764705883,4,12.435502979680663,True
Dhulian_RatanDPP_D (West Bengal),Malda_krshnPly_DC (West Bengal),FTL,3.537581699346405,2,31.782970995209816,True
Parwanoo_Central_D_1 (Himachal Pradesh),Solan_MohanPrk_D (Himachal Pradesh),FTL,3.53125,1,17.20412376960745,True
Bhubaneshwar_Hub (Orissa),Jagatsghpr_Markndpr_D (Orissa),FTL,3.5294117647058822,3,22.514372940275216,True
Simrahi_Bazar_D (Bihar),Purnia_Central_H_2 (Bihar),FTL,3.5,77,66.88826580191471,True
Saharsa_Gangjala_D (Bihar),Purnia_Central_H_2 (Bihar),FTL,3.5,3,44.00324522939799,True
Bhagalpur_Pbroad_DC (Bihar),Kahalgaon_NdiaTola_D (Bihar),FTL,3.5,31,22.8537576972236,True
Dinara_Wardno7_D (Bihar),Bikramgang_Dehrird_D (Bihar),FTL,3.5,5,19.548134546085286,True
Surat_Central_D_12 (Gujarat),Surat_Central_I_4 (Gujarat),Carting,3.485042735042735,2,10.945673390727029,True
Dahanu_KetyDPP_D (Maharashtra),Boisar_OstwlEmp_D (Maharashtra),Carting,3.4572192513368982,6,18.085636839689485,True
Ghazipur_Kaithwal_D (Uttar Pradesh),Ghosi_Jamalpur_D (Uttar Pradesh),FTL,3.4523809523809526,3,44.40653785713031,True
Gohpur_Central_D_1 (Assam),Itanagar_WageDPP_D (Arunachal Pradesh),FTL,3.4469565217391303,4,24.59581863820885,True
Sonipat_Kundli_H (Haryana),Baraut_SrnprHwy_D (Uttar Pradesh),FTL,3.4423076923076925,6,25.190898951755777,True
Palwal (Haryana),FBD_Balabhgarh_DPC (Haryana),Carting,3.4384236453201966,38,28.151508548593714,True
DhrmpuriTS_HanumDPP_D (Telangana),Luxettipet_ShivaDPP_D (Telangana),FTL,3.4166666666666665,1,15.000648498677483,True
Muzaffrpur_Bbganj_I (Bihar),Sitamari_Durma_D (Bihar),FTL,3.4130434782608696,17,45.51278842406866,True
Balurghat_AkhirDPP_D (West Bengal),Malda_Central_I_3 (West Bengal),Carting,3.411764705882353,9,45.66968614306678,True
Naraingarh_Ward2DPP_D (Haryana),Chandigarh_Mehmdpur_H (Punjab),Carting,3.411764705882353,5,27.16444597937868,True
Pataudi_DC (Haryana),GGN_DPC (Haryana),Carting,3.4074074074074074,6,18.80674850496808,True
Nowda_ArhamDPP_D (West Bengal),Baharampur_Chuanpur_I (West Bengal),Carting,3.400326797385621,4,22.67935657303748,True
Mumbai_Kalyan West _Dc (Maharashtra),Mumbai_East_I_21 (Maharashtra),Carting,3.4,21,9.632149964250408,True
Vadipatti_lalaNGR_D (Tamil Nadu),Gujiliam_Parai_D (Tamil Nadu),FTL,3.399206349206349,4,56.480053719215334,True
Kabuganj_Jantaclg_D (Assam),Kolasib_Diakkawn_D (Mizoram),FTL,3.3863636363636362,9,46.10816887285862,True
Delhi_Barwala (Delhi),Delhi_Rohini_DPC (Delhi),Carting,3.3846153846153846,5,9.325501874958404,True
Murshidabad_Sirjudol_D (West Bengal),Ragunthgnj_GopalDPP_D (West Bengal),Carting,3.383333333333333,4,27.271920347826182,True
Supaul_SadrHsptl_D (Bihar),Triveninganj_Central_D_1 (Bihar),FTL,3.380952380952381,2,27.09644284935625,True
Jalandhar_DPC (Punjab),Kapurthala_DC (Punjab),FTL,3.375,3,18.681675416632466,True
Chennai_Chrompet_DPC (Tamil Nadu),Chennai_Vandalur_Dc (Tamil Nadu),Carting,3.375,19,9.100509891191914,True
Malout_DC (Punjab),Muktsar_DPC (Punjab),FTL,3.3682065217391304,2,25.363839739729585,True
Arani_KrthiKyn_D (Tamil Nadu),Vellore_GndhiNgr_IP (Tamil Nadu),FTL,3.368181818181818,2,28.08645530337819,True
Vadodara (Gujarat),Vadodara_Karelibaug_DC (Gujarat),Carting,3.3636363636363638,2,9.162607866564414,True
Hubli_Adargchi_IP (Karnataka),Dharwad_Dc (Karnataka),FTL,3.3571428571428568,14,22.316322620499,True
Bengaluru_KGAirprt_HB (Karnataka),BLR_JPNagar_Pc (Karnataka),Carting,3.3536585365853657,62,27.066991511057722,True
Raichur_LSRoad_DC (Karnataka),Kurnool_AbbasNgr_I (Andhra Pradesh),FTL,3.345543345543345,4,55.3786755475881,True
Dhanbad_Jharia_DC (Jharkhand),Dhanbad_Kalynpur_I (Jharkhand),Carting,3.3426573426573425,6,10.446286494191988,True
Allahabad_Central_D_5 (Uttar Pradesh),Soraon_BypassRD_D (Uttar Pradesh),Carting,3.3421052631578947,34,18.11658988479151,True
Sillod_ZebaTWR_D (Maharashtra),Aurangabad_Central_H_1 (Maharashtra),Carting,3.3333333333333335,81,45.53313969908992,True
Hyderabad_South_D_4 (Telangana),Hyderabad_Uppal_I (Telangana),Carting,3.3166666666666664,36,11.158854507680449,True
Kolkata_Dankuni_HB (West Bengal),Kolkata_TrtllaRD_L (West Bengal),Carting,3.310344827586207,65,18.608960575576027,True
Solan_MohanPrk_D (Himachal Pradesh),Parwanoo_Central_D_1 (Himachal Pradesh),FTL,3.3076923076923075,5,15.469118901441073,True
Chopan_PreetDPP_D (Uttar Pradesh),Robertsganj_ArtoDPP_D (Uttar Pradesh),FTL,3.3,3,17.208239611948745,True
Trivandrum_Mnanthla_D (Kerala),Trivandrum_Mnanthla_H (Kerala),Carting,3.3,3,9.329548184827829,True
Nowda_ArhamDPP_D (West Bengal),Nowda_AmtlaDPP_D (West Bengal),Carting,3.3,31,12.097050362441662,True
Fatehabad_BhunaDPP_D (Haryana),Barwala_Central_DPP_1 (Haryana),FTL,3.295866935483871,4,24.208228054882845,True
Ghaziabad_RjndrNgr_DC (Uttar Pradesh),GZB_Mohan_Nagar_DPC (Uttar Pradesh),Carting,3.2857142857142856,2,9.4345783156083,True
Delhi_Bhogal (Delhi),Delhi_Lajpat_IP (Delhi),Carting,3.2857142857142856,19,9.566901033309277,True
Mumbai Antop Hill (Maharashtra),Mumbai_Tejpal_I (Maharashtra),Carting,3.2788461538461537,14,9.295641120816775,True
Midnapore_Talkui_D (West Bengal),Kolkata_Dankuni_HB (West Bengal),FTL,3.266265718972116,4,84.63637240224722,True
Bhiwadi DC (Rajasthan),Neemrana_Rcocmplx_D (Rajasthan),FTL,3.2592385218365063,18,44.5553041739376,True
Faizabad_TrnspNgr_D (Uttar Pradesh),Gosainganj_Pakrela_D (Uttar Pradesh),Carting,3.258241758241758,38,27.225803503407256,True
Gangarampr_FulbaDPP_D (West Bengal),Malda_krshnPly_DC (West Bengal),FTL,3.257142857142857,3,46.17891349869828,True
Kolaghat_Central_DPP_2 (West Bengal),Kolkata_North_I_4 (West Bengal),Carting,3.2511773940345368,4,50.2327445907422,True
Delhi_Patparganj_DPC (Delhi),Delhi_Shahdara (Delhi),Carting,3.25,2,9.344444868012793,True
Mumbai_East_I_21 (Maharashtra),Mumbai_Ulhasngr_DC (Maharashtra),Carting,3.25,50,10.433570664129185,True
Malda_Central_I_3 (West Bengal),Manikchak_Enayetpr_D (West Bengal),Carting,3.25,23,18.20481607367353,True
Rajamundry_AtoNgrRd_I (Andhra Pradesh),Mandapeta_Mainrd_D (Andhra Pradesh),FTL,3.25,14,20.89676481538934,True
Khamgaon_WamanDPP_D (Maharashtra),Shegaon_SChwkDPP_D (Maharashtra),FTL,3.242424242424242,2,15.739638963045522,True
Kharagpur_DC (West Bengal),ChandroknaRD_Central_DPP_3 (West Bengal),FTL,3.238095238095238,3,44.18624890143313,True
Kolkata_North_I_4 (West Bengal),Hoogly_Bandel_D (West Bengal),Carting,3.238095238095238,3,18.265878926460346,True
Lucknow_Hub (Uttar Pradesh),Lucknow_Indira Nagar (Uttar Pradesh),Carting,3.235294117647059,9,10.307020938408218,True
Gudalur_kalmpuza_D (Tamil Nadu),Coimbatore_Karayam_H (Tamil Nadu),Carting,3.2294240953221536,20,54.63244677072942,True
Chennai_Poonamallee (Tamil Nadu),Chennai_Sriperumbudur_Dc (Tamil Nadu),Carting,3.229166666666667,14,12.347436251027005,True
Delhi_Shahdara (Delhi),Delhi_Patparganj_DPC (Delhi),Carting,3.2222222222222223,2,9.602271241773185,True
Nirjuli_BageDPP_D (Arunachal Pradesh),LakhimpurN_SashPhkn_D (Assam),FTL,3.208931419457735,2,32.4488160024128,True
Nichlaul_Wardno13_D (Uttar Pradesh),Gorakhpur_Matriprm_IP (Uttar Pradesh),Carting,3.2063492063492065,93,45.62056003611517,True
Bhubaneswar_Patia (Orissa),Bhubaneshwar_Hub (Orissa),Carting,3.2,1,9.450542900678109,True
Bhind_EtwahDPP_D (Madhya Pradesh),Gwalior_HrihrNgr_I (Madhya Pradesh),FTL,3.192982456140351,21,67.2385000042455,True
Ratanpura_MubarDPP_D (Uttar Pradesh),Gorakhpur_Matriprm_IP (Uttar Pradesh),FTL,3.1923076923076925,55,66.65916878603863,True
Solan_MohanPrk_D (Himachal Pradesh),Baddi_ByePass_D (Himachal Pradesh),FTL,3.1875,2,25.180898624729917,True
Bhopal_Old City (Madhya Pradesh),Bhopal_Trnsport_H (Madhya Pradesh),Carting,3.1833333333333336,42,9.79166893691146,True
Mirik_WardNo3_D (West Bengal),Darjeeling_Hillcard_DC (West Bengal),FTL,3.1794871794871793,3,16.88314234631271,True
Mandla_Mharajpr_D (Madhya Pradesh),Jabalpur_Adhartal_IP (Madhya Pradesh),FTL,3.1780821917808217,29,73.81798242411693,True
GGN_DPC (Haryana),Gurgaon_Kadipur (Haryana),Carting,3.176923076923077,6,10.192713803015772,True
Hisar_ModelTwn_P (Haryana),Nohar_Central_DPP_2 (Rajasthan),FTL,3.176470588235294,20,66.11649811976562,True
Kanchipuram_DC (Tamil Nadu),Arakkonam_HousngBd_D (Tamil Nadu),Carting,3.1666666666666665,29,18.775892968320147,True
Visakhapatnam_Gajuwaka_IP (Andhra Pradesh),Jeypore_Kelasahi_D (Orissa),Carting,3.156423546834506,48,86.2586973069262,True
Tiruppattur_KoilStrt_D (Tamil Nadu),Uthangarai_RgstrOFC_D (Tamil Nadu),Carting,3.1538461538461537,3,18.686935537161236,True
Karnal (Haryana),Panipat_PC (Haryana),FTL,3.151315789473684,4,29.19805149129939,True
PNQ Vadgaon Sheri DPC (Maharashtra),Pune_East_D_8 (Maharashtra),Carting,3.142857142857143,7,9.266138011031584,True
Lalgola_KrsprDPP_D (West Bengal),Ragunthgnj_GopalDPP_D (West Bengal),Carting,3.142857142857143,37,18.2206856238769,True
Talegaon_Central_DPP_4 (Maharashtra),Pune_Tathawde_H (Maharashtra),Carting,3.142857142857143,5,9.435771697929468,True
Aligarh_Central_D_2 (Uttar Pradesh),SikandraRao_JydevNGR_D (Uttar Pradesh),Carting,3.1333333333333333,16,24.227460344312103,True
Rangia_HosptlRd_D (Assam),Nalbari_Bhgtpura_D (Assam),FTL,3.1333333333333333,2,17.765803227582488,True
Nedumangad_Arsprmbu_D (Kerala),Trivandrum_Mnanthla_H (Kerala),Carting,3.1333333333333333,1,9.043631746291698,True
Jorhat_RicMilRd_D (Assam),Mokokchung_Central_D_1 (Nagaland),Carting,3.129032258064516,7,36.10717565389777,True
Daurala_Sardhnrd_D (Uttar Pradesh),Khatauli_TilakNgr_D (Uttar Pradesh),FTL,3.125,1,18.53160974213866,True
Gonda_KotwaliN_D (Uttar Pradesh),Tulsipur_Central_DPP_1 (Uttar Pradesh),Carting,3.121031746031746,6,33.60460616540746,True
Arambag_BalibDPP_D (West Bengal),MirzapurWB_VidyaDPP_D (West Bengal),FTL,3.1153846153846154,4,23.1636280905415,True
Dhaka_PchpkrRD_D (Bihar),Muzaffrpur_Bbganj_I (Bihar),FTL,3.115302642796249,6,44.71520623291288,True
Karaikal_Thalthru_DC (Pondicherry),Nagapttinm_Sttyapar_D (Tamil Nadu),FTL,3.111111111111111,11,19.212790470043814,True
Ghazipur_Kaithwal_D (Uttar Pradesh),Mau_BaliaMod_D (Uttar Pradesh),FTL,3.1020833333333333,6,31.206715961228774,True
Hoskote_DC (Karnataka),Bengaluru_Kadugodi_D (Karnataka),Carting,3.1,7,9.78236014858294,True
Sindagi_KalyanNg_D (Karnataka),Gulbarga_Nehrugnj_I (Karnataka),Carting,3.090909090909091,33,45.80773727952727,True
Kolkata_Dankuni_HB (West Bengal),CCU_Beliaghata_DPC (West Bengal),Carting,3.090909090909091,51,9.91391210629302,True
Mumbai Hub (Maharashtra),Mumbai_MiraRoad_M (Maharashtra),Carting,3.0904761904761906,2,13.369477349214975,True
Triveninganj_Central_D_1 (Bihar),Purnia_Central_H_2 (Bihar),FTL,3.0889328063241104,84,55.544821081607296,True
Dabhoi_Central_DPP_3 (Gujarat),Vadodara (Gujarat),Carting,3.0886699507389164,14,27.697295243987014,True
Changlang_Central_D_1 (Arunachal Pradesh),Margherita_CivilHPL_D (Assam),Carting,3.088235294117647,8,18.14842846329818,True
Mumbai_MaladWest_CP (Maharashtra),Mumbai Hub (Maharashtra),Carting,3.083916083916084,4,9.195998892760276,True
Surat_Central_I_4 (Gujarat),Surat_Central_D_12 (Gujarat),Carting,3.078787878787879,8,11.115404493302186,True
Kushinagar_JiswlDPP_D (Uttar Pradesh),Kaptanganj_Subshngr_D (Uttar Pradesh),FTL,3.0784313725490198,2,25.261029593823945,True
Shirala_Central_DPP_3 (Maharashtra),Kolhapur_Shivaji_I (Maharashtra),FTL,3.077916666666667,8,34.38386112326583,True
Kolkata_North_I_4 (West Bengal),Hooghly_DC (West Bengal),Carting,3.0773809523809526,52,11.96326673018919,True
Mumbai_MaladWest_CP (Maharashtra),Mumbai_Chndivli_PC (Maharashtra),Carting,3.076923076923077,31,9.141682413241002,True
Ghaziabad_Patel Nagar (Uttar Pradesh),GZB_Mohan_Nagar_DPC (Uttar Pradesh),Carting,3.076923076923077,7,9.183850428028734,True
Manikchak_Enayetpr_D (West Bengal),Paranpur_Nijgan_D (West Bengal),Carting,3.066666666666667,22,9.490004073065371,True
Vizianagaram_NcsRd_DC (Andhra Pradesh),Visakhapatnam_Gajuwaka_IP (Andhra Pradesh),Carting,3.063155494756042,50,36.233862174638865,True
Mumbai_Ambernath_Dc (Maharashtra),Mumbai_East_I_21 (Maharashtra),Carting,3.0625,31,12.3010616175418,True
Mumbai_Sanpada_I (Maharashtra),Mumbai_Panvel_D (Maharashtra),Carting,3.0588235294117645,2,11.030556141941691,True
Naugarh_Central_D_1 (Uttar Pradesh),Bansi_GangDPP_D (Uttar Pradesh),Carting,3.0588235294117645,7,18.08465954525895,True
Jairampur_Mdiclcly_D (Arunachal Pradesh),Margherita_CivilHPL_D (Assam),Carting,3.0476190476190474,17,27.38665569253213,True
Baruipur_Bnsibtla_D (West Bengal),Jaynagar_MjlprDPP_D (West Bengal),FTL,3.0476190476190474,4,18.89003116864055,True
Ahmedabad_Mithakal_D (Gujarat),Ahmedabad_East_H_1 (Gujarat),Carting,3.041666666666667,50,10.025891717778325,True
Anandnagar_LohiaDPP_D (Uttar Pradesh),Gorakhpur_Matriprm_IP (Uttar Pradesh),Carting,3.04,5,28.43167780576509,True
Bhandara_KaremDPP_D (Maharashtra),Savner_Wagodha_D (Maharashtra),Carting,3.036706349206349,108,51.13203393034024,True
Mumbai Hub (Maharashtra),Mumbai_CotnGren_M (Maharashtra),Carting,3.026143790849673,2,12.737821115483786,True
Uchila_Busstand_D (Karnataka),Kundapura_DC (Karnataka),FTL,3.0238095238095237,3,46.13083933623765,True
Tulsipur_Central_DPP_1 (Uttar Pradesh),Gonda_KotwaliN_D (Uttar Pradesh),Carting,3.022497472194136,64,36.538177873550545,True
Baharampur_Chuanpur_I (West Bengal),Domkal_Central_D_2 (West Bengal),Carting,3.018965517241379,26,27.09958989112533,True
Dhulian_RatanDPP_D (West Bengal),Kolkata_Dankuni_HB (West Bengal),FTL,3.011173184357542,20,132.76972554070636,True
Dhanbad_Kalynpur_I (Jharkhand),Jamtara_D (Jharkhand),FTL,3.0107655502392348,22,30.926765170098633,True
Hoskote_DC (Karnataka),Bengaluru_Hoodi_IP (Karnataka),Carting,3.0,14,10.933466650316635,True
Chennai_Potheri (Tamil Nadu),Chennai_Chrompet_DPC (Tamil Nadu),Carting,3.0,25,14.413723090690148,True
Jharsuguda_MbRoad_D (Orissa),Sundargarh_DiyoDPP_D (Orissa),FTL,3.0,2,25.58658840912713,True
Udgir_NlgaonRd_D (Maharashtra),Degloor_Busstand_D (Maharashtra),Carting,3.0,12,32.3554636451537,True
Visakhapatnam_Gajuwaka_IP (Andhra Pradesh),Vizianagaram_NcsRd_DC (Andhra Pradesh),Carting,3.0,11,27.97936433727997,True
Aurangabad_Pratpngr_D (Maharashtra),Aurangabad_Central_H_1 (Maharashtra),Carting,3.0,33,11.008039280936408,True
Pali_Nayagaon_I (Rajasthan),Ajmer_FoySGRRD_I (Rajasthan),Carting,3.0,325,81.5523386412294,True
Amd_Chandkheda_Dc (Gujarat),Ahmedabad_East_H_1 (Gujarat),Carting,3.0,3,21.731146515035466,True
CCU_New Alipore_DPC (West Bengal),Fatepur_NH117_D (West Bengal),Carting,3.0,12,18.97074989763989,True
Chabua_CollgeRD_D (Assam),Tinusukia_Chrwpaty_D (Assam),Carting,3.0,11,18.494234234740468,True
Miryalguda_Ragvendr_D (Telangana),Khammam_NSTRoad_I (Telangana),FTL,3.0,17,66.11686698192429,True
Delhi_Mayapuri_PC (Delhi),Delhi_Todapur_DC (Delhi),Carting,3.0,3,9.034022064702004,True
Delhi_Mayapuri_PC (Delhi),Delhi_Lajwanti (Delhi),Carting,3.0,1,9.460834092477958,True
SultnBthry_Kollgpra_D (Kerala),Mananthavady_Central_D_1 (Kerala),Carting,3.0,4,23.48013728003854,True
Kolkata_TrtllaRD_L (West Bengal),Kolkata_Dankuni_HB (West Bengal),Carting,3.0,27,18.30477693117196,True
Gohana_DvlalDPP_D (Haryana),Sonipat_Kundli_H (Haryana),FTL,2.9885290148448043,6,44.44884893544605,True
Satna_Central_I_2 (Madhya Pradesh),Maihar_MngalDPP_D (Madhya Pradesh),FTL,2.984848484848485,4,28.895227913690803,True
Bengaluru_Bomsndra_HB (Karnataka),Bengaluru_ Kothanur_L (Karnataka),Carting,2.973938223938224,4,22.93374713805773,True
Kolkata_Dankuni_HB (West Bengal),Tarkeshwar_Naraynpr_D (West Bengal),FTL,2.972972972972973,12,36.66855719307569,True
Bantwal_Trmltmpl_D (Karnataka),Dhrmsthala_Beltngdi_D (Karnataka),FTL,2.9714285714285715,2,30.00440084343922,True
Visakhapatnam_Gajuwaka_IP (Andhra Pradesh),Chodavaram_BaljiDPP_D (Andhra Pradesh),Carting,2.97140522875817,4,22.607867188964278,True
BOM_Sakinaka_RP (Maharashtra),LowerParel_CP (Maharashtra),Carting,2.9705882352941178,34,12.356626390767065,True
Paradip_Udyabata_D (Orissa),Kendrpara_Kapleswr_D (Orissa),FTL,2.9696296296296296,4,32.24799347727992,True
Kotdwara_Nzbadrd_D (Uttarakhand),Haridwar (Uttarakhand),FTL,2.966666666666667,29,40.06420551321205,True
Kolkata_Dankuni_HB (West Bengal),Malda_Central_I_3 (West Bengal),FTL,2.9649296790479625,36,144.6045336273591,True
Masaurhi_Blockrd_D (Bihar),Jehanabad_Madarpur_D (Bihar),FTL,2.962121212121212,6,15.615012515495085,True
Delhi_Airport_H (Delhi),OK_RPC (Delhi),Carting,2.9565217391304346,22,18.201554175666473,True
Sonipat_Kundli_H (Haryana),Baghpat_Barout_D (Uttar Pradesh),FTL,2.9545454545454546,1,15.0331255254957,True
Jaynagar_MjlprDPP_D (West Bengal),CCU_New Alipore_DPC (West Bengal),FTL,2.951515151515151,6,30.71446917672332,True
Kolkata_Dankuni_HB (West Bengal),Berhampore_Central_I_2 (West Bengal),FTL,2.9450362822294274,24,99.70253959535412,True
Baharampur_Chuanpur_I (West Bengal),Kolkata_Dankuni_HB (West Bengal),FTL,2.9444444444444446,51,110.02855262396318,True
Mumbai_Kalyan (Maharashtra),Mumbai_East_I_21 (Maharashtra),Carting,2.9444444444444446,12,9.309809786906111,True
Keshiary_MdnprDPP_D (West Bengal),Manglamaro_Bypassrd_D (West Bengal),FTL,2.935483870967742,4,31.554366762136357,True
Gadag_Cdosclrd_D (Karnataka),Hubli_Adargchi_IP (Karnataka),FTL,2.9347826086956523,51,44.30564409585701,True
Purnia_Central_H_2 (Bihar),Saharsa_Gangjala_D (Bihar),FTL,2.933683439179287,28,66.24044374297497,True
SundarNgr_Bhogpur_D (Himachal Pradesh),Mandi_PlaceCol_D (Himachal Pradesh),FTL,2.9333333333333336,16,18.494131791888954,True
Hyd_Trimulgherry_Dc (Telangana),Hyderabad_Alwal_I (Telangana),Carting,2.933333333333333,1,9.18717239229196,True
Parli_JirgeNgr_D (Maharashtra),Ambajogai_BnsllNgr_D (Maharashtra),FTL,2.933333333333333,14,18.056411818258074,True
Ghaziabad_MohanNgr_C (Uttar Pradesh),Noida_Sec 02_DPC (Uttar Pradesh),Carting,2.933333333333333,10,9.695436552424617,True
Shirdi_SaiBansi_D (Maharashtra),Vaijiapur_YeolaRD_D (Maharashtra),Carting,2.928571428571429,4,23.45153159416066,True
Bhind_BhrolDPP_D (Madhya Pradesh),Gwalior_HrihrNgr_I (Madhya Pradesh),FTL,2.9284188034188032,4,55.967036056408396,True
Karimganj_Alngjuri_D (Assam),Badarpur_Konapara_D (Assam),FTL,2.9230769230769234,10,16.79794004825299,True
Jaunpur_Katghara_D (Uttar Pradesh),Jalalpur_Mhimapur_D (Uttar Pradesh),FTL,2.9166666666666665,1,16.184346469885305,True
Kaman_BsstdDPP_D (Rajasthan),FBD_Balabhgarh_DPC (Haryana),Carting,2.9152542372881354,75,55.56915086920503,True
Aurangabad_Central_H_1 (Maharashtra),Aurangabad (Maharashtra),Carting,2.909090909090909,37,10.208879109477865,True
Padrauna_BawliDPPP_D (Uttar Pradesh),Kushinagar_KasyaDPP_D (Uttar Pradesh),FTL,2.909090909090909,1,15.566716416366186,True
FBD_Balabhgarh_DPC (Haryana),Faridabad_Old (Haryana),Carting,2.909090909090909,2,9.901810911132651,True
Rajamundry_AtoNgrRd_I (Andhra Pradesh),Razole_Shanthi_D (Andhra Pradesh),FTL,2.908743169398907,12,44.62275929084345,True
Varanasi_MahmurGj_IP (Uttar Pradesh),Ghazipur_Kaithwal_D (Uttar Pradesh),FTL,2.90625,2,22.354378094826245,True
Jaipur_NgrNigam_DC (Rajasthan),Jaipur_Central_D_1 (Rajasthan),Carting,2.9,2,9.093509630656335,True
SikandraRao_JydevNGR_D (Uttar Pradesh),Etah_CivlLine_D (Uttar Pradesh),Carting,2.9,19,27.015541833168708,True
Mahoba_Mlkpura_D (Uttar Pradesh),Kanpur_Central_H_6 (Uttar Pradesh),FTL,2.895238095238095,39,67.7207874763492,True
Peterbar_GagiDPP_D (Jharkhand),Ranchi_Hub (Jharkhand),Carting,2.8947368421052633,13,18.06238721246114,True
Mumbai_Sanpada_I (Maharashtra),Mumbai_Ghansoli_DC (Maharashtra),Carting,2.8903508771929824,2,14.056352849677221,True
Jaipur (Rajasthan),Jaipur_Central_I_7 (Rajasthan),Carting,2.888888888888889,21,10.116605982553148,True
Hyderabad_Uppal_I (Telangana),Hyderabad_Shamshbd_H (Telangana),Carting,2.888888888888889,27,18.63799320817957,True
Guskhara_Itachnda_D (West Bengal),Bolpur_WebelDPP_D (West Bengal),FTL,2.888888888888889,13,20.86403924997315,True
Visakhapatnam_Gajuwaka_IP (Andhra Pradesh),Visakhapatnam_VislkNgr_DC (Andhra Pradesh),Carting,2.888888888888889,23,15.878824294438282,True
Hooghly_DC (West Bengal),Hoogly_Bandel_D (West Bengal),Carting,2.888888888888889,49,10.055769052949469,True
Kolkata_Dankuni_HB (West Bengal),CCU_DumDum_DPC (West Bengal),Carting,2.886904761904762,38,11.692539782369735,True
Tirumakudalu_Narasipr_D (Karnataka),Mysore_Yadvgiri_IP (Karnataka),FTL,2.8863636363636367,14,25.571404998948857,True
Guwahati_Hub (Assam),Silchar_Sirikona_H (Assam),FTL,2.8846153846153846,91,110.03041218595236,True
Gomoh_KhsmiDPP_D (Jharkhand),Dhanbad_Kalynpur_I (Jharkhand),Carting,2.883116883116883,22,22.165347582879058,True
Pasighat_MissonRd_D (Arunachal Pradesh),Gohpur_Central_D_1 (Assam),FTL,2.883113311331133,10,121.38672527751964,True
Durgapur_Central_I_1 (West Bengal),Mejia_Central_D_1 (West Bengal),FTL,2.879090909090909,8,21.44089131926911,True
Muzaffrpur_Bbganj_I (Bihar),Dholi_WardNo4_D (Bihar),FTL,2.875,39,22.702953648599117,True
Samastipur_Haripur_D (Bihar),HazratJandaha_HajiprRD_D (Bihar),FTL,2.8705882352941177,26,22.372725756535115,True
Gosainganj_Pakrela_D (Uttar Pradesh),Akbarpur_Auliyapr_D (Uttar Pradesh),Carting,2.8666666666666667,45,18.754941465618582,True
Meham_GModDPP_D (Haryana),Hisar_ModelTwn_P (Haryana),FTL,2.8616473616473614,6,44.66207563722324,True
Mokokchung_Central_D_1 (Nagaland),Jorhat_RicMilRd_D (Assam),Carting,2.86046511627907,27,36.76854901993098,True
Hisar_AgrohDPP_D (Haryana),Fatehabad_SirsaDPP_D (Haryana),FTL,2.857142857142857,2,24.16710968506219,True
Panskura_Central_D_3 (West Bengal),Tamluk_Central_DPP_2 (West Bengal),Carting,2.857142857142857,3,27.15976416955997,True
Murshidabad_Sirjudol_D (West Bengal),Lalgola_KrsprDPP_D (West Bengal),Carting,2.857142857142857,44,18.524549605955304,True
Silvassa_Samrvrni_D (Dadra and Nagar Haveli),Vapi_IndEstat_I (Gujarat),Carting,2.8571428571428568,30,12.359798608232499,True
Mysore_Yadvgiri_IP (Karnataka),Malavalli_SulthnRd_D (Karnataka),FTL,2.8541666666666665,3,44.22314273029784,True
Guwahati_Chandmari (Assam),Guwahati_Hub (Assam),Carting,2.853736089030207,6,10.949325456187674,True
PNQ Rahatani DPC (Maharashtra),Pune_North_D_3 (Maharashtra),Carting,2.8529411764705883,4,10.971679845265243,True
Dahod_DC (Gujarat),Jhabua_Ward11_D (Madhya Pradesh),FTL,2.8528138528138527,22,28.55579323850244,True
Varanasi_MahmurGj_IP (Uttar Pradesh),Jaunpur_Katghara_D (Uttar Pradesh),FTL,2.8484848484848486,3,45.27066422221901,True
Simrahi_Bazar_D (Bihar),Araria_Wardn13_D (Bihar),FTL,2.8461538461538463,3,47.36184668644009,True
Coimbatore_Karayam_H (Tamil Nadu),Coonoor_Fairybnk_D (Tamil Nadu),Carting,2.8461538461538463,85,36.058488764707725,True
Delhi_Airport_H (Delhi),Guwahati_Hub (Assam),FTL,2.84535054236484,68,761.5900994389121,True
Rayaparthi_Perkadrd_D (Telangana),Warangal_HunterRd_I (Telangana),FTL,2.84,23,28.90979781001691,True
Jabalpur_Adhartal_IP (Madhya Pradesh),Sihora_KtnRdDPP_D (Madhya Pradesh),FTL,2.8380681818181817,6,26.461376619439662,True
Singrauli_Ward8DPP_D (Madhya Pradesh),Robertsganj_ArtoDPP_D (Uttar Pradesh),FTL,2.8351648351648353,9,46.03577057367169,True
Araria_Wardn13_D (Bihar),Purnia_Central_H_2 (Bihar),FTL,2.8333333333333335,1,25.570198099945245,True
Kushinagar_JiswlDPP_D (Uttar Pradesh),Padrauna_BawliDPPP_D (Uttar Pradesh),FTL,2.833333333333333,4,16.62289956220637,True
Munger_Kaura_D (Bihar),Sultanganj_Wardno3_D (Bihar),FTL,2.8253846153846154,4,25.57538559819746,True
Dhoraji_JmnvadRd_DC (Gujarat),Upleta_AdrshSt_DC (Gujarat),FTL,2.8241758241758244,2,15.668733552267021,True
Delhi_Nangli_IP (Delhi),Gurgaon_Bilaspur_HB (Haryana),Carting,2.823529411764706,15,22.705853630063444,True
Kolkata_Dankuni_HB (West Bengal),CCU_New Alipore_DPC (West Bengal),Carting,2.822478991596639,40,18.714848717581404,True
Nanded_Aswningr_I (Maharashtra),Parbhani_Rjndrngr_D (Maharashtra),Carting,2.8214285714285716,5,37.07380138435139,True
Kanpur_Central_D_5 (Uttar Pradesh),Kanpur_Central_H_6 (Uttar Pradesh),Carting,2.8181818181818183,3,9.76109992163333,True
Raipur_Katora_IP (Chhattisgarh),Raipur_Central_D_5 (Chhattisgarh),Carting,2.8181818181818183,7,9.559305464215988,True
Sonipat_Kundli_H (Haryana),Delhi_Airport_H (Delhi),Carting,2.8173076923076925,30,27.209460360248187,True
Mumbai_Sanpada_I (Maharashtra),Mumbai_Kharghar_D (Maharashtra),Carting,2.8125,24,10.289307394470594,True
Domkal_Central_D_2 (West Bengal),Nazirpur_Central_D_1 (West Bengal),Carting,2.810810810810811,70,27.07722936890466,True
Berhampore_Central_I_2 (West Bengal),Morgram_Kntgorya_D (West Bengal),Carting,2.8079877112135176,44,23.91997546164067,True
Sagardighi_UtBzrDPP_D (West Bengal),Berhampore_Central_I_2 (West Bengal),Carting,2.801282051282051,34,18.769188092991193,True
Karnal (Haryana),Panipat (Haryana),FTL,2.798529411764706,2,30.002140563824767,True
Khammam_NSTRoad_I (Telangana),Tallada_PtrlBunk_D (Telangana),FTL,2.7976190476190474,18,25.124440641067388,True
Hassan_Pandrnga_I (Karnataka),Arsikere_HsnRdDPP_D (Karnataka),FTL,2.796794871794872,6,29.488196224391487,True
Roorkee_IOTCEncl_L (Uttarakhand),Haridwar (Uttarakhand),FTL,2.7956349206349205,4,24.280323639722923,True
Badlapur_Bhaluahi_D (Uttar Pradesh),Jaunpur_Katghara_D (Uttar Pradesh),FTL,2.795138888888889,2,23.646727299986786,True
Medchal_MROoffce_D (Telangana),Hyderabad_Alwal_I (Telangana),Carting,2.793939393939394,12,9.434395664668584,True
Sujangarh_JngidDPP_D (Rajasthan),Jaipur_Hub (Rajasthan),FTL,2.7933732933732935,24,99.49915507137744,True
Hailakandi_kalibari_D (Assam),Karimganj_Alngjuri_D (Assam),FTL,2.7933467741935485,24,23.021040109235244,True
Mumbai Hub (Maharashtra),Mumbai_CottonGreen_DPC (Maharashtra),Carting,2.7928571428571427,108,15.388653251469645,True
Madhepura_Krishnpr_D (Bihar),Triveninganj_Central_D_1 (Bihar),FTL,2.7916666666666665,23,22.14334921142184,True
Buxar_Sarswati_D (Bihar),Dumraon_Nishangr_D (Bihar),FTL,2.7916666666666665,14,16.198832604466872,True
Badkulla_Central_DPP_1 (West Bengal),Ranaghat_ArickDPP_D (West Bengal),FTL,2.789473684210526,1,17.934607448078562,True
Sheohar_Ward9DPP_D (Bihar),Sitamari_Durma_D (Bihar),FTL,2.789473684210526,13,21.06823781252009,True
Malemruvathur_Achipkam_D (Tamil Nadu),Chennai_Chrompet_DPC (Tamil Nadu),Carting,2.788870703764321,104,45.47406107903032,True
Supaul_SadrHsptl_D (Bihar),Saharsa_Gangjala_D (Bihar),FTL,2.787878787878788,16,26.870383344803287,True
Ranchi_Hub (Jharkhand),Guwahati_Hub (Assam),FTL,2.7804878048780486,33,376.2639058919513,True
Vapi_IndEstat_I (Gujarat),Bhiwandi_Mankoli_HB (Maharashtra),FTL,2.778423772609819,42,88.99929337667052,True
Pune_Tathawde_H (Maharashtra),Osmanabad_Kakdepot_D (Maharashtra),FTL,2.766855112259732,12,144.70324739676187,True
Rampur_RoshnBgh_I (Uttar Pradesh),Baheri_HoliCDPP_D (Uttar Pradesh),Carting,2.7636363636363637,5,37.5621858156564,True
Baharampur_Chuanpur_I (West Bengal),Morgram_Kntgorya_D (West Bengal),Carting,2.761904761904762,28,23.41037015729982,True
Rajgurunagar_Chakan_D (Maharashtra),Talegaon_Central_DPP_4 (Maharashtra),Carting,2.761904761904762,8,12.179288090053607,True
Berhampur_Khajuria_I (Orissa),Tangi_SriDPP_D (Orissa),FTL,2.76,5,66.51533961078754,True
Ghanashyampur_NditaDPP_D (West Bengal),Baharampur_Chuanpur_I (West Bengal),Carting,2.7540983606557377,25,27.245785773161067,True
Surat_HUB (Gujarat),Pune_Tathawde_H (Maharashtra),FTL,2.7531645569620253,151,176.389016370678,True
Del_Okhla_PC (Delhi),GZB_Mohan_Nagar_DPC (Uttar Pradesh),Carting,2.753030303030303,20,12.599202320449356,True
Kalka_Pinjore_DC (Haryana),Baddi_ByePass_D (Himachal Pradesh),FTL,2.75,16,17.022234543225895,True
Hospet (Karnataka),Bellary_Dc (Karnataka),FTL,2.7444444444444445,6,45.28573904643914,True
Berhampore_Central_I_2 (West Bengal),Kolkata_Dankuni_HB (West Bengal),FTL,2.7418450560652396,32,99.37449889527876,True
Jaipur_Central_I_7 (Rajasthan),Ambabadi_DC (Rajasthan),Carting,2.739130434782609,55,18.4253627671799,True
Buxar_Sarswati_D (Bihar),Jagdishpur_Wardno13_D (Bihar),FTL,2.7346938775510203,3,44.12761897635679,True
Barhi_Central_DPP_1 (Madhya Pradesh),Jabalpur_Adhartal_IP (Madhya Pradesh),FTL,2.733562035448828,12,78.19089612951095,True
Chidambaram_ARBNorth_DC (Tamil Nadu),Sirkazhi_Pngktgudi_D (Tamil Nadu),FTL,2.7333333333333334,7,19.836867170763323,True
Coimbatore_Karayam_H (Tamil Nadu),Kotagiri_CroslySRT_D (Tamil Nadu),Carting,2.731283422459893,12,32.23835805654374,True
Barjora_Central_DPP_1 (West Bengal),Durgapur_Central_I_1 (West Bengal),Carting,2.7279411764705883,2,11.635477434960354,True
Dharmanagr_Ranakant_D (Tripura),Agartala_Chmpmura_I (Tripura),FTL,2.725806451612903,5,66.49635210714962,True
Asind_BsStdDPP_D (Rajasthan),Bijainagar_Central_DPP_1 (Rajasthan),FTL,2.7222222222222223,10,23.410719303776943,True
Gwalior_HrihrNgr_I (Madhya Pradesh),Datia_TownDPP_D (Madhya Pradesh),FTL,2.719715956558062,4,55.58338159069437,True
Bhadohi_Rajpura_D (Uttar Pradesh),Gopiganj_Wardno13_D (Uttar Pradesh),FTL,2.71875,2,16.869753243580973,True
Vapi_IndEstat_I (Gujarat),Silvassa_Samrvrni_D (Dadra and Nagar Haveli),Carting,2.7142857142857144,34,13.240298990599456,True
Gorakhpur_Matriprm_IP (Uttar Pradesh),Deoria_CCRoad_D (Uttar Pradesh),FTL,2.7117117117117115,48,44.20911930168249,True
Koppa_Sangetha_D (Karnataka),Shimoga_DC (Karnataka),FTL,2.707692307692308,3,46.60606044478055,True
Dhanbad_Kalynpur_I (Jharkhand),Nirsa_ShantiDPP_D (Jharkhand),Carting,2.705769230769231,4,22.677704011736708,True
Bhadrak_Central_I_2 (Orissa),Joda_Central_D_1 (Orissa),FTL,2.7021433850702143,80,94.0030824138191,True
Jagraon_DC (Punjab),Ludhiana_MilrGanj_HB (Punjab),FTL,2.7,3,44.177436475903065,True
Amd_Chandkheda_Dc (Gujarat),Gandhinagar_DC (Gujarat),Carting,2.7,11,9.108757431029405,True
Morgram_Kntgorya_D (West Bengal),Rampurhat_SrifoDPP_D (West Bengal),Carting,2.7,43,18.10696358600915,True
Hoogly_Bandel_D (West Bengal),Kolkata_North_I_4 (West Bengal),Carting,2.7,68,19.091299792991123,True
Mumbai_Sanpada_CP (Maharashtra),Bhiwandi_Mankoli_GW (Maharashtra),Carting,2.6956521739130435,31,18.15864032763937,True
Hyderabad_South_R_11 (Telangana),Hyderabad_Mhdiptnm_C (Telangana),Carting,2.6931818181818183,20,13.230973964290001,True
Hyd_LB-Nagar_Dc (Telangana),Hyderabad_Uppal_I (Telangana),Carting,2.6931818181818183,2,9.786995968492526,True
Pune_Tathawde_H (Maharashtra),Pune_PC (Maharashtra),Carting,2.6923076923076925,35,13.979022398757346,True
Kekri_LxmntDPP_D (Rajasthan),Ajmer_FoySGRRD_I (Rajasthan),FTL,2.6904404404404403,4,55.181952968498834,True
Purnia_Central_H_2 (Bihar),Katihar_Shyndco_D (Bihar),FTL,2.6875,2,21.457344118988964,True
Chincholi_Mainroad_D (Karnataka),Gulbarga_Nehrugnj_I (Karnataka),Carting,2.6842105263157894,83,29.700933840858657,True
Bhopal_Trnsport_H (Madhya Pradesh),Sehore_Mangalam_D (Madhya Pradesh),FTL,2.6827242524916945,42,44.584122453453574,True
Mehkar_SagarDPP_D (Maharashtra),Chikhli_KKndrDPP_D (Maharashtra),FTL,2.680947580645161,4,30.73716925141674,True
Kolasib_Diakkawn_D (Mizoram),Silchar_Sirikona_H (Assam),FTL,2.6717697489283525,4,55.93261014495687,True
Krishnanagar_AnadiDPP_D (West Bengal),Hanskhali_Central_D_1 (West Bengal),FTL,2.6666666666666665,1,15.792106746725327,True
Bihta_ShivNgar_D (Bihar),Arrah_Katira_D (Bihar),FTL,2.6666666666666665,11,19.944286485686277,True
Bangalore_Nelmngla_H (Karnataka),Bengaluru_KHRoad_I (Karnataka),Carting,2.6666666666666665,75,18.70963456645135,True
Pilani (Rajasthan),Rajgarh_SadulDPP_D (Rajasthan),FTL,2.666256157635468,10,29.222923141397036,True
Sangamner_JawanChk_D (Maharashtra),Shirdi_SaiBansi_D (Maharashtra),Carting,2.661111111111111,4,22.882773662872623,True
Bamangola_Central_D_1 (West Bengal),Gangarampr_FulbaDPP_D (West Bengal),Carting,2.659090909090909,9,27.58171008256936,True
Ghanashyampur_NditaDPP_D (West Bengal),Berhampore_Central_I_2 (West Bengal),Carting,2.6587701612903225,52,27.186088175979506,True
Mumbai Hub (Maharashtra),Mumbai_MiraRd_IP (Maharashtra),Carting,2.656862745098039,146,16.51429713454195,True
Udaipur_Mangri_I (Rajasthan),Bhilwara_DC (Rajasthan),FTL,2.6560606060606062,6,77.38726131791526,True
Guwahati_Hub (Assam),Kolkata_Dankuni_HB (West Bengal),FTL,2.6551724137931036,143,286.3189005292567,True
Naharlagun_JmpuCntr_D (Arunachal Pradesh),LakhimpurN_SashPhkn_D (Assam),FTL,2.65359477124183,2,32.58112915514057,True
Hassan_Pandrnga_I (Karnataka),Mangalore_Kuntikna_H (Karnataka),FTL,2.6533333333333333,94,88.89504684282403,True
Jammu_Central_I_1 (Jammu & Kashmir),Akhnoor_ThthiCwk_D (Jammu & Kashmir),Carting,2.6464285714285714,20,18.283564500301893,True
Renwal_ChomuRD_D (Rajasthan),Jaipur_Central_I_7 (Rajasthan),Carting,2.646153846153846,33,37.46668821665736,True
Nalagarh_Central_DPP_2 (Himachal Pradesh),Kalka_Pinjore_DC (Haryana),FTL,2.645833333333333,2,25.5084184249744,True
Forbesganj_JhumanCk_D (Bihar),Simrahi_Bazar_D (Bihar),FTL,2.6441176470588235,2,31.49957136589811,True
Muzaffrpur_Bbganj_I (Bihar),Saraiya_Wardno4_D (Bihar),Carting,2.642857142857143,6,19.805862974507516,True
Mumbai_MhimWest_C (Maharashtra),Mumbai_Chndivli_PC (Maharashtra),Carting,2.641025641025641,22,9.767487021950693,True
Hapur_Swargash_D (Uttar Pradesh),Pilkhuwa_HapurRD_D (Uttar Pradesh),Carting,2.641025641025641,30,11.345702452862742,True
Lucknow_Hub (Uttar Pradesh),Lucknow_Aliganj (Uttar Pradesh),Carting,2.6378205128205128,2,11.25308088360054,True
Hyderabad_Uppal_I (Telangana),Hyderabad_South_D_12 (Telangana),Carting,2.6363636363636362,13,9.208857404153482,True
Vijayawada_Rynapadu_H (Andhra Pradesh),Machilipatnam_DC (Andhra Pradesh),FTL,2.636024572180781,4,54.67571306684761,True
Sagara_Vardhard_D (Karnataka),Bangalore_Nelmngla_H (Karnataka),FTL,2.6357311453298866,12,166.07178217547914,True
Bengaluru_Kadugodi_D (Karnataka),Hoskote_DC (Karnataka),Carting,2.6333333333333333,36,9.572902950832166,True
Haridwar (Uttarakhand),Sonipat_Kundli_H (Haryana),FTL,2.63265306122449,117,88.47036993729809,True
Chennai_Vepmpttu_DC (Tamil Nadu),Chennai_Porur_DPC (Tamil Nadu),Carting,2.6294117647058823,8,11.313270095640114,True
Cuttack_SliprDPP_DC (Orissa),Bhubaneshwar_Hub (Orissa),FTL,2.629032258064516,2,25.76492507985536,True
Parwanoo_Central_D_1 (Himachal Pradesh),Baddi_ByePass_D (Himachal Pradesh),FTL,2.628571428571429,2,17.702536055220563,True
Miryalguda_Ragvendr_D (Telangana),Kodad_VidyaNgr_D (Telangana),FTL,2.6285714285714286,3,44.048701639126016,True
Bhiwadi DC (Rajasthan),Narnaul_DC (Haryana),FTL,2.6279178338001867,8,56.3374812398427,True
Sivasagar_Babupaty_D (Assam),Sonari_Central_DPP_1 (Assam),Carting,2.625874125874126,10,27.364294605212244,True
Jaipur_Central_D_10 (Rajasthan),Jaipur_Central_I_7 (Rajasthan),Carting,2.625,2,11.999246556234763,True
LowerParel_CP (Maharashtra),Mumbai_Chndivli_PC (Maharashtra),Carting,2.625,105,13.52294818488325,True
Delhi_Airport_H (Delhi),Delhi_Lajpat_IP (Delhi),Carting,2.6243478260869564,36,18.058263463343913,True
Salempur_Banjaria_D (Uttar Pradesh),Kushinagar_JiswlDPP_D (Uttar Pradesh),FTL,2.6222222222222222,6,44.201690328998644,True
Valsad_DC (Gujarat),Surat_Central_I_4 (Gujarat),Carting,2.6211272863008586,36,38.05628803677949,True
Meham_GModDPP_D (Haryana),Hisar_IndstlAr_I (Haryana),FTL,2.6171171171171173,6,44.60652353994644,True
Hyderabad_PndrgNgr_DC (Telangana),Hyderabad_Chikdply_I (Telangana),Carting,2.6166666666666667,4,9.178453020970425,True
Jalandhar_DPC (Punjab),Chandigarh_Mehmdpur_H (Punjab),FTL,2.6161971830985915,4,56.00037120462716,True
Raxaul_KairiyaT_D (Bihar),Muzaffrpur_Bbganj_I (Bihar),FTL,2.6153846153846154,99,67.19319775030164,True
AhmedNagar_DC (Maharashtra),Pune_Tathawde_H (Maharashtra),FTL,2.6113046844754164,6,79.09011804060816,True
Hajipur_ThaneDPP_D (Bihar),Dighwara_SadarHPL_D (Bihar),FTL,2.611111111111111,1,17.087251342517806,True
Hailakandi_kalibari_D (Assam),Badarpur_Konapara_D (Assam),FTL,2.611111111111111,1,18.54628188508884,True
Rajamundry_AtoNgrRd_I (Andhra Pradesh),Kakinada_DC (Andhra Pradesh),FTL,2.610169491525424,6,44.286403079052334,True
Kolkata_Dankuni_HB (West Bengal),Baharampur_Chuanpur_I (West Bengal),FTL,2.6090706589307917,64,100.16196359616283,True
Kendrpara_Kapleswr_D (Orissa),Cuttack_SliprDPP_DC (Orissa),FTL,2.606060606060606,2,35.42136968639208,True
Jalgaon_DC (Maharashtra),Bhusawal_Samarth_D (Maharashtra),Carting,2.5999999999999996,24,18.578982417539386,True
Durgapur_Central_I_1 (West Bengal),Hura_Central_D_1 (West Bengal),FTL,2.598916408668731,8,55.23892009389171,True
Puranpur_MdothdRD_D (Uttar Pradesh),Rampur_RoshnBgh_I (Uttar Pradesh),Carting,2.5966202270381835,40,63.384302567129296,True
Dhekiajuli_Wardno5_D (Assam),Tezpur_Mhbhirab_D (Assam),FTL,2.595,4,28.60156030548979,True
Ambajogai_BnsllNgr_D (Maharashtra),Pune_Tathawde_H (Maharashtra),FTL,2.5931988742964354,152,156.15157402131777,True
Shirpur_KrantiNgr_D (Maharashtra),Dhule_MIDCAvdn_I (Maharashtra),FTL,2.5925925925925926,5,45.0921391172678,True
Sankaramangalam_Central_D_1 (Kerala),Shoranur_KdrShrRd_D (Kerala),Carting,2.591666666666667,28,10.333149894363434,True
Narpatganj_Central_DPP_1 (Bihar),Purnia_Central_H_2 (Bihar),FTL,2.591666666666667,4,55.575661774104816,True
Chetpet_Blmrgnst_D (Tamil Nadu),Vellore_GndhiNgr_IP (Tamil Nadu),FTL,2.590909090909091,39,44.76988601899653,True
Sambalpur_Central_H_2 (Orissa),Bargarh_JJCpxDPP_D (Orissa),FTL,2.59047619047619,4,31.180777318869445,True
Tuni_Eaglvari_D (Andhra Pradesh),Mandapeta_Mainrd_D (Andhra Pradesh),FTL,2.5892339544513456,4,55.92268320536061,True
Tezpur_Mhbhirab_D (Assam),Itanagar_WageDPP_D (Arunachal Pradesh),FTL,2.588235294117647,15,66.53742441418456,True
Sirsa_AnprnDPP_D (Haryana),Hisar_IndstlAr_I (Haryana),FTL,2.5871559633027523,7,88.2639154873221,True
Anupshahar_DcntCLY_D (Uttar Pradesh),Noida_Sec 02_DPC (Uttar Pradesh),FTL,2.586031452358927,96,67.06375957427316,True
CCU_Beliaghata_DPC (West Bengal),Kolkata_Dankuni_HB (West Bengal),Carting,2.585714285714286,38,12.295794303135805,True
Silchar_Sirikona_H (Assam),Hailakandi_kalibari_D (Assam),FTL,2.5852272727272725,16,21.477013763957615,True
Bhopal_Kolar Mandakni (Madhya Pradesh),Bhopal_Trnsport_H (Madhya Pradesh),Carting,2.5833333333333335,25,9.631265232259784,True
Mangaldoi_LNBRoad_D (Assam),Dhekiajuli_Wardno5_D (Assam),FTL,2.5833333333333335,9,44.43623513204181,True
Najibabad_KotdwrRD_D (Uttar Pradesh),Dhampur_NaginaRD_D (Uttar Pradesh),FTL,2.5789473684210527,22,29.683628678915554,True
Kolkata_Dankuni_HB (West Bengal),Guwahati_Hub (Assam),FTL,2.5789473684210527,203,286.59195816093194,True
Khanakul_Ramnagar_D (West Bengal),Kamarpukur_ChatiDPP_D (West Bengal),FTL,2.5783625730994153,2,27.917606969080097,True
Mainpuri_Agraroad_I (Uttar Pradesh),Farrukhbad_Pnchlght_D (Uttar Pradesh),FTL,2.577777777777778,3,44.592840100949296,True
Raver_Truptingr_D (Maharashtra),Burhanpur_StRoad_D (Madhya Pradesh),Carting,2.5753676470588234,48,18.600482789208293,True
Sandur_WrdN1DPP_D (Karnataka),Bellary_Dc (Karnataka),FTL,2.5735294117647056,16,23.11940886241903,True
Sonepur_Sabalpur_D (Bihar),Dighwara_SadarHPL_D (Bihar),FTL,2.572222222222222,2,17.29672808751998,True
Kanpur_Central_H_6 (Uttar Pradesh),Akbarpur_NehruNGR_D (Uttar Pradesh),FTL,2.5714285714285716,13,19.741328825373618,True
Gandhinagar_Kalol_DC (Gujarat),Ahmedabad_East_H_1 (Gujarat),Carting,2.569871794871795,66,27.627240827783005,True
Bellmpalli_BasthDPP_D (Telangana),Asifabad_PaikjNGR_D (Telangana),FTL,2.5695652173913044,4,28.517613350458042,True
Noida_Surajpur_DC (Uttar Pradesh),Noida_Sec 02_DPC (Uttar Pradesh),Carting,2.5618421052631577,16,11.20708194488001,True
Srikakulam_Kuslpram_I (Andhra Pradesh),Tekkali_AmvdiDPP_D (Andhra Pradesh),FTL,2.5609756097560976,3,44.64527261989892,True
Parner_Hindcwk_D (Maharashtra),Pune_Tathawde_H (Maharashtra),FTL,2.560895756940807,8,56.12080901928542,True
Plassey_BtaiRoad_D (West Bengal),Berhampore_Central_I_2 (West Bengal),Carting,2.5603864734299515,64,27.95597191529921,True
Bilaspur_Torwa_DC (Chhattisgarh),Champa_Brplicwk_D (Chhattisgarh),FTL,2.558139534883721,3,45.448984608195815,True
Jayamkondan_Chithbrm_D (Tamil Nadu),Lalpet_PriyrNGR_D (Tamil Nadu),FTL,2.5555555555555554,10,20.15902951471233,True
Plassey_BtaiRoad_D (West Bengal),Baharampur_Chuanpur_I (West Bengal),Carting,2.5539772727272725,36,27.671165013216626,True
Mumbai_Jogshwri_I (Maharashtra),Bhiwandi_Mankoli_HB (Maharashtra),Carting,2.548872180451128,64,18.2636241420472,True
Guwahati_Hub (Assam),Jorhat_RicMilRd_D (Assam),FTL,2.5484329929055898,24,144.36515146904247,True
Jamshedpur_Central_I_3 (Jharkhand),Ranchi_Hub (Jharkhand),FTL,2.547169811320755,105,66.49930771490547,True
Sambalpur_Central_H_2 (Orissa),Bargarh_GurpdDPP_D (Orissa),FTL,2.546875,2,29.57401569677046,True
Khammam_NSTRoad_I (Telangana),Nalgonda_HydRoad_DC (Telangana),FTL,2.546666666666667,5,69.36298156683618,True
Dibrugarh_Bokule_H (Assam),Tinusukia_Chrwpaty_D (Assam),Carting,2.5454545454545454,5,28.17734360631908,True
Nagapttinm_Sttyapar_D (Tamil Nadu),Thiruvarur_Bypasrd_D (Tamil Nadu),FTL,2.5441176470588234,12,21.62356884950558,True
Hapur_Swargash_D (Uttar Pradesh),GZB_Mohan_Nagar_DPC (Uttar Pradesh),Carting,2.541666666666667,10,27.053943009271244,True
Barh_Malahi_D (Bihar),Bakhtiarpur_BypassRD_D (Bihar),FTL,2.5384615384615383,4,33.244311329214284,True
Sawantwadi_LaxmiNgr_D (Maharashtra),Kankavali_NrdawDPP_D (Maharashtra),FTL,2.5375,12,37.33519064126958,True
Palakollu_CroadDPP_D (Andhra Pradesh),Rajamundry_AtoNgrRd_I (Andhra Pradesh),FTL,2.534344335414808,12,44.22276842463265,True
BilaspurHP_Indsarea_D (Himachal Pradesh),SundarNgr_Bhogpur_D (Himachal Pradesh),FTL,2.5284900284900287,16,21.503290739730907,True
Amreli_Rajula_DC (Gujarat),Bhavnagar_Mahuva_DC (Gujarat),FTL,2.5277777777777777,22,28.518436841444313,True
Hisar_IndstlAr_I (Haryana),Nohar_Central_DPP_2 (Rajasthan),FTL,2.5274725274725274,5,66.1911829848825,True
Sagardighi_UtBzrDPP_D (West Bengal),Baharampur_Chuanpur_I (West Bengal),Carting,2.526315789473684,17,19.27849321734806,True
Murbad_SnkunDPP_D (Maharashtra),Asangaon_Shahapur_D (Maharashtra),Carting,2.526315789473684,27,20.143723052304,True
Chennai_Madhavaram_DPC (Tamil Nadu),Chennai_Hub (Tamil Nadu),Carting,2.526315789473684,31,14.00618977772051,True
Gotan_DKLogDPP_D (Rajasthan),Jaipur_Hub (Rajasthan),FTL,2.5259216589861753,50,122.54444654021606,True
Sahatwar_PnchmDPP_D (Uttar Pradesh),Bariya_BgnprDPP_D (Uttar Pradesh),FTL,2.5238095238095237,5,21.286216488665502,True
Pilkhuwa_HapurRD_D (Uttar Pradesh),GZB_Mohan_Nagar_DPC (Uttar Pradesh),Carting,2.519230769230769,52,22.853064141020546,True
Malda_krshnPly_DC (West Bengal),Bamangola_Central_D_1 (West Bengal),FTL,2.518378378378378,4,24.65307029267811,True
Tikamgarh_MndiRoad_D (Madhya Pradesh),Satna_Central_I_2 (Madhya Pradesh),FTL,2.517857142857143,153,132.44227741004298,True
Mangalore_Kuntikna_H (Karnataka),Surathkal_DC (Karnataka),FTL,2.5175438596491224,2,18.88269173611856,True
Durgapur_Central_I_1 (West Bengal),Rghunthpur_barkarRd_D (West Bengal),FTL,2.5142857142857142,3,63.54820693064498,True
Bina_Srvdycwk_D (Madhya Pradesh),Khurai_Talaiya_D (Madhya Pradesh),FTL,2.5142857142857142,2,18.926703881997753,True
Hyderabad_Uppal_L (Telangana),Hyderabad_Shamshbd_H (Telangana),Carting,2.5108695652173916,26,18.865730791312593,True
Gonda_KotwaliN_D (Uttar Pradesh),Balrampur_PBRDDPP_D (Uttar Pradesh),Carting,2.5098814229249014,24,27.421619043008363,True
Surat_HUB (Gujarat),Bhiwandi_Mankoli_HB (Maharashtra),FTL,2.5074661773172133,28,132.82893685568712,True
Kolhapur_Shivaji_I (Maharashtra),Ratnagiri_MjgaonRd_D (Maharashtra),FTL,2.5060975609756095,48,66.38115850697407,True
Lalitpur_RjghatRd_D (Uttar Pradesh),Gwalior_HrihrNgr_I (Madhya Pradesh),FTL,2.5048076923076925,1,172.55252215788963,True
Lonavala_NngrgnRd_D (Maharashtra),Bhiwandi_Mankoli_HB (Maharashtra),FTL,2.503731343283582,32,55.81092618350377,True
HanumanJNC_VijywdRD_D (Andhra Pradesh),Kaikaluru_Atapaka_D (Andhra Pradesh),FTL,2.5,8,25.47234277766793,True
Mumbai_Vasai_CP (Maharashtra),Mumbai_MiraRd_IP (Maharashtra),Carting,2.5,25,15.3266370789977,True
Saraiya_Wardno4_D (Bihar),Muzaffrpur_Bbganj_I (Bihar),Carting,2.5,30,21.095497078559006,True
Varanasi_Central_H_4 (Uttar Pradesh),Azamgarh_ChtwrDPP_D (Uttar Pradesh),FTL,2.5,7,44.13813677294215,True
Kothanalloor_Majoor_D (Kerala),Vaikom_KotyamRD_D (Kerala),FTL,2.5,1,15.603860882767044,True
Berhampur_Khajuria_I (Orissa),Berhampur_Chatrpr_DC (Orissa),FTL,2.5,1,19.978603297084344,True
Itahar_NatunDPP_D (West Bengal),Kaliyaganj_Central_DPP_1 (West Bengal),Carting,2.4992248062015503,8,22.983487389558576,True
Hathras (Uttar Pradesh),Aligarh_KhirByps_I (Uttar Pradesh),FTL,2.4962518740629687,4,28.189453822845998,True
Ratnagiri_MjgaonRd_D (Maharashtra),Shirala_Central_DPP_3 (Maharashtra),FTL,2.4959904959904957,32,66.04223585762035,True
Margherita_CivilHPL_D (Assam),Dibrugarh_Bokule_H (Assam),Carting,2.493243243243243,98,36.6118636716939,True
Bhopal_Trnsport_H (Madhya Pradesh),Hoshangabad_MnRDDPP_D (Madhya Pradesh),FTL,2.4883412824589293,14,44.35502388964754,True
Chiplun_LxmiNiws_D (Maharashtra),Khed_Mahad_D (Maharashtra),FTL,2.488095238095238,32,24.775618951828164,True
Vuyyuru_BhogdDPP_D (Andhra Pradesh),Vijayawada_Rynapadu_H (Andhra Pradesh),FTL,2.4872727272727273,2,24.953276161980178,True
Balasore_Ganeshwr_D (Orissa),Baripada_KalikDPP_D (Orissa),FTL,2.484848484848485,3,45.10332139580491,True
Bhiwandi_Mankoli_HB (Maharashtra),Murbad_SnkunDPP_D (Maharashtra),Carting,2.4838709677419355,49,27.43522050898308,True
Merta_Central_DPP_1 (Rajasthan),Ajmer_FoySGRRD_I (Rajasthan),FTL,2.4825581395348837,42,44.429769917860014,True
Delhi_Airport_H (Delhi),NOI_RPC (Delhi),Carting,2.4814814814814814,9,18.291030638423933,True
Mumbai_CottonGreen_DPC (Maharashtra),Mumbai Hub (Maharashtra),Carting,2.480769230769231,62,15.097173509317665,True
Gangavathi_PhrmPlza_D (Karnataka),Hospet (Karnataka),Carting,2.48,3,18.588622727180464,True
Gola_BkgnRoad_D (Uttar Pradesh),Dhaurahara_TahsilRD_D (Uttar Pradesh),FTL,2.4782608695652173,63,44.83797833694236,True
Chennai_Vepmpttu_DC (Tamil Nadu),Chennai_Thiruvlr_DC (Tamil Nadu),Carting,2.4772727272727275,18,12.839076525519754,True
Dinhata_WrdN4DPP_D (West Bengal),Pundibari_StatonRD_D (West Bengal),FTL,2.4768421052631577,10,26.438653894296458,True
Jiyanpur_Central_DPP_1 (Uttar Pradesh),Chiraiyakot_KamalDPP_D (Uttar Pradesh),FTL,2.474903474903475,2,25.75525757735829,True
GreaterThane_Anjur_C (Maharashtra),Mumbai Hub (Maharashtra),Carting,2.473684210526316,48,18.37957042699854,True
Hyderabad_Chikdply_C (Telangana),Hyderabad_Shamshbd_P (Telangana),Carting,2.473684210526316,93,18.46424004031375,True
Bantwal_Trmltmpl_D (Karnataka),Puttur_Darbe_DC (Karnataka),FTL,2.473684210526316,8,22.52120746594217,True
Sitarganj_SidculRd_D (Uttarakhand),Rudrapur_UdhamNgr_H (Uttarakhand),FTL,2.472560975609756,2,26.558036767077397,True
Vadnagar_BsstdDPP_D (Gujarat),Mehsana_Panchot_IP (Gujarat),FTL,2.4712482468443198,2,26.848526209896423,True
Surat_Central_I_4 (Gujarat),Surat_Central_D_3 (Gujarat),Carting,2.4705882352941178,33,13.189923697974947,True
Barpeta_ShivBari_D (Assam),Bongaigaon_Chpaguri_D (Assam),FTL,2.4680272108843537,24,44.524718357355496,True
Margherita_CivilHPL_D (Assam),Jairampur_Mdiclcly_D (Arunachal Pradesh),Carting,2.466666666666667,43,19.18566797788744,True
Guwahati_Jalukbari (Assam),Hajo_Sardala_D (Assam),Carting,2.4642857142857144,8,12.66578787038775,True
Jetpur_DC (Gujarat),Dhoraji_JmnvadRd_DC (Gujarat),FTL,2.4615384615384617,1,15.679869604610314,True
Bengaluru_Bagaluru_D (Karnataka),HBR Layout PC (Karnataka),Carting,2.4615384615384617,81,10.790668602211309,True
Panagarh_Central_D_1 (West Bengal),Guskhara_Itachnda_D (West Bengal),FTL,2.46,34,28.329788239616583,True
Bahadurgarh_DC (Haryana),Sonipat_Central_D_2 (Haryana),FTL,2.4585166561910747,6,23.80745086340177,True
Bhiwandi_Mankoli_HB (Maharashtra),Mumbai_Bhandup West_Dc (Maharashtra),Carting,2.4580419580419584,2,11.787206159458602,True
Baharampur_Chuanpur_I (West Bengal),Chapra_NagarDPP_D (West Bengal),Carting,2.4572772406584793,10,49.557804770363475,True
Eluru_Agraharm_DC (Andhra Pradesh),Vijayawada_Rynapadu_H (Andhra Pradesh),FTL,2.4571428571428573,3,44.15042022846783,True
Ooty_Davisdle_D (Tamil Nadu),Gudalur_kalmpuza_D (Tamil Nadu),Carting,2.45628078817734,18,18.32680653178587,True
Mumbai_MiraRd_IP (Maharashtra),Mumbai Hub (Maharashtra),Carting,2.4555555555555557,40,16.338118297452002,True
Mundakayam_Central_D_1 (Kerala),Parakkdavu_KeRoad_D (Kerala),Carting,2.4555555555555557,2,9.975245065758912,True
Sonepur_BrezeDPP_D (Orissa),Balangir_Rjndpara_D (Orissa),Carting,2.4549632352941178,6,35.47232628428502,True
DoomDooma_Pthrgoan_D (Assam),Dibrugarh_Bokule_H (Assam),Carting,2.4523809523809526,7,36.26018608314222,True
Anantapur_KamaStrt_I (Andhra Pradesh),Guntakal_Verpatem_D (Andhra Pradesh),FTL,2.4520833333333334,6,44.8788265520387,True
Bhiwandi_Mankoli_HB (Maharashtra),Mumbai_CotnGren_M (Maharashtra),Carting,2.44949494949495,138,27.474314617575402,True
Dhanbad_Central_D_4 (Jharkhand),Dhanbad_Jharia_DC (Jharkhand),Carting,2.4444444444444446,3,9.300063808812832,True
Ambegaon_Manchar_D (Maharashtra),Rajgurunagar_Chakan_D (Maharashtra),Carting,2.4444444444444446,5,20.493439115199116,True
Gorakhpur_Matriprm_IP (Uttar Pradesh),Kanpur_Central_H_6 (Uttar Pradesh),FTL,2.4444444444444446,45,178.28659629942902,True
Bhiwandi_Mankoli_HB (Maharashtra),Mumbai_MiraRd_IP (Maharashtra),Carting,2.4444444444444446,144,15.955873039368418,True
Asangaon_Shahapur_D (Maharashtra),Bhiwandi_Mankoli_HB (Maharashtra),Carting,2.4444444444444446,49,28.207899645558832,True
Nagpur_Gondkhry_H (Maharashtra),Nagpur_Jaripatk_DC (Maharashtra),Carting,2.4444444444444446,3,18.171648385935963,True
Hyderabad_Shamshbd_H (Telangana),Hyderabad_Uppal_L (Telangana),Carting,2.443548387096774,18,18.58069542461467,True
Gokak_Bsavangr_D (Karnataka),Hubli_Adargchi_IP (Karnataka),FTL,2.441492123939761,20,66.55564843794309,True
Shirur_Central_DPP_3 (Maharashtra),Pune_Tathawde_H (Maharashtra),FTL,2.4412698412698415,8,56.91519913588817,True
Sikar_FatehpRd_I (Rajasthan),Pilani (Rajasthan),FTL,2.4404255319148938,10,66.71256759715672,True
Varanasi_Central_H_4 (Uttar Pradesh),Jalalpur_Mhimapur_D (Uttar Pradesh),FTL,2.4375,1,22.098654063973747,True
Godda_PushPlza_D (Jharkhand),Sahebganj_BaraLoha_D (Jharkhand),FTL,2.4375,3,44.4320769452606,True
Ahmedabad_East_H_1 (Gujarat),AMD_Satellite (Gujarat),Carting,2.4365079365079367,64,11.78333806062035,True
Guwahati_Hub (Assam),Gohpur_Central_D_1 (Assam),FTL,2.4340528660886322,8,131.75400559217496,True
Rudrapur_UdhamNgr_H (Uttarakhand),Kashipur_BajprDPP_D (Uttarakhand),FTL,2.4299450549450547,2,28.10299096963078,True
Berhampore_Central_I_2 (West Bengal),Domkal_Central_D_2 (West Bengal),Carting,2.4285714285714284,46,24.35221670893133,True
Mainpuri_Agraroad_I (Uttar Pradesh),Delhi_Airport_H (Delhi),FTL,2.4285714285714284,11,135.50820464024122,True
Bolpur_WebelDPP_D (West Bengal),Nanoor_Central_DPP_1 (West Bengal),FTL,2.4285714285714284,13,17.88520641765482,True
Guwahati_Hub (Assam),Delhi_Airport_H (Delhi),FTL,2.4273858921161824,1127,751.321709559733,True
KharagpurBR_Central_DPP_1 (Bihar),Munger_Kaura_D (Bihar),FTL,2.425,2,25.38767516705968,True
Jalalabad_farukngr_D (Uttar Pradesh),Aliganj_KaimgnjRD_D (Uttar Pradesh),FTL,2.422222222222222,15,44.25568473358126,True
Anantapur_KamaStrt_I (Andhra Pradesh),Tadipatri_CBRoad_D (Andhra Pradesh),FTL,2.419642857142857,6,44.64921191454525,True
Mumbai_MiraRd_IP (Maharashtra),Mumbai_Virar_DC (Maharashtra),Carting,2.4194139194139197,2,13.752987001964357,True
Loharu_BstndDPP_D (Haryana),ChrkhiDdri_PuranDPP_D (Haryana),FTL,2.41875,8,43.814678599881844,True
Vapi_IndEstat_I (Gujarat),Surat_HUB (Gujarat),FTL,2.418657937806874,4,56.42951585372873,True
Katihar_Central_D_2 (Bihar),Naugchia_Vijayght_D (Bihar),FTL,2.4166666666666665,15,44.42298901023848,True
Sheikhpura_Bgwtichk_D (Bihar),Bakhtiarpur_BypassRD_D (Bihar),FTL,2.4151107251411204,6,44.4118206542186,True
Dibrugarh_Bokule_H (Assam),Digboi_JyotiNgr_D (Assam),Carting,2.4150943396226414,89,36.74021408567327,True
Ongole_SubhVRTL_I (Andhra Pradesh),Markapur_VidyaNgr_D (Andhra Pradesh),FTL,2.413114754098361,4,55.78508929041011,True
Alwar_Central_I_1 (Rajasthan),Jaipur_Hub (Rajasthan),FTL,2.4130434782608696,11,88.6264583395847,True
Chapra_NagarDPP_D (West Bengal),Nakashipara_MaxDPP_D (West Bengal),Carting,2.411255411255411,52,18.970741328713043,True
Kashipur_BajprDPP_D (Uttarakhand),Kashipur_Vaishali_D (Uttarakhand),FTL,2.409090909090909,1,19.24518229605243,True
Dhanbad_Kalynpur_I (Jharkhand),Dhanbad_Jharia_DC (Jharkhand),Carting,2.409090909090909,4,9.929822539956504,True
Vizag_Gajuwaka_L (Andhra Pradesh),Hyderabad_Shamshbd_H (Telangana),FTL,2.407166123778502,23,287.5547616161202,True
Jaipur_Hub (Rajasthan),Reengus_Shop2DPP_D (Rajasthan),FTL,2.406896551724138,4,55.08874847753589,True
Bengaluru_KGAirprt_HB (Karnataka),Bengaluru_Bomsndra_HB (Karnataka),Carting,2.4058823529411764,418,27.530000152879317,True
Tirupati_Balajicly_I (Andhra Pradesh),Sriklahsti_SDKNgr_D (Andhra Pradesh),FTL,2.4058823529411764,32,28.727068440401162,True
Gwalior_HrihrNgr_I (Madhya Pradesh),Ambah_MrenTirh_D (Madhya Pradesh),FTL,2.4038461538461537,23,44.27003834315438,True
Khurdha_JatniDPP_D (Orissa),Bhubaneshwar_Hub (Orissa),Carting,2.4,6,19.22213804551168,True
Singrauli_Waidhan_D (Madhya Pradesh),Singrauli_Ward8DPP_D (Madhya Pradesh),FTL,2.4,7,15.324311091737494,True
Mumbai_East_I_21 (Maharashtra),Mumbai_Mumbra_DC (Maharashtra),Carting,2.4,23,9.203696800058172,True
Mumbai_Vasai_CP (Maharashtra),Bhiwandi_Mankoli_HB (Maharashtra),Carting,2.4,3,19.389003544623883,True
Bhiwandi_Mankoli_HB (Maharashtra),Mumbai_Tejpal_I (Maharashtra),Carting,2.4,101,19.136298734335107,True
Chandigarh_Mehmdpur_H (Punjab),BilaspurHP_Indsarea_D (Himachal Pradesh),FTL,2.3985826001955033,76,66.32303214026973,True
Kaikaluru_Atapaka_D (Andhra Pradesh),Vijayawada_Rynapadu_H (Andhra Pradesh),FTL,2.398529411764706,48,55.78305683888743,True
Kanpur_Rawatpur_D (Uttar Pradesh),Kanpur_Central_H_6 (Uttar Pradesh),Carting,2.3977272727272725,6,10.993503987247738,True
Manglamaro_Bypassrd_D (West Bengal),Contai_Kanakpur_D (West Bengal),FTL,2.3966666666666665,4,28.516745463099987,True
Bhiwandi_Mankoli_HB (Maharashtra),Akola_Gaurkshn_I (Maharashtra),FTL,2.3955223880597014,419,242.4823204429943,True
Davangere_Central_I_1 (Karnataka),Haveri_GuttalRD_D (Karnataka),Carting,2.3952119309262168,8,40.69250411088517,True
Mumbai_MiraRoad_M (Maharashtra),Bhiwandi_Mankoli_HB (Maharashtra),Carting,2.3944444444444444,40,15.660550779733237,True
Kanpur_Central_H_6 (Uttar Pradesh),Agra_Idgah_P (Uttar Pradesh),FTL,2.3941176470588235,99,133.2201716843083,True
Bijapur_KirtiNgr_D (Karnataka),Jath_Shivprsad_D (Maharashtra),FTL,2.3940217391304346,12,45.028131023479474,True
Chennai_Chrompet_DPC (Tamil Nadu),Chennai_Chnglptu_DC (Tamil Nadu),Carting,2.3918269230769234,48,23.450905285046147,True
Solapur_Central_I_2 (Maharashtra),Bhiwandi_Mankoli_HB (Maharashtra),FTL,2.391304347826087,139,198.86195966756617,True
Chandigarh_Mehmdpur_H (Punjab),Solan_MohanPrk_D (Himachal Pradesh),FTL,2.3904761904761904,56,44.87530630422667,True
Shirpur_KrantiNgr_D (Maharashtra),Shahada_Nandrbar_D (Maharashtra),FTL,2.3902439024390243,3,44.14927102356603,True
Paota_SmClyDPP_D (Rajasthan),Jaipur_Hub (Rajasthan),FTL,2.3902439024390243,7,45.15917419007567,True
Abohar_DC (Punjab),Muktsar_DPC (Punjab),FTL,2.3902439024390243,3,44.43081494532639,True
Thrissur_Poothole_D (Kerala),Vadakkencherry_Robinson_D (Kerala),FTL,2.389676113360324,22,29.811550356695484,True
Kolkata_Dankuni_HB (West Bengal),Bongaon_SukntDPP_D (West Bengal),FTL,2.3885918003565063,20,56.20451258021674,True
Mumbai_CotnGren_M (Maharashtra),Bhiwandi_Mankoli_HB (Maharashtra),Carting,2.3875,72,27.147660501012773,True
Ashta_ShantiNg_D (Madhya Pradesh),Bhopal_Trnsport_H (Madhya Pradesh),FTL,2.3857142857142857,43,66.27554808926509,True
FBD_Balabhgarh_DPC (Haryana),Delhi_Airport_H (Delhi),Carting,2.3846153846153846,107,18.16640591800053,True
Delhi_Rohini_DPC (Delhi),Gurgaon_Bilaspur_HB (Haryana),Carting,2.3846153846153846,41,37.03311993037767,True
Kamareddy_Devenply_I (Telangana),Hyderabad_Shamshbd_H (Telangana),FTL,2.3838383838383836,75,88.01931992091409,True
Chandigarh_Mehmdpur_H (Punjab),Chandigarh (Chandigarh),Carting,2.3823529411764706,4,23.229762096494042,True
Bhiwandi_Mankoli_HB (Maharashtra),Mumbai_CottonGreen_DPC (Maharashtra),Carting,2.381048387096774,202,27.474472300007598,True
Pune_North_D_3 (Maharashtra),PNQ Rahatani DPC (Maharashtra),Carting,2.376470588235294,66,11.05184610902647,True
Khonsa_Central_D_1 (Arunachal Pradesh),Dibrugarh_Bokule_H (Assam),Carting,2.375,83,45.69594280321443,True
Nakashipara_MaxDPP_D (West Bengal),Plassey_BtaiRoad_D (West Bengal),Carting,2.375,60,19.002622382964525,True
Pazhayannur_AlathurRD_D (Kerala),Aluva_Peedika_H (Kerala),Carting,2.375,29,36.418436921223964,True
CCU_Lake Avenue_DPC (West Bengal),Kolkata_Dankuni_HB (West Bengal),Carting,2.375,7,18.49756694232147,True
Visakhapatnam_VislkNgr_DC (Andhra Pradesh),Visakhapatnam_Gajuwaka_IP (Andhra Pradesh),Carting,2.375,1,9.08758807745549,True
Amalapuram_Vijdurg_D (Andhra Pradesh),Razole_Shanthi_D (Andhra Pradesh),FTL,2.373809523809524,2,19.814228807378015,True
Bengaluru_Bomsndra_HB (Karnataka),Bengaluru_Banshkri_DC (Karnataka),Carting,2.372549019607843,32,13.795572596599387,True
Hyderabad_Shamshbd_H (Telangana),Rajamundry_AtoNgrRd_I (Andhra Pradesh),FTL,2.3710393700787398,204,198.94358436296392,True
Rewa_Dc (Madhya Pradesh),Churhat_Central_DPP_1 (Madhya Pradesh),FTL,2.370144284128746,4,31.975221871177304,True
Bhopal_Trnsport_H (Madhya Pradesh),Jabalpur_Adhartal_IP (Madhya Pradesh),FTL,2.369178487758412,94,154.25348668853576,True
Gooty_StatonRd_D (Andhra Pradesh),Guntakal_Verpatem_D (Andhra Pradesh),FTL,2.3684210526315788,33,22.795682306787068,True
Bhiwandi_Mankoli_HB (Maharashtra),Mumbai_Tejpal_M (Maharashtra),Carting,2.3684210526315788,79,19.09820431295384,True
Sendhwa_VishnuVhr_D (Madhya Pradesh),Bhiwandi_Mankoli_HB (Maharashtra),FTL,2.3675213675213675,31,178.39444199614022,True
Sindhanur_VasaviNg_D (Karnataka),Siruguppa_Wrd12DPP_D (Karnataka),Carting,2.364973262032086,6,18.29897146769974,True
Motihari_RajaBzr_D (Bihar),Raxaul_KairiyaT_D (Bihar),FTL,2.364864864864865,44,31.50597523118106,True
Bhopal_Trnsport_H (Madhya Pradesh),Bhopal MP Nagar (Madhya Pradesh),Carting,2.3636363636363638,49,9.3617026549565,True
Vellore_GndhiNgr_IP (Tamil Nadu),Ranipet_MBTRd_DC (Tamil Nadu),FTL,2.3636363636363638,5,20.753823996436477,True
Hoogly_Bandel_D (West Bengal),Hooghly_DC (West Bengal),Carting,2.3636363636363638,2,10.279266591430027,True
Jehanabad_Madarpur_D (Bihar),BiharSarif_Soghra_D (Bihar),FTL,2.3636363636363638,33,44.69492654067807,True
Mumbai_MiraRd_IP (Maharashtra),Nalasopara (Maharashtra),Carting,2.3636363636363638,73,14.792180340485617,True
Vadodara_Karelibaug_DPC (Gujarat),Vadodara (Gujarat),Carting,2.3636363636363638,3,9.449021222773744,True
Agra_Idgah_P (Uttar Pradesh),Delhi_Airport_H (Delhi),Carting,2.3636363636363638,55,90.90628262705518,True
Majalgaon_SmbjiCwk_D (Maharashtra),Nanded_Aswningr_I (Maharashtra),Carting,2.3636363636363638,1,9.67342855972811,True
Mumbai_Sanpada_I (Maharashtra),Bhiwandi_Mankoli_HB (Maharashtra),Carting,2.3636363636363638,25,15.440130683016069,True
Jaipur_Hub (Rajasthan),Ajmer_FoySGRRD_I (Rajasthan),FTL,2.3611111111111107,84,83.10769073595286,True
Shrirampur_DavkharRd_D (Maharashtra),Vaijiapur_YeolaRD_D (Maharashtra),Carting,2.360215053763441,12,23.278062688208834,True
Ambur_Central_D_2 (Tamil Nadu),Tiruppattur_KoilStrt_D (Tamil Nadu),Carting,2.3592375366568916,50,27.81126910576687,True
Mangalore_Kuntikna_H (Karnataka),Uchila_Busstand_D (Karnataka),FTL,2.3575989782886335,10,30.356355581597036,True
Jasai_JNPT_D (Maharashtra),Mumbai_Sanpada_I (Maharashtra),Carting,2.357142857142857,23,12.46962002852972,True
Chennai_Egmore_DPC (Tamil Nadu),Chennai_Mylapore (Tamil Nadu),Carting,2.357142857142857,1,9.401193524867644,True
Durgapur_Central_I_1 (West Bengal),Kolkata_Dankuni_HB (West Bengal),FTL,2.357142857142857,62,66.38403544711815,True
Parakkdavu_KeRoad_D (Kerala),Mundakayam_Central_D_1 (Kerala),Carting,2.354166666666667,28,9.820201001806492,True
Chhapra_Prbhunth_D (Bihar),Siwan_HnmntNgr_D (Bihar),FTL,2.3488372093023258,9,44.50987156817321,True
Narktiganj_Central_DPP_2 (Bihar),Muzaffrpur_Bbganj_I (Bihar),FTL,2.348789365405919,118,88.57500572377646,True
Allahabad_Central_H_1 (Uttar Pradesh),Satna_Central_I_2 (Madhya Pradesh),FTL,2.344172932330827,78,77.60208634734003,True
Mumbai_Ghansoli_DC (Maharashtra),Jasai_JNPT_D (Maharashtra),Carting,2.343137254901961,50,18.433584445162175,True
Bhubaneshwar_Hub (Orissa),Bangalore_Nelmngla_H (Karnataka),FTL,2.3413528268714723,706,617.0535309338286,True
Bengaluru_KGAirprt_HB (Karnataka),BLR_HSR_Layout_PC (Karnataka),Carting,2.3410714285714285,4,22.6257288100186,True
Ranchi_Hub (Jharkhand),Dhanbad_Kalynpur_I (Jharkhand),Carting,2.3388565559739813,286,72.29949973750155,True
Hubli_Adargchi_IP (Karnataka),Goa_Hub (Goa),FTL,2.338129496402878,87,88.84588418087661,True
Mumbai_Vasai_CP (Maharashtra),Bhiwandi_Mankoli_GW (Maharashtra),Carting,2.3380952380952382,56,18.62339643021765,True
Rishikesh_DC (Uttarakhand),Haridwar (Uttarakhand),FTL,2.336894586894587,4,20.037764144506664,True
LakhimpurN_SashPhkn_D (Assam),Dhemaji_WardNo3_D (Assam),FTL,2.3368794326241136,24,46.38053920856551,True
Sonipat_Kundli_H (Haryana),Haridwar (Uttarakhand),FTL,2.336448598130841,7,88.84088447461406,True
Tumkur_Veersagr_I (Karnataka),Chikblapur_ShntiSgr_D (Karnataka),Carting,2.334677419354839,8,41.42080726047854,True
Osmanabad_Kakdepot_D (Maharashtra),Pune_Tathawde_H (Maharashtra),FTL,2.333628376606347,12,144.25336685565077,True
Khurdha_JatniDPP_D (Orissa),Khurdha_MdhsnDPP_D (Orissa),Carting,2.3333333333333335,1,9.107664313095816,True
AMD_Rakhial (Gujarat),Ahmedabad_East_H_1 (Gujarat),Carting,2.3333333333333335,56,10.179378482357976,True
Punalur_PostofJN_D (Kerala),Pthnmthitt_Klskhrpt_D (Kerala),Carting,2.3333333333333335,45,18.25826811160532,True
MAA_Poonamallee_HB (Tamil Nadu),Chennai_Perungudi_DPC (Tamil Nadu),Carting,2.3333333333333335,49,27.27257264061768,True
Katwa_BSarani_D (West Bengal),Chapra_NagarDPP_D (West Bengal),Carting,2.3333333333333335,83,27.35523396027789,True
Nawada_Central_DPP_2 (Bihar),Rajgir_PnditNGR_D (Bihar),FTL,2.3333333333333335,9,19.001476987157336,True
Kanti_Central_DPP_2 (Bihar),Muzaffrpur_Bbganj_I (Bihar),Carting,2.333333333333333,4,11.953017351220009,True
Chandauli_ShubsNGR_D (Uttar Pradesh),Varanasi_MahmurGj_IP (Uttar Pradesh),Carting,2.333333333333333,4,22.890275326963774,True
Saharsa_Gangjala_D (Bihar),Supaul_SadrHsptl_D (Bihar),FTL,2.332661290322581,2,24.345580613001054,True
Shahada_Nandrbar_D (Maharashtra),Shindkheda_KakaCplx_D (Maharashtra),FTL,2.331818181818182,18,35.38263297685601,True
Kolkata_Dankuni_HB (West Bengal),Ranchi_Hub (Jharkhand),FTL,2.330254576057227,166,176.93289364118368,True
Chennai_Chrompet_DPC (Tamil Nadu),Chennai_Hub (Tamil Nadu),Carting,2.3301282051282053,12,9.324894480062326,True
Hazaribag_BodomBzr_DC (Jharkhand),JhumriTlya_RadhaCpx_D (Jharkhand),FTL,2.3292682926829267,42,44.29843161869589,True
Hyderabad_Alwal_L (Telangana),Hyderabad_Shamshbd_H (Telangana),Carting,2.3284313725490198,166,27.23945001588634,True
MAA_Poonamallee_HB (Tamil Nadu),Chennai_Porur_DPC (Tamil Nadu),Carting,2.3273809523809526,70,18.723598627515223,True
Koduru_MGRoad_D (Andhra Pradesh),Rajampet_RSRoad_D (Andhra Pradesh),Carting,2.3260869565217392,70,27.0132150739739,True
Bhiwandi_Mankoli_HB (Maharashtra),Mumbai Hub (Maharashtra),Carting,2.3245614035087723,300,19.33320907423108,True
Karanjia_Sarubali_D (Orissa),Bhadrak_Central_I_2 (Orissa),FTL,2.323529411764706,57,67.34446490671934,True
Khanakul_Ramnagar_D (West Bengal),Arambag_BalibDPP_D (West Bengal),FTL,2.3225806451612905,3,20.782960469175222,True
Machilipatnam_DC (Andhra Pradesh),Vijayawada_Rynapadu_H (Andhra Pradesh),FTL,2.3214285714285716,15,44.68775393613056,True
Sivasagar_Babupaty_D (Assam),Dibrugarh_Bokule_H (Assam),FTL,2.3205686475409837,30,45.260475295096285,True
Muzaffrpur_Bbganj_I (Bihar),Bettiah_BypassRd_D (Bihar),FTL,2.3205128205128203,30,77.89213794020162,True
Shegaon_SChwkDPP_D (Maharashtra),Akola_Gaurkshn_I (Maharashtra),FTL,2.3181818181818183,10,30.47361490166663,True
Brahmapuri_DhnliRth_D (Maharashtra),Gadchiroli_Central_DPP_1 (Maharashtra),Carting,2.3181818181818183,41,36.967888244476114,True
Shillong (Meghalaya),Jowai_Ldthlabh_D (Meghalaya),FTL,2.3171497584541063,4,28.344066918530068,True
CCU_New Alipore_DPC (West Bengal),Baruipur_Bnsibtla_D (West Bengal),FTL,2.3157894736842106,5,21.836372902582987,True
Varanasi_Central_H_4 (Uttar Pradesh),MughalSarai_Central_D_2 (Uttar Pradesh),Carting,2.3157894736842106,6,14.865350864114507,True
Lakhipur_WrdN4DPP_D (Assam),Tura_Sracmplx_D (Meghalaya),FTL,2.3152841781874036,4,51.22604647720915,True
Vapi_IndEstat_L (Gujarat),Bhiwandi_Mankoli_HB (Maharashtra),FTL,2.3144489795918366,12,79.20533508337832,True
Purnia_Central_H_2 (Bihar),Katihar_Central_D_2 (Bihar),FTL,2.3125,19,24.600264722555284,True
Janakpuri (Delhi),Delhi_Nangli_IP (Delhi),Carting,2.3125,27,10.398365741518658,True
Jammikunta_ConduDPP_D (Telangana),Warangal_HunterRd_I (Telangana),FTL,2.307894736842105,22,35.17652670702471,True
Kalpetta_Ward19_D (Kerala),Mananthavady_Central_D_1 (Kerala),Carting,2.3076923076923075,24,18.458294916598962,True
Bhiwandi_Mankoli_HB (Maharashtra),Mumbai_Jogshwri_I (Maharashtra),Carting,2.3076923076923075,153,20.118308183266183,True
Roing_DibngVly_D (Arunachal Pradesh),Dibrugarh_Bokule_H (Assam),Carting,2.3076923076923075,25,63.41658819650752,True
Bhopal MP Nagar (Madhya Pradesh),Bhopal_Trnsport_H (Madhya Pradesh),Carting,2.3068181818181817,20,9.74988619931234,True
Chittapur_GlbrgaRD_D (Karnataka),Gulbarga_Nehrugnj_I (Karnataka),Carting,2.305263157894737,10,28.409102401222754,True
Gurgaon_Bilaspur_HB (Haryana),Kanpur_Central_H_6 (Uttar Pradesh),FTL,2.304834185777924,268,213.82905051294358,True
Mumbai Hub (Maharashtra),Bhiwandi_Mankoli_HB (Maharashtra),Carting,2.3043478260869565,151,18.384387949167063,True
Jaipur_Central_I_7 (Rajasthan),Jaipur_Central_D_10 (Rajasthan),Carting,2.303571428571429,44,12.339292800050828,True
Kumbakonam_Mettu_DC (Tamil Nadu),Mylduthuri_Thiruviz_D (Tamil Nadu),FTL,2.301994301994302,22,27.36984512086103,True
Rohtak (Haryana),Jind_DC (Haryana),FTL,2.3014705882352944,12,44.163933301525276,True
Ghatkesar_Central_D_1 (Telangana),Hyderabad_Uppal_I (Telangana),Carting,2.3,3,11.466076855782555,True
Mumbai_Sanpada_I (Maharashtra),Jasai_JNPT_D (Maharashtra),Carting,2.3,4,13.812839977361882,True
Mumbai_Chndivli_PC (Maharashtra),Bhiwandi_Mankoli_HB (Maharashtra),Carting,2.3,248,18.219450737220026,True
Jath_Shivprsad_D (Maharashtra),Kolhapur_Shivaji_I (Maharashtra),FTL,2.2962962962962963,15,88.78553407512037,True
Mumbai_Panvel_D (Maharashtra),Mumbai_Sanpada_I (Maharashtra),Carting,2.2941176470588234,65,12.216354477782676,True
Bangarapet_KolarRd_D (Karnataka),Bangalore_East_I_20 (Karnataka),Carting,2.2941176470588234,31,36.02029824994685,True
Mumbai_Pawane_L (Maharashtra),Bhiwandi_Mankoli_HB (Maharashtra),Carting,2.2899159663865545,42,14.871840781222772,True
Dibrugarh_Bokule_H (Assam),Namsai_HelipadRD_D (Arunachal Pradesh),Carting,2.288157894736842,10,49.780007936136016,True
Purnia_Central_H_2 (Bihar),Madhepura_Krishnpr_D (Bihar),FTL,2.2873070325900517,4,55.63188527952764,True
Dhule_MIDCAvdn_I (Maharashtra),Jalgaon_DC (Maharashtra),Carting,2.2872596153846154,10,50.13804421056345,True
Sendhwa_VishnuVhr_D (Madhya Pradesh),Dhule_MIDCAvdn_I (Maharashtra),FTL,2.2865141187925997,40,66.45261490029552,True
Jalandhar_DPC (Punjab),Ludhiana_MilrGanj_HB (Punjab),FTL,2.2857142857142856,69,44.50004921807419,True
Guwahati_Jalukbari (Assam),Chhaygaon_GwhRDDPP_D (Assam),Carting,2.2857142857142856,29,19.92429826609115,True
GanjBasoda_MnRDDPP_D (Madhya Pradesh),Sagar_Bahreya_I (Madhya Pradesh),FTL,2.2857142857142856,5,66.60372260220305,True
Bhubaneswar_BjbNgr_DC (Orissa),Bhubaneshwar_Hub (Orissa),Carting,2.2857142857142856,6,9.09721259763339,True
Bhiwandi_Mankoli_HB (Maharashtra),Mumbai_Pawane_L (Maharashtra),Carting,2.2857142857142856,43,15.618317824896964,True
Bheemunipatnam_SaiTempl_D (Andhra Pradesh),Vizianagaram_NcsRd_DC (Andhra Pradesh),Carting,2.2857142857142856,39,18.91672926255085,True
Pune_Tathawde_H (Maharashtra),Ambegaon_Manchar_D (Maharashtra),Carting,2.2857142857142856,13,36.045306261215615,True
Hyderabad_Uppal_I (Telangana),Bhuvanagiri_HBColny_D (Telangana),FTL,2.2857142857142856,26,27.861356003638818,True
Deoghar_Barmasia_D (Jharkhand),Godda_PushPlza_D (Jharkhand),FTL,2.2850877192982457,6,44.6161438307123,True
Chodavaram_BaljiDPP_D (Andhra Pradesh),Visakhapatnam_Gajuwaka_IP (Andhra Pradesh),Carting,2.2828947368421053,16,23.72372107001007,True
Neemrana_Rcocmplx_D (Rajasthan),Narnaul_DC (Haryana),FTL,2.2825361512791993,2,24.79139299350662,True
Sonipat_Kundli_H (Haryana),Panipat (Haryana),FTL,2.282051282051282,5,44.49976308243951,True
Mumbai_MiraRd_IP (Maharashtra),Bhiwandi_Mankoli_HB (Maharashtra),Carting,2.28,25,15.77863177748438,True
Vikarabad_Central_DPP_2 (Telangana),Hyderabad_Shamshbd_H (Telangana),Carting,2.2795454545454543,6,32.40085720840129,True
Karauli_HnsChowk_D (Rajasthan),Gangapur_Ward6DPP_D (Rajasthan),Carting,2.279220779220779,60,23.96276333369143,True
Koppal_Banikatt_D (Karnataka),Hospet (Karnataka),Carting,2.2777777777777777,45,18.98055459840742,True
Pune_PC (Maharashtra),Pune_Tathawde_H (Maharashtra),Carting,2.2777777777777777,34,14.85631130081911,True
CCU_DumDum_DPC (West Bengal),Kolkata_Dankuni_HB (West Bengal),Carting,2.2777777777777777,13,15.280029967383932,True
CCU_New Alipore_DPC (West Bengal),CCU_Hub (West Bengal),Carting,2.2758620689655173,2,13.564206772718391,True
Kolkata_Dankuni_HB (West Bengal),Bardhaman_Bankura_D (West Bengal),FTL,2.2758620689655173,21,67.24995192068852,True
Dhrmsthala_Beltngdi_D (Karnataka),Mangalore_Kuntikna_H (Karnataka),Carting,2.275,26,36.235696954014955,True
Bareli_SourvDPP_D (Madhya Pradesh),Bhopal_Trnsport_H (Madhya Pradesh),FTL,2.2745215311004783,8,56.12338433768456,True
Jagdishpur_Wardno13_D (Bihar),Sasaram_Central_I_2 (Bihar),FTL,2.274206349206349,40,63.24311124498617,True
Teok_Wardno3_D (Assam),Mariani_Mainroad_D (Assam),Carting,2.273706896551724,6,20.449136552538896,True
Jaipur_VarunCly_DC (Rajasthan),Jaipur_Central_I_7 (Rajasthan),Carting,2.272727272727273,16,9.745859567498318,True
Baheri_HoliCDPP_D (Uttar Pradesh),Pilibhit_ViksClny_D (Uttar Pradesh),Carting,2.272727272727273,13,27.93252743704756,True
Bhadrak_Central_I_2 (Orissa),Kendujhar_Sirjudin_D (Orissa),FTL,2.272619047619048,18,85.64944561851576,True
Nanded_Aswningr_I (Maharashtra),Udgir_NlgaonRd_D (Maharashtra),Carting,2.2716103554190434,10,50.06846400604257,True
Bilara_Central_DPP_2 (Rajasthan),Raipur_BypRDDPP_D (Rajasthan),FTL,2.271050521251002,2,30.02980266788763,True
Muktsar_DPC (Punjab),Ludhiana_MilrGanj_HB (Punjab),FTL,2.270833333333333,98,66.54679884550612,True
Guwahati_UzanBazr_DC (Assam),Guwahati_Hub (Assam),Carting,2.2698412698412698,20,10.923632057990803,True
Manjhaul_Purbari_D (Bihar),Barauni_Wardno10_D (Bihar),FTL,2.269230769230769,4,15.741130236475808,True
YamunaNagar_DC (Haryana),PaontSahib_Gurudwar_D (Himachal Pradesh),FTL,2.267948717948718,36,44.49608229756427,True
Brahmapuri_DhnliRth_D (Maharashtra),Chamorshi_Central_DPP_1 (Maharashtra),Carting,2.2666666666666666,9,46.60540839689135,True
LowerParel_CP (Maharashtra),Mumbai Hub (Maharashtra),Carting,2.2666666666666666,24,14.317765233516418,True
MAA_Poonamallee_HB (Tamil Nadu),Chennai_Egmore_DPC (Tamil Nadu),Carting,2.2666666666666666,147,27.764990698320094,True
Sasaram_Central_I_2 (Bihar),Mohania_Bhabua_D (Bihar),FTL,2.2660714285714283,18,44.24639051874986,True
Honnavar_Prbhtngr_D (Karnataka),Kumta_Central_DPP_2 (Karnataka),FTL,2.2656641604010024,2,17.294645062704255,True
Padrauna_BawliDPPP_D (Uttar Pradesh),Kaptanganj_Subshngr_D (Uttar Pradesh),FTL,2.264705882352941,26,23.783623849416806,True
Gurgaon_Bilaspur_HB (Haryana),Hansi_DelRdDPP_D (Haryana),FTL,2.264397689768977,12,81.35789567744766,True
Sangola_Central_DPP_2 (Maharashtra),Pandharpur_RajCmplx_D (Maharashtra),Carting,2.263768115942029,12,24.24239332896368,True
Mumbai Hub (Maharashtra),Mumbai_Sanpada_I (Maharashtra),Carting,2.263157894736842,129,13.100304231677622,True
Deoghar_Barmasia_D (Jharkhand),Godda_Central_D_2 (Jharkhand),FTL,2.263157894736842,21,45.47795738890298,True
Munger_Kaura_D (Bihar),KharagpurBR_Central_DPP_1 (Bihar),FTL,2.2628205128205128,4,26.00867819877948,True
Durgapur_Central_I_1 (West Bengal),Barjora_Central_DPP_1 (West Bengal),Carting,2.2613636363636367,6,10.715992328987582,True
Sathupally_VidyaNGR_D (Telangana),Khammam_NSTRoad_I (Telangana),FTL,2.259259259259259,65,66.0120542116555,True
Kolkata_Dankuni_HB (West Bengal),CCU_Lake Avenue_DPC (West Bengal),Carting,2.2580645161290325,81,18.85515640592115,True
Tikamgarh_MndiRoad_D (Madhya Pradesh),Gwalior_HrihrNgr_I (Madhya Pradesh),FTL,2.257425742574257,27,111.01958732563938,True
Baharampur_Chuanpur_I (West Bengal),Dhulian_RatanDPP_D (West Bengal),FTL,2.257017543859649,4,56.16534112809717,True
Gohpur_Central_D_1 (Assam),Bishwanath_ChrliDPP_D (Assam),FTL,2.2564102564102564,17,44.331565233536985,True
Godda_Central_D_2 (Jharkhand),Sahebganj_BaraLoha_D (Jharkhand),FTL,2.2549019607843137,35,44.94483581988792,True
Chandigarh_Mehmdpur_H (Punjab),Bhiwandi_Mankoli_HB (Maharashtra),FTL,2.2549019607843137,59,661.0410934771464,True
Fazilka_GndhiChk_D (Punjab),Muktsar_DPC (Punjab),FTL,2.2545454545454544,3,44.164875131381656,True
Pappadahandi_Central_DPP_2 (Orissa),Visakhapatnam_Gajuwaka_IP (Andhra Pradesh),Carting,2.2543103448275863,27,126.1092651221339,True
Hindupur_Parigi_D (Andhra Pradesh),Madakasira_RTCStand_D (Andhra Pradesh),Carting,2.2523809523809524,42,18.900035226461164,True
Koraput_GhtimDPP_D (Orissa),Jeypore_Kelasahi_D (Orissa),Carting,2.25,2,12.35897646193494,True
Chennai_Thiruvlr_DC (Tamil Nadu),Chennai_Porur_DPC (Tamil Nadu),Carting,2.25,11,18.30154124151378,True
Pune_Mundhawa_L (Maharashtra),Pune_Tathawde_H (Maharashtra),Carting,2.25,95,18.38431569244256,True
Digboi_JyotiNgr_D (Assam),Margherita_CivilHPL_D (Assam),Carting,2.25,21,10.876025689749458,True
Mahadevpur_Kataram_D (Telangana),Parkal_AmbedDPP_D (Telangana),FTL,2.25,3,44.01344467017385,True
Phalodi_PalikDPP_D (Rajasthan),Jodhpur_Basni_I (Rajasthan),FTL,2.247795414462081,34,66.7201117990131,True
Razole_Shanthi_D (Andhra Pradesh),Amalapuram_Vijdurg_D (Andhra Pradesh),FTL,2.2476190476190476,2,19.71153234220936,True
Pune_Tathawde_H (Maharashtra),Goa_Hub (Goa),FTL,2.2467532467532467,335,199.614764199033,True
Srikakulam_Kuslpram_I (Andhra Pradesh),Visakhapatnam_Gajuwaka_IP (Andhra Pradesh),Carting,2.2465753424657535,229,54.976069662642,True
Alwar_Central_I_1 (Rajasthan),Kherli_GodamDPP_D (Rajasthan),FTL,2.246376811594203,9,44.19460092893521,True
Bangalore_Nelmngla_H (Karnataka),Kolkata_Dankuni_HB (West Bengal),FTL,2.245983935742972,215,814.0123857475206,True
Renukoot_Govind_D (Uttar Pradesh),Anpara_Parasi_D (Uttar Pradesh),FTL,2.2441520467836256,14,25.52221982317087,True
Bhiwandi_Mankoli_HB (Maharashtra),Mumbai_Sanpada_I (Maharashtra),Carting,2.244047619047619,90,15.242777761920344,True
Gorakhpur_Matriprm_IP (Uttar Pradesh),Kaptanganj_Subshngr_D (Uttar Pradesh),FTL,2.2439024390243905,3,43.21866097930121,True
Jaleswar_NaturDPP_D (Orissa),Kolkata_Dankuni_HB (West Bengal),FTL,2.2426470588235294,53,88.97069294897278,True
Tangi_SriDPP_D (Orissa),Bhubaneshwar_Hub (Orissa),FTL,2.2413273001508296,6,55.121582049449096,True
Jabalpur_Adhartal_IP (Madhya Pradesh),Lakhnadon_Central_DPP_1 (Madhya Pradesh),FTL,2.238095238095238,31,66.18151144322952,True
Udaipur_Mangri_I (Rajasthan),Ahmedabad_East_H_1 (Gujarat),FTL,2.2377896372356956,142,132.01018546585374,True
Barshi_Kurduwdi_D (Maharashtra),Pune_Tathawde_H (Maharashtra),FTL,2.237283950617284,184,132.67897791397496,True
Bhiwandi_Mankoli_HB (Maharashtra),Ranchi_Hub (Jharkhand),FTL,2.236281919609547,246,704.5984403008741,True
Bhopal_Trnsport_H (Madhya Pradesh),Bhopal_Old City (Madhya Pradesh),Carting,2.236111111111111,6,11.335445830610297,True
Jabalpur_Adhartal_IP (Madhya Pradesh),Katni_Bargawan_DC (Madhya Pradesh),FTL,2.235294117647059,41,45.100719081110505,True
Muzaffrpur_Bbganj_I (Bihar),Chakia_Wardno10_D (Bihar),FTL,2.235294117647059,43,44.25436253742702,True
Mumbai Hub (Maharashtra),Mumbai_Pawane_L (Maharashtra),Carting,2.234210526315789,6,11.86598329641939,True
Narktiganj_Central_DPP_2 (Bihar),Dhaka_PchpkrRD_D (Bihar),FTL,2.233695652173913,12,57.20518743754321,True
Satna_Central_I_2 (Madhya Pradesh),Panna_Mohnprwa_D (Madhya Pradesh),FTL,2.2330994897959187,12,55.63368936091997,True
Bellary_Dc (Karnataka),Hospet (Karnataka),FTL,2.2319327731092438,54,44.59817835423085,True
Bhatkal_KmkshBul_D (Karnataka),Mangalore_Kuntikna_H (Karnataka),FTL,2.2315400214720267,6,77.73258325934074,True
Rajpura_DC (Punjab),Ludhiana_MilrGanj_HB (Punjab),FTL,2.230884109916368,12,55.76767617391846,True
Trivandrum_Mnanthla_H (Kerala),Attingal_Central_D_2 (Kerala),Carting,2.230769230769231,6,18.373585618387878,True
Mananthavady_Central_D_1 (Kerala),SultnBthry_Kollgpra_D (Kerala),Carting,2.230769230769231,19,27.049037163840367,True
Tiptur_YTRd_D (Karnataka),Chikmagalur_DC (Karnataka),FTL,2.2307104660045836,4,55.30024546022717,True
GZB_Mohan_Nagar_DPC (Uttar Pradesh),Pilkhuwa_HapurRD_D (Uttar Pradesh),Carting,2.22972972972973,42,27.08344152896991,True
Sagar_Bahreya_I (Madhya Pradesh),Bina_Srvdycwk_D (Madhya Pradesh),FTL,2.2287021154945683,8,55.55069816463951,True
Moranhat_TiloiDPP_D (Assam),Bokakhat_MlnprDPP_D (Assam),FTL,2.2285714285714286,7,91.82690809204328,True
Sakleshpur_RgvdrDPP_D (Karnataka),Hassan_Pandrnga_I (Karnataka),FTL,2.225108225108225,28,29.83535473292701,True
Sujangarh_LdnunDPP_D (Rajasthan),Jaipur_Hub (Rajasthan),FTL,2.2247748940677967,32,99.46160870525262,True
Manthuka_Central_D_1 (Kerala),Aluva_Peedika_H (Kerala),FTL,2.2241379310344827,5,67.54427874327683,True
Fatehpur_Kotwali_D (Uttar Pradesh),Banda_GayatriN_D (Uttar Pradesh),FTL,2.2238186462324396,64,55.94622467879943,True
Bhilad_Umargaon_DC (Gujarat),Vapi_IndEstat_I (Gujarat),Carting,2.2232142857142856,4,11.119366344307268,True
Narsiptnm_Wardno8_D (Andhra Pradesh),Visakhapatnam_Gajuwaka_IP (Andhra Pradesh),Carting,2.2222222222222223,27,36.08490036790648,True
Vizag_Gajuwaka (Andhra Pradesh),Chodavaram_BaljiDPP_D (Andhra Pradesh),Carting,2.2222222222222223,16,22.65493798259118,True
Dehradun_Selakui_D (Uttarakhand),Mussoorie_BrlwgDPP_D (Uttarakhand),FTL,2.2222222222222223,27,22.372340962245783,True
Rajgir_PnditNGR_D (Bihar),Chandi_SH78_D (Bihar),FTL,2.2203463203463203,26,27.623545480571956,True
Chennai_Egmore_DPC (Tamil Nadu),MAA_Poonamallee_HB (Tamil Nadu),Carting,2.2162162162162162,65,27.230030099536517,True
Shindkheda_KakaCplx_D (Maharashtra),Shahada_Nandrbar_D (Maharashtra),FTL,2.215966386554622,2,31.491742878374342,True
Bomdila_CTRoad_D (Arunachal Pradesh),Tezpur_Mhbhirab_D (Assam),Carting,2.2152777777777777,6,43.67972410128128,True
Tilhar_SingCLNY_D (Uttar Pradesh),Aliganj_KaimgnjRD_D (Uttar Pradesh),FTL,2.2151116427432216,20,55.62528479872988,True
Rath_Mughlpra_D (Uttar Pradesh),Kanpur_Central_H_6 (Uttar Pradesh),FTL,2.21456400742115,22,66.5386352800781,True
Noida_Sec-83_DC (Uttar Pradesh),Noida_Sec 02_DPC (Uttar Pradesh),Carting,2.2142857142857144,27,9.157197858529422,True
Nandurbar_DhuleRd_D (Maharashtra),Shahada_Nandrbar_D (Maharashtra),FTL,2.2129032258064516,20,29.078106437928234,True
Durgapur_Central_I_1 (West Bengal),Bankura_KeranDPP_D (West Bengal),Carting,2.2127659574468086,9,28.404817239966256,True
Bangalore_Nelmngla_H (Karnataka),Bengaluru_Whitefld_L (Karnataka),Carting,2.212121212121212,8,22.693197230369115,True
Hisar_ModelTwn_P (Haryana),Ratia_SchdvDPP_D (Haryana),FTL,2.2115384615384617,3,44.10417690810007,True
Giridih_Shivalya_D (Jharkhand),Godda_Central_D_2 (Jharkhand),FTL,2.211261261261261,24,79.05847503757047,True
Mumbai_MiraRoad_M (Maharashtra),Mumbai Hub (Maharashtra),Carting,2.2111111111111112,8,13.221952231054608,True
Jaipur_Hub (Rajasthan),Chomu_ShsmlDPP_D (Rajasthan),FTL,2.210526315789474,21,43.444468076101806,True
Mussoorie_BrlwgDPP_D (Uttarakhand),Dehradun (Uttarakhand),FTL,2.210526315789474,15,17.82625010036936,True
Bijapur_Central_D_2 (Karnataka),Jath_Shivprsad_D (Maharashtra),FTL,2.2093023255813953,15,44.878100779475226,True
Salempur_Banjaria_D (Uttar Pradesh),Kushinagar_KasyaDPP_D (Uttar Pradesh),FTL,2.208333333333333,6,44.80062004921653,True
Hisar_IndstlAr_I (Haryana),Hisar_AgrohDPP_D (Haryana),FTL,2.208235294117647,6,27.251316947268133,True
Nandigama_Chndrlpd_D (Andhra Pradesh),Vijayawada_Rynapadu_H (Andhra Pradesh),Carting,2.2073863636363633,42,32.0882449076859,True
Wanaparthy_VallaDPP_D (Telangana),Kurnool_AbbasNgr_I (Andhra Pradesh),FTL,2.206896551724138,26,44.12568764348447,True
Guwahati_Hub (Assam),Shillong (Meghalaya),FTL,2.206896551724138,29,54.697371899332886,True
Ambah_MrenTirh_D (Madhya Pradesh),Bhind_EtwahDPP_D (Madhya Pradesh),FTL,2.2062937062937062,6,44.989972367034326,True
Tiruppattur_KoilStrt_D (Tamil Nadu),Ambur_Central_D_2 (Tamil Nadu),Carting,2.2058823529411766,41,27.40030190675049,True
Bareilly_Central_D_2 (Uttar Pradesh),Faridpur_ShjnprRD_D (Uttar Pradesh),FTL,2.2037037037037037,26,24.139314250718044,True
Amravati_DC (Maharashtra),Akola_Gaurkshn_I (Maharashtra),FTL,2.2029411764705884,84,57.801124791610604,True
Shimoga_DC (Karnataka),Thirthahalli_NadthiCx_D (Karnataka),FTL,2.2027777777777775,2,33.24551159112917,True
Umaria_Central_DPP_3 (Madhya Pradesh),Shahdol_Sohagpur_D (Madhya Pradesh),FTL,2.20273556231003,6,44.56363755446769,True
Dhule_MIDCAvdn_I (Maharashtra),Bhiwandi_Mankoli_HB (Maharashtra),FTL,2.2018348623853212,95,154.86815555059903,True
Tura_Sracmplx_D (Meghalaya),Guwahati_Hub (Assam),FTL,2.201492537313433,72,100.21125282458351,True
Sasaram_Central_I_2 (Bihar),Buxar_Sarswati_D (Bihar),FTL,2.2,24,60.439888962473134,True
Aurangabad_Central_H_1 (Maharashtra),Beed_JalnaRd_D (Maharashtra),FTL,2.2,45,67.02159644986502,True
Balangir_Rjndpara_D (Orissa),Phulbani_Krusphrma_D (Orissa),Carting,2.2,9,54.15132767197392,True
Bokakhat_MlnprDPP_D (Assam),Guwahati_Hub (Assam),FTL,2.198529411764706,9,112.59418263699423,True
Cjb_Kovaipudur_Dc (Tamil Nadu),Cjb_West_Dc (Tamil Nadu),Carting,2.196078431372549,2,9.939163747319817,True
Gurgaon_Bilaspur_HB (Haryana),Gwalior_HrihrNgr_I (Madhya Pradesh),FTL,2.1957443897099074,12,144.33676559137342,True
Anjar_DC (Gujarat),Bhuj_DC (Gujarat),FTL,2.19375,28,30.238232982049468,True
Delhi_Airport_H (Delhi),Delhi_Patparganj_DPC (Delhi),Carting,2.193548387096774,3,18.78941247889472,True
Silapathar_Hejunagr_D (Assam),Pasighat_MissonRd_D (Arunachal Pradesh),FTL,2.1930232558139533,4,56.64376333094461,True
Neemuch_KarjuDPP_D (Madhya Pradesh),BariSadri_BhmprDPP_D (Rajasthan),FTL,2.1923076923076925,13,22.47100773167372,True
Goa_Hub (Goa),Sawantwadi_LaxmiNgr_D (Maharashtra),FTL,2.1923076923076925,15,45.07852511129193,True
Tezpur_Mhbhirab_D (Assam),Gohpur_Central_D_1 (Assam),FTL,2.191447368421053,4,57.307345350634435,True
Chandigarh_Mehmdpur_H (Punjab),Samana_PODPP_D (Punjab),FTL,2.1904761904761907,27,44.67061129209852,True
Shahada_Nandrbar_D (Maharashtra),Sakri_DhuleRoad_D (Maharashtra),FTL,2.1904761904761907,3,44.80790073230379,True
Rajgurunagar_Chakan_D (Maharashtra),Pune_Tathawde_H (Maharashtra),Carting,2.189230769230769,4,13.00016616198883,True
CCU_Beliaghata_DPC (West Bengal),CCU_Lake Avenue_DPC (West Bengal),Carting,2.1891447368421053,4,10.658524014295072,True
Bangalore_Nelmngla_H (Karnataka),Bhopal_Trnsport_H (Madhya Pradesh),FTL,2.1884550084889645,625,594.0498910328934,True
Gondia_RamNgr_D (Maharashtra),Balaghat_Kosmi_D (Madhya Pradesh),FTL,2.1875,18,31.25409319697766,True
Delhi_Airport_H (Delhi),Delhi_Mayapuri_PC (Delhi),Carting,2.1875,2,9.046967691810842,True
Gurgaon_Bilaspur_HB (Haryana),Hisar_ModelTwn_P (Haryana),FTL,2.1875,105,88.57985681339495,True
Shahabad_KDRoad_D (Uttar Pradesh),Shahjhnpur_NavdaCln_D (Uttar Pradesh),FTL,2.1856617647058822,4,21.54319936003089,True
Jagatsghpr_Markndpr_D (Orissa),Paradip_Udyabata_D (Orissa),FTL,2.185185185185185,3,49.35922241602013,True
Udaipur_Mangri_I (Rajasthan),Banswara_KhandDPP_D (Rajasthan),FTL,2.1818181818181817,53,88.59355922496219,True
Maihar_MngalDPP_D (Madhya Pradesh),Rewa_Dc (Madhya Pradesh),FTL,2.1818181818181817,3,45.280362596766366,True
Hyderabad_Shamshbd_H (Telangana),Pune_Tathawde_H (Maharashtra),FTL,2.1812332827297043,480,278.0971864371693,True
Tezpur_Mhbhirab_D (Assam),Bhalukpong_Khenewa_D (Arunachal Pradesh),Carting,2.178737541528239,4,31.960401932775675,True
Sonepur_BrezeDPP_D (Orissa),Sambalpur_Central_H_2 (Orissa),FTL,2.1778026279004754,8,55.578109046007164,True
Thrissur_Poothole_D (Kerala),Aluva_Peedika_H (Kerala),Carting,2.1775491949910553,50,27.8781667199938,True
Akola_Gaurkshn_I (Maharashtra),Mehkar_SagarDPP_D (Maharashtra),FTL,2.177522349936143,20,55.55956059927467,True
Kokrajhar_PigonDPP_D (Assam),Dhubri_Tetultol_D (Assam),FTL,2.1766917293233083,24,44.284649634826536,True
Shikohabad_Katrmira_D (Uttar Pradesh),Firozabad_Sudmpuri_D (Uttar Pradesh),FTL,2.1764705882352944,12,18.93768935449654,True
Kadthal_GndhiDPP_D (Telangana),Devarakonda_DindiRD_D (Telangana),FTL,2.176470588235294,24,44.23523609148634,True
Tirur_PmthuKlm_D (Kerala),Kozhikode_Central_H_4 (Kerala),FTL,2.176245210727969,6,29.31095808593963,True
Gurgaon_Central_D_15 (Haryana),Pataudi_DC (Haryana),Carting,2.1739130434782608,7,19.611787773231857,True
Mainpuri_Agraroad_I (Uttar Pradesh),Chhibramau_Bhainpura_D (Uttar Pradesh),FTL,2.1732142857142858,30,44.43402686827382,True
Tinusukia_Chrwpaty_D (Assam),DoomDooma_Pthrgoan_D (Assam),Carting,2.1714285714285717,20,18.312068829569554,True
Ghatampur_StatinRD_D (Uttar Pradesh),Hamirpur_KanpurRd_D (Uttar Pradesh),Carting,2.1714285714285717,40,18.92061129482157,True
Kalwakurthy_VidyaNGR_D (Telangana),Devarakonda_DindiRD_D (Telangana),FTL,2.1714285714285713,20,42.877585078394816,True
Nakhatrana_ClgRDDPP_D (Gujarat),Bhuj_DC (Gujarat),FTL,2.170289855072464,2,31.976460671508285,True
Kharagpur_DC (West Bengal),Keshiary_MdnprDPP_D (West Bengal),FTL,2.167763157894737,2,19.483838226230205,True
Badvel_Sidrd_D (Andhra Pradesh),Anantapur_KamaStrt_I (Andhra Pradesh),FTL,2.1673519736842106,16,100.34772147758237,True
Salempur_Banjaria_D (Uttar Pradesh),Deoria_CCRoad_D (Uttar Pradesh),FTL,2.166666666666667,2,22.293158416575142,True
Siwan_HnmntNgr_D (Bihar),Gopalganj_GopalDPP_D (Bihar),Carting,2.166666666666667,2,27.771606329390774,True
Deoli_Central_DPP_2 (Maharashtra),Yavatmal_JajuDPP_D (Maharashtra),FTL,2.1666666666666665,35,44.70762419997495,True
Mumbai_Sanpada_I (Maharashtra),Mumbai_Khandeshwar_Dc (Maharashtra),Carting,2.1666666666666665,79,9.506314688149752,True
Hyderabad_North_D_2 (Telangana),Medchal_MROoffce_D (Telangana),Carting,2.1666666666666665,34,9.911204879207379,True
Erode (Tamil Nadu),Perundurai_Viveka_DC (Tamil Nadu),FTL,2.1666666666666665,3,16.262175036100928,True
Dibrugarh_Bokule_H (Assam),Chabua_CollgeRD_D (Assam),Carting,2.1666666666666665,25,18.58820197420357,True
GZB_Mohan_Nagar_DPC (Uttar Pradesh),Hapur_Swargash_D (Uttar Pradesh),Carting,2.1660377358490566,10,27.405927133448348,True
Jaipur_NgrNigam_DC (Rajasthan),Jaipur_Central_I_7 (Rajasthan),Carting,2.165178571428571,10,9.451500009595584,True
Chinnur_AsnsdhRD_D (Telangana),Karimnagar_KamnHbRD_I (Telangana),FTL,2.164984378755107,4,55.60148657129518,True
Hyderabad_Shamshbd_H (Telangana),Bhopal_Trnsport_H (Madhya Pradesh),FTL,2.164803946053946,614,353.04674666090324,True
Bagalkot_Sector4_D (Karnataka),Gadag_Cdosclrd_D (Karnataka),FTL,2.1630434782608696,8,55.24302715662886,True
Upleta_AdrshSt_DC (Gujarat),Junagadh_DPC (Gujarat),FTL,2.1621621621621623,19,22.92188605002904,True
Rajampet_RSRoad_D (Andhra Pradesh),Tirupati_Balajicly_I (Andhra Pradesh),Carting,2.16,133,45.144363990776846,True
Chennai_Vandalur_Dc (Tamil Nadu),Chennai_Chrompet_DPC (Tamil Nadu),Carting,2.159090909090909,2,9.282571607166805,True
CCU_New Alipore_DPC (West Bengal),Kolkata_Dankuni_HB (West Bengal),Carting,2.1576354679802954,10,18.15801295272772,True
Airport (Tamil Nadu),Chennai_Sholinganallur_Dc (Tamil Nadu),Carting,2.1575757575757573,16,12.806369773321386,True
Madnapalle_PngnrRd_D (Andhra Pradesh),Palamaner_Lakshmi_D (Andhra Pradesh),FTL,2.15625,2,39.82140957185518,True
Hisar_AgrohDPP_D (Haryana),Ratia_SchdvDPP_D (Haryana),FTL,2.1551724137931036,29,44.24893226614439,True
Arani_KrthiKyn_D (Tamil Nadu),Polur_StationRD_D (Tamil Nadu),FTL,2.1539473684210524,16,22.130319070574043,True
Islampure_Central_DPP_2 (West Bengal),Lodhan_GoalpDPP_D (West Bengal),FTL,2.1538461538461537,1,19.98281507745336,True
Panruti_GandhiRd_D (Tamil Nadu),Neyveli_NJVNgr_D (Tamil Nadu),Carting,2.1538461538461537,30,16.96764242161769,True
Kolkata_Dankuni_HB (West Bengal),Bhiwandi_Mankoli_HB (Maharashtra),FTL,2.1535008976660683,373,836.8246284736973,True
Dohrighat_AzmrdDPP_D (Uttar Pradesh),Jiyanpur_Central_DPP_1 (Uttar Pradesh),FTL,2.1525735294117645,4,20.958094932897787,True
Berhampore_Central_I_2 (West Bengal),Nowda_ArhamDPP_D (West Bengal),Carting,2.151898734177215,3,18.95563166888209,True
Bahadurgarh_DC (Haryana),Sonipat_Kundli_H (Haryana),FTL,2.150974025974026,18,24.93576422714358,True
ChandroknaRD_Central_DPP_3 (West Bengal),Kharagpur_DC (West Bengal),FTL,2.15,31,44.40577209250839,True
Pupri_SngihiRD_D (Bihar),Benipatti_WardNo1_D (Bihar),FTL,2.15,7,19.108189407161,True
Satna_Central_I_2 (Madhya Pradesh),Chhatarpur_Busstand_D (Madhya Pradesh),FTL,2.148575223375996,56,88.75260499488667,True
Pune_Tathawde_H (Maharashtra),PNQ Vadgaon Sheri DPC (Maharashtra),Carting,2.1483516483516483,110,18.831895410342646,True
Bhiwandi_Mankoli_HB (Maharashtra),Mumbai_Jogeshwri_L (Maharashtra),Carting,2.1481481481481484,93,19.64913682466742,True
Luxettipet_ShivaDPP_D (Telangana),Karimnagar_KamnHbRD_I (Telangana),FTL,2.1477966101694914,44,44.764270938041975,True
OK_RPC (Delhi),Delhi_Airport_H (Delhi),Carting,2.1474358974358974,6,18.547075742142752,True
Khed_Mahad_D (Maharashtra),Kolhapur_Shivaji_I (Maharashtra),FTL,2.146787006449583,34,88.6481951979329,True
Pen_BljiMrkt_D (Maharashtra),Roha_DataSagr_D (Maharashtra),Carting,2.1435897435897435,70,27.22253203067551,True
Bhiwandi_Mankoli_HB (Maharashtra),Delhi_Airport_H (Delhi),FTL,2.1433333333333335,961,575.4040587028247,True
Hyderabad_Tolichwk_I (Telangana),Hyderabad_Shamshbd_H (Telangana),Carting,2.1428571428571432,18,17.343697969555986,True
Tirupati_Balajicly_I (Andhra Pradesh),Puttur_Artmclny_D (Andhra Pradesh),Carting,2.142857142857143,57,18.672990574645837,True
Nanded_Aswningr_I (Maharashtra),Latur_Srnwsngr_D (Maharashtra),Carting,2.142857142857143,47,73.48385507746981,True
Arakkonam_HousngBd_D (Tamil Nadu),MAA_Poonamallee_HB (Tamil Nadu),Carting,2.1427125506072873,36,18.70914000719107,True
Satna_Central_I_2 (Madhya Pradesh),Rewa_Dc (Madhya Pradesh),FTL,2.1408668730650153,4,35.44292628710306,True
Chikmagalur_DC (Karnataka),Mudigere_HesglDPP_D (Karnataka),FTL,2.1396103896103895,14,22.863815305005584,True
Patan_Central_D_2 (Gujarat),Radhanpur_Santalpr_D (Gujarat),FTL,2.13953488372093,3,44.47483762635056,True
Tiptur_YTRd_D (Karnataka),Arsikere_HsnRdDPP_D (Karnataka),FTL,2.1390977443609023,4,23.809419832490413,True
Tuni_Eaglvari_D (Andhra Pradesh),Rajamundry_AtoNgrRd_I (Andhra Pradesh),FTL,2.138888888888889,67,66.08749522440303,True
Hyderabad_Shamshbd_H (Telangana),Gurgaon_Bilaspur_HB (Haryana),FTL,2.138512233893432,56,640.9943406392573,True
Ahmedabad_East_H_1 (Gujarat),AMD_Memnagar (Gujarat),Carting,2.138095238095238,76,11.624617225174193,True
Hubli_Adargchi_IP (Karnataka),Belgaum_Dc (Karnataka),FTL,2.136986301369863,63,66.47123014847114,True
Pune_Tathawde_H (Maharashtra),Nanded_Aswningr_I (Maharashtra),FTL,2.1365079365079365,253,220.81335793289247,True
Jhanjharpur_Nagar_D (Bihar),Muzaffrpur_Bbganj_I (Bihar),FTL,2.1363636363636362,8,23.03075220566287,True
Printhlmna_EmsPnmbi_D (Kerala),Areacode_Puthalam_D (Kerala),Carting,2.136217948717949,4,22.834627559773658,True
Karkala_MarketRd_D (Karnataka),Dhrmsthala_Beltngdi_D (Karnataka),Carting,2.135632183908046,50,27.505557980681395,True
PaontSahib_Gurudwar_D (Himachal Pradesh),Chandigarh_Mehmdpur_H (Punjab),FTL,2.135294117647059,44,55.83691735652458,True
Salur_ward9_D (Andhra Pradesh),Bobbili_ColegRd_D (Andhra Pradesh),FTL,2.1333333333333333,3,15.602441955843007,True
Noida_Surajpur_DC (Uttar Pradesh),Noida_Sec-83_DC (Uttar Pradesh),Carting,2.1333333333333333,1,10.677769234680444,True
Jalandhar_Sodal Road (Punjab),Chandigarh_Mehmdpur_H (Punjab),Carting,2.1318840579710145,254,81.82749758171033,True
Manteswar_MemariRD_D (West Bengal),Krishnanagar_AnadiDPP_D (West Bengal),FTL,2.131074168797954,2,28.105683015044352,True
Mainpuri_Agraroad_I (Uttar Pradesh),Shikohabad_Katrmira_D (Uttar Pradesh),FTL,2.130434782608696,11,25.81965314705096,True
Pune_Tathawde_H (Maharashtra),Bhiwandi_Mankoli_HB (Maharashtra),FTL,2.1292857142857144,506,67.14033741801292,True
Katihar_Shyndco_D (Bihar),Naugchia_Vijayght_D (Bihar),FTL,2.1273684210526316,6,44.45519871972087,True
Mahad_Govndsgr_D (Maharashtra),Pen_BljiMrkt_D (Maharashtra),Carting,2.125,113,47.33516828052039,True
Hyd_Uppal_Dc (Telangana),Ghatkesar_Central_D_1 (Telangana),Carting,2.125,4,10.900587263473625,True
MAA_Poonamallee_HB (Tamil Nadu),Kanchipuram_DC (Tamil Nadu),Carting,2.125,36,23.79239827532995,True
Bhupalpally_JwahrNGR_D (Telangana),Mahadevpur_Kataram_D (Telangana),FTL,2.125,2,22.5002814886222,True
Mumbai_Mumbra_DC (Maharashtra),Mumbai_East_I_21 (Maharashtra),Carting,2.125,8,9.184305388302045,True
Agra_Central_D_3 (Uttar Pradesh),Kirauli_AchneraRD_D (Uttar Pradesh),Carting,2.125,33,18.81524368005312,True
Phusro_RhmgjDPP_D (Jharkhand),Bokaro_KSClny_DC (Jharkhand),Carting,2.125,3,18.279523443056817,True
Gandhinagar_DC (Gujarat),Ahmedabad_East_H_1 (Gujarat),Carting,2.125,51,27.61602288544546,True
FBD_Balabhgarh_DPC (Haryana),Faridabad_MohnVRTL_D (Haryana),Carting,2.125,17,11.812297623130036,True
Rampurhat_SrifoDPP_D (West Bengal),Khargram_BoiDPP_D (West Bengal),Carting,2.125,33,18.987696851684102,True
Anjar_DC (Gujarat),Nakhatrana_ClgRDDPP_D (Gujarat),FTL,2.124868282402529,4,56.32465841092707,True
Madhupur_Sitarmrd_D (Jharkhand),Godda_Central_D_2 (Jharkhand),FTL,2.124401913875598,32,56.2291455473817,True
Puttur_Artmclny_D (Andhra Pradesh),Koduru_MGRoad_D (Andhra Pradesh),Carting,2.1234756097560976,128,36.77313158023574,True
Guwahati_Hub (Assam),Golaghat_BaruaRd_D (Assam),FTL,2.1231884057971016,11,132.862703867384,True
Dibrugarh_Bokule_H (Assam),Moranhat_TiloiDPP_D (Assam),FTL,2.1222222222222222,6,25.084687363478125,True
BiharSarif_Soghra_D (Bihar),Nawada_Central_DPP_2 (Bihar),FTL,2.1213235294117645,18,26.557882403818937,True
Pratapgarh_Nimachrd_D (Rajasthan),Udaipur_Mangri_I (Rajasthan),FTL,2.1210445468509986,42,77.63988628373187,True
Koratla_BhemuDPP_D (Telangana),DhrmpuriTS_HanumDPP_D (Telangana),FTL,2.1201680672268908,2,31.06006158260177,True
Dhemaji_WardNo3_D (Assam),Silapathar_Hejunagr_D (Assam),FTL,2.12,10,19.787075952050873,True
PaliBirsighpr_CtyLgDPP_D (Madhya Pradesh),Shahdol_Sohagpur_D (Madhya Pradesh),FTL,2.1192307692307693,2,28.74697316560365,True
Surat_Central_I_4 (Gujarat),Surat_Central_D_9 (Gujarat),Carting,2.119047619047619,10,9.321518218624806,True
Silchar_Sirikona_H (Assam),Guwahati_Hub (Assam),FTL,2.116883116883117,149,110.22271292753342,True
Kendujhar_Sirjudin_D (Orissa),Barbil_PunjbiPd_D (Orissa),FTL,2.1153846153846154,9,50.77247732492487,True
Amd_Chandkheda_Dc (Gujarat),Gandhinagar_Kalol_DC (Gujarat),Carting,2.1153846153846154,4,12.930287690830887,True
Kanpur_Central_H_6 (Uttar Pradesh),Varanasi_Central_H_4 (Uttar Pradesh),FTL,2.1146964093999765,84,165.66712156978915,True
Kodad_VidyaNgr_D (Telangana),Miryalguda_Ragvendr_D (Telangana),FTL,2.1142857142857143,11,44.02230250755685,True
Aligarh_KhirByps_I (Uttar Pradesh),Delhi_Airport_H (Delhi),FTL,2.1137362637362638,6,77.62504079701094,True
Bhavnagar_Mahuva_DC (Gujarat),Amreli_Rajula_DC (Gujarat),FTL,2.1125226860254083,2,28.430607464932756,True
Gurgaon_Bilaspur_HB (Haryana),Sasaram_Central_I_2 (Bihar),FTL,2.1115537848605577,665,418.6380813161287,True
Neyveli_NJVNgr_D (Tamil Nadu),Virudhchlm_SelamRd_D (Tamil Nadu),Carting,2.111111111111111,45,19.45223541075214,True
Panskura_Central_D_3 (West Bengal),Haldia_Central_D_2 (West Bengal),Carting,2.111111111111111,11,36.594304304562,True
Trivandrum_Pettah_D (Kerala),Kallikkad_Mutyvila_D (Kerala),Carting,2.111111111111111,2,13.332701565611469,True
Chennai_Madhavaram_L (Tamil Nadu),Chennai_Poonamallee_L (Tamil Nadu),Carting,2.111111111111111,4,23.009692107870762,True
Aligarh_KhirByps_I (Uttar Pradesh),Mainpuri_Agraroad_I (Uttar Pradesh),FTL,2.111111111111111,47,70.35647991187078,True
Kokrajhar_HplrdDPP_D (Assam),Dhubri_Tetultol_D (Assam),FTL,2.1107142857142858,6,44.29173402660204,True
Aliganj_KaimgnjRD_D (Uttar Pradesh),Mainpuri_Agraroad_I (Uttar Pradesh),FTL,2.1106237816764133,20,28.99486110987543,True
Thiruvarur_Bypasrd_D (Tamil Nadu),Pondicherry_Vasanthm_I (Pondicherry),FTL,2.1102918586789556,60,78.06041893134798,True
Kolkata_North_I_4 (West Bengal),Bagnan_Harop_D (West Bengal),Carting,2.1096096096096097,90,28.02771052847607,True
Gokak_Bsavangr_D (Karnataka),Hubli_Dc (Karnataka),FTL,2.108695652173913,5,66.20352781857311,True
Faridabad_Blbgarh_DC (Haryana),FBD_Balabhgarh_DPC (Haryana),Carting,2.107142857142857,18,10.607362242728207,True
Kodinar_NCplxDPP_D (Gujarat),Una_Mamlatdr_DC (Gujarat),Carting,2.107142857142857,69,27.283880972325,True
Muktsar_DPC (Punjab),Malout_DC (Punjab),FTL,2.1064425770308124,2,25.727491994307716,True
Gudur_Bngisheb_D (Andhra Pradesh),Tirupati_Balajicly_I (Andhra Pradesh),FTL,2.1062653562653564,64,56.97233949258474,True
Hisar_ModelTwn_P (Haryana),Delhi_Airport_H (Delhi),FTL,2.106179775280899,74,88.19282982889543,True
Bidar (Karnataka),Narayankhed_Datatrya_D (Telangana),FTL,2.1053113553113554,44,29.399726722155076,True
Dhaka_PchpkrRD_D (Bihar),Bettiah_BypassRd_D (Bihar),FTL,2.1052631578947367,37,44.94927865341427,True
Giridih_Shivalya_D (Jharkhand),Madhupur_Sitarmrd_D (Jharkhand),FTL,2.104761904761905,6,30.1714353163852,True
Jaipur_Hub (Rajasthan),Pali_Nayagaon_I (Rajasthan),FTL,2.104731109598366,26,155.34565492762704,True
Sihora_KtnRdDPP_D (Madhya Pradesh),Katni_Bargawan_DC (Madhya Pradesh),FTL,2.1034632034632033,6,42.71613583272455,True
Guwahati_Hub (Assam),Bokakhat_MlnprDPP_D (Assam),FTL,2.1033723522853958,20,122.1161710378837,True
Draksharamam_Anaipeta_D (Andhra Pradesh),Amalapuram_Vijdurg_D (Andhra Pradesh),FTL,2.103238866396761,10,24.29292558004016,True
Balasore_Ganeshwr_D (Orissa),Betnoti_MhliaDPP_D (Orissa),FTL,2.1026315789473684,16,23.12873215679953,True
Hyderabad_Tolichwk_I (Telangana),Hyderabad_Kondapur_D (Telangana),Carting,2.101754385964912,2,9.231724971244557,True
Lakhimpur_Maheva_D (Uttar Pradesh),Gola_BkgnRoad_D (Uttar Pradesh),FTL,2.1004901960784315,40,28.832906131245753,True
Dharmavram_SaiNgr_D (Andhra Pradesh),Kadiri_GVManu_D (Andhra Pradesh),FTL,2.1,3,45.437400677398,True
Kakinada_DC (Andhra Pradesh),Rajamundry_AtoNgrRd_I (Andhra Pradesh),FTL,2.1,9,43.77259883818926,True
Bongaon_SukntDPP_D (West Bengal),Helencha_ColnyDPP_D (West Bengal),FTL,2.1,6,15.710838737802053,True
Hyderabad_Shamshbd_H (Telangana),Hyderabad_Uppal_I (Telangana),Carting,2.1,33,18.65751674378346,True
Muzaffrpur_Bbganj_I (Bihar),Darbhanga (Bihar),FTL,2.1,65,45.0775615396526,True
Thirthahalli_NadthiCx_D (Karnataka),Koppa_Sangetha_D (Karnataka),FTL,2.1,1,22.09703439062758,True
Sujanpur_SainkSCL_D (Himachal Pradesh),Nadaun_Ward6_D (Himachal Pradesh),FTL,2.1,9,15.799837876360698,True
Jalesar_ChngiDPP_D (Uttar Pradesh),Aligarh_KhirByps_I (Uttar Pradesh),Carting,2.0996398559423772,18,31.832656946009454,True
Chennai_Sholinganallur_Dc (Tamil Nadu),Chennai_Perungudi_DPC (Tamil Nadu),Carting,2.099206349206349,14,10.715231735970423,True
Bhiwandi_Mankoli_HB (Maharashtra),Lonavala_NngrgnRd_D (Maharashtra),FTL,2.0982357658380115,44,55.87736667605587,True
Gurgaon_Bilaspur_HB (Haryana),Delhi_Lajpat_IP (Delhi),Carting,2.098148148148148,36,32.594364475024804,True
Kolkata_Dankuni_HB (West Bengal),Durgapur_Central_I_1 (West Bengal),FTL,2.0980392156862746,75,89.23976606510378,True
Nandurbar_DhuleRd_D (Maharashtra),Shindkheda_KakaCplx_D (Maharashtra),FTL,2.0954887218045113,6,44.75614258570846,True
Dhule_MIDCAvdn_I (Maharashtra),Sakri_DhuleRoad_D (Maharashtra),FTL,2.0954088952654235,24,44.54199684239331,True
Sonipat_Kundli_H (Haryana),Modinagar_SikriKla_DC (Uttar Pradesh),FTL,2.0952380952380953,27,43.82700747179016,True
Beed_JalnaRd_D (Maharashtra),Georai_Bazarrd_D (Maharashtra),FTL,2.0952380952380953,14,26.16083947781067,True
Sagar_Bahreya_I (Madhya Pradesh),Bhopal_Trnsport_H (Madhya Pradesh),FTL,2.09375,7,88.78576772574077,True
Kadi_KaranNGR_D (Gujarat),Ahmedabad_East_H_1 (Gujarat),FTL,2.090909090909091,52,44.68129201817683,True
Dinhata_WrdN4DPP_D (West Bengal),CoochBehar_Psthrjhr_D (West Bengal),FTL,2.0890269151138714,6,19.389335329644723,True
Fatepur_NH117_D (West Bengal),Kakdwip_KlngrDPP_D (West Bengal),Carting,2.0884615384615386,62,28.15236914716514,True
Sriklahsti_SDKNgr_D (Andhra Pradesh),Venktagiri_TirupthiRd_D (Andhra Pradesh),FTL,2.087445887445887,30,24.629488561114435,True
Ajmer_FoySGRRD_I (Rajasthan),Kishangarh_Central_D_2 (Rajasthan),FTL,2.087037037037037,22,23.27535751534991,True
Kharagpur_DC (West Bengal),Jhargram_UBamdDPP_D (West Bengal),FTL,2.0869565217391304,26,28.309648652246334,True
Rampur_RoshnBgh_I (Uttar Pradesh),Bilaspur_GrmNgriya_D (Uttar Pradesh),Carting,2.0869565217391304,13,18.53352299225752,True
Ghumarwin_Gndhichk_D (Himachal Pradesh),Jahu_Sulgwan_D (Himachal Pradesh),FTL,2.086666666666667,12,18.777498069767205,True
Firozabad_Sudmpuri_D (Uttar Pradesh),Delhi_Airport_H (Delhi),FTL,2.0843373493975905,109,114.84544438791688,True
Adoor_Town_D (Kerala),Kollam_Central_H_1 (Kerala),Carting,2.0833333333333335,68,23.770356922448237,True
Raipur_BypRDDPP_D (Rajasthan),Badnaur_BhmrdDPP_D (Rajasthan),FTL,2.0815217391304346,2,29.304191273388057,True
Asifabad_PaikjNGR_D (Telangana),Karimnagar_KamnHbRD_I (Telangana),FTL,2.081081081081081,35,66.8199557844684,True
Patiala_GainMrkt_L (Punjab),Chandigarh_Mehmdpur_H (Punjab),FTL,2.0805626598465476,8,22.883369335550697,True
Cherthala_Mulapali_D (Kerala),Aluva_Peedika_H (Kerala),FTL,2.08,21,45.28853120470551,True
Mangalore_Kuntikna_H (Karnataka),Udupi (Karnataka),FTL,2.08,3,44.52464905195818,True
Panna_Mohnprwa_D (Madhya Pradesh),Chhatarpur_Busstand_D (Madhya Pradesh),FTL,2.079483695652174,12,45.17244132282144,True
Anand_Vaghasi_IP (Gujarat),Vadodara_Karelibaug_DPC (Gujarat),FTL,2.0789473684210527,12,27.493998700116542,True
Nashik_TgrniaRD_I (Maharashtra),Shrirampur_DavkharRd_D (Maharashtra),Carting,2.078125,11,54.8614875574252,True
Delhi_Rohini_DPC (Delhi),Delhi_Barwala (Delhi),Carting,2.076923076923077,7,9.580128538890438,True
Delhi_Rohini_DPC (Delhi),North Delhi (Delhi),Carting,2.076923076923077,1,9.045083460088444,True
Udaipur_Mangri_I (Rajasthan),Chittaurgarh_DC (Rajasthan),FTL,2.0759493670886076,65,67.71527066429876,True
Guntakal_Verpatem_D (Andhra Pradesh),Kalyandurg_Shankrpa_D (Andhra Pradesh),FTL,2.075757575757576,4,56.27166045727479,True
Chandigarh_Mehmdpur_H (Punjab),Gurgaon_Bilaspur_HB (Haryana),FTL,2.0752528038242324,714,133.08270025123727,True
Chandigarh_Mehmdpur_H (Punjab),Jalandhar_DPC (Punjab),FTL,2.074497574497575,90,88.46670997190185,True
Muzaffrpur_Bbganj_I (Bihar),Motihari_RajaBzr_D (Bihar),FTL,2.074453551912568,16,56.62868760641386,True
Hyderabad_Shamshbd_H (Telangana),Hyderabad_Alwal_L (Telangana),Carting,2.0741758241758244,140,27.163050208144973,True
Burhanpur_StRoad_D (Madhya Pradesh),Jalgaon_DC (Maharashtra),Carting,2.074074074074074,115,45.49522054730701,True
Morena_Prjapati_D (Madhya Pradesh),Ambah_MrenTirh_D (Madhya Pradesh),FTL,2.072916666666667,2,28.016867698523825,True
Chhata_GvrdnDPP_D (Uttar Pradesh),FBD_Balabhgarh_DPC (Haryana),Carting,2.0727272727272728,21,54.60742401202128,True
Kayamkulam_Bhrnikvu_D (Kerala),Manthuka_Central_D_1 (Kerala),FTL,2.0714285714285716,1,15.60682848601997,True
Sidhmukh_MnbzrDPP_D (Rajasthan),Hisar_ModelTwn_P (Haryana),FTL,2.071428571428571,2,22.091772680924016,True
Aurangabad_Central_H_1 (Maharashtra),Pune_Tathawde_H (Maharashtra),FTL,2.0708333333333337,130,122.84281059111976,True
Pushpavanam_Thmpulam_D (Tamil Nadu),Thiruvarur_Bypasrd_D (Tamil Nadu),Carting,2.070598006644518,82,27.60729354280954,True
Bareilly_Central_D_2 (Uttar Pradesh),Rampur_RoshnBgh_I (Uttar Pradesh),FTL,2.070588235294118,6,45.59439654310867,True
Betnoti_MhliaDPP_D (Orissa),Baripada_KalikDPP_D (Orissa),FTL,2.066666666666667,11,23.459240387177,True
Ghatal_KrshDPP_D (West Bengal),Kolkata_North_I_4 (West Bengal),Carting,2.066397652237711,80,42.03868784210501,True
Mumbai_Virar_DC (Maharashtra),Mumbai_MiraRd_IP (Maharashtra),Carting,2.064583333333333,38,17.304094330445125,True
Guwahati_Hub (Assam),Hajo_Sardala_D (Assam),Carting,2.0625,3,18.149824214247342,True
Lalru_OnkarDPP_D (Punjab),Chandigarh_Mehmdpur_H (Punjab),Carting,2.0625,28,10.012038193064145,True
Jodhpur_Basni_I (Rajasthan),Piparcity_BsstdDPP_D (Rajasthan),FTL,2.0625,27,44.63124756563232,True
Chennai_Hub (Tamil Nadu),Chennai_Madhavaram_DPC (Tamil Nadu),Carting,2.0625,84,10.649312662785388,True
Muzaffrpur_Bbganj_I (Bihar),DalsinghSarai_Wardno13_D (Bihar),FTL,2.0625,79,46.99185454313983,True
Hansi_DelRdDPP_D (Haryana),Hisar_IndstlAr_I (Haryana),FTL,2.0620915032679736,2,18.149828975526987,True
Rajamundry_AtoNgrRd_I (Andhra Pradesh),Hyderabad_Shamshbd_H (Telangana),FTL,2.061318407960199,136,199.4717575519918,True
Kusumnchi_SKRoad_D (Telangana),Khammam_NSTRoad_I (Telangana),FTL,2.0606617647058822,6,21.272127035763113,True
Degana_BhukrdPP_D (Rajasthan),Merta_Central_DPP_1 (Rajasthan),FTL,2.0606060606060606,24,30.216016323131015,True
PNQ Vadgaon Sheri DPC (Maharashtra),Pune_Tathawde_H (Maharashtra),Carting,2.0606060606060606,43,18.469973641555832,True
Dehradun (Uttarakhand),Sonipat_Kundli_H (Haryana),FTL,2.0602569473537216,108,110.75445155830917,True
Bilara_Central_DPP_2 (Rajasthan),Badnaur_BhmrdDPP_D (Rajasthan),FTL,2.0597973807758834,12,56.26457361528786,True
Vrindavan_MathuraRD_D (Uttar Pradesh),Delhi_Airport_H (Delhi),FTL,2.0597014925373136,65,88.04813281672142,True
Cjb_Kovaipudur_Dc (Tamil Nadu),Coimbatore_Ukkadam_D (Tamil Nadu),Carting,2.0588235294117645,6,9.770808491036249,True
Saraimeer_MsmcyDPP_D (Uttar Pradesh),Shahganj_KcharaRD_D (Uttar Pradesh),FTL,2.058461538461539,14,23.373122707499405,True
Nakodar_ChowkDPP_D (Punjab),Jalandhar_DPC (Punjab),FTL,2.057565789473684,18,22.9316937877487,True
Brajrajnagar_LamtiDPP_D (Orissa),Sundargarh_DiyoDPP_D (Orissa),FTL,2.057563025210084,10,28.758264636035967,True
Chaksu_TonkRoad_D (Rajasthan),Tonk_DC (Rajasthan),Carting,2.05718954248366,18,32.16321704223774,True
Kanchipuram_DC (Tamil Nadu),MAA_Poonamallee_HB (Tamil Nadu),Carting,2.0555555555555554,3,18.61159508865593,True
Pehowa_WdN14DPP_D (Haryana),Kaithal_DC (Haryana),FTL,2.0540935672514617,44,23.86741961216481,True
Ambasamdrm_Solaiprm_D (Tamil Nadu),Tirunelveli_VdkkuSrt_I (Tamil Nadu),FTL,2.054054054054054,26,25.470274377904254,True
Haridwar (Uttarakhand),Kotdwara_Nzbadrd_D (Uttarakhand),FTL,2.0513157894736844,34,40.300059063100505,True
Delhi_Airport_H (Delhi),Sonipat_Kundli_H (Haryana),Carting,2.051282051282051,5,27.154183940085428,True
Kankavali_NrdawDPP_D (Maharashtra),Pune_Tathawde_H (Maharashtra),FTL,2.050561797752809,81,154.5362223368742,True
Tezu_Farmnala_D (Arunachal Pradesh),Dibrugarh_Bokule_H (Assam),Carting,2.05,13,63.18213503680784,True
Karimnagar_KamnHbRD_I (Telangana),Ramagundam_Pdmavati_D (Telangana),FTL,2.05,21,44.66896124426572,True
Faridpur_ShjnprRD_D (Uttar Pradesh),Rampur_RoshnBgh_I (Uttar Pradesh),FTL,2.049431818181818,38,45.13795002777245,True
Karimnagar_KamnHbRD_I (Telangana),Hyderabad_Shamshbd_H (Telangana),FTL,2.0481927710843375,7,89.0186189363092,True
Del_Okhla_PC (Delhi),Delhi_Airport_H (Delhi),Carting,2.0476190476190474,7,17.91706412166657,True
Baddi_ByePass_D (Himachal Pradesh),Chandigarh_Mehmdpur_H (Punjab),FTL,2.047575757575758,18,44.323974152899524,True
Kaghaznagar_Central_DPP_1 (Telangana),Karimnagar_KamnHbRD_I (Telangana),FTL,2.046875,5,66.30075717108963,True
Gangakher_Busstand_D (Maharashtra),Parli_JirgeNgr_D (Maharashtra),FTL,2.046536796536796,32,26.62860866754972,True
Kanpur_Central_H_6 (Uttar Pradesh),Delhi_Airport_H (Delhi),FTL,2.0461290322580643,88,220.92774896300355,True
Haveri_GuttalRD_D (Karnataka),Davangere_Central_I_1 (Karnataka),Carting,2.0449922958397533,24,41.600964751973464,True
Latur_Srnwsngr_D (Maharashtra),Udgir_NlgaonRd_D (Maharashtra),Carting,2.0434782608695654,27,36.451968785888255,True
Jamui_Mehsouri_D (Bihar),KharagpurBR_Central_DPP_1 (Bihar),FTL,2.0431985294117645,2,30.82150483660658,True
Hisar_ModelTwn_P (Haryana),Hisar_AgrohDPP_D (Haryana),FTL,2.0424603174603173,14,26.721670584356104,True
Delhi_Mangol_DC (Delhi),Delhi_Rohini_DPC (Delhi),Carting,2.042016806722689,2,10.006952467737666,True
Purnia_Central_H_2 (Bihar),Supaul_SadrHsptl_D (Bihar),FTL,2.041940789473684,50,66.71239041712272,True
Junagadh_DPC (Gujarat),Junagadh_keshod_DC (Gujarat),Carting,2.0416666666666665,54,27.03800128468489,True
Jaynagar_Wardno6_D (Bihar),Muzaffrpur_Bbganj_I (Bihar),FTL,2.0416666666666665,21,23.76786866016545,True
Sankerko_AmbkaDPP_D (Orissa),Balasore_Ganeshwr_D (Orissa),FTL,2.0414123801220576,2,31.200678593702843,True
Delhi_Airport_H (Delhi),Agra_Idgah_L (Uttar Pradesh),FTL,2.0399234345091606,8,99.2665230133897,True
Purnia_Central_H_2 (Bihar),Gurgaon_Bilaspur_HB (Haryana),FTL,2.039087947882736,899,572.0252024068482,True
Shindkheda_KakaCplx_D (Maharashtra),Nandurbar_DhuleRd_D (Maharashtra),FTL,2.038095238095238,6,44.976709175814676,True
Ranchi_Hub (Jharkhand),Phusro_RhmgjDPP_D (Jharkhand),Carting,2.037037037037037,9,45.06453590061126,True
Mangalore_Kuntikna_H (Karnataka),Moodbidri_MrdiVlge_D (Karnataka),Carting,2.037037037037037,6,18.075653003356063,True
MirzapurWB_VidyaDPP_D (West Bengal),Arambag_BalibDPP_D (West Bengal),FTL,2.0357142857142856,2,29.334888551517164,True
Chennai_AshokNagar_DC (Tamil Nadu),Chennai_Porur_DPC (Tamil Nadu),Carting,2.0357142857142856,2,9.61418073704652,True
Ranchi_Hub (Jharkhand),Jamshedpur_Central_I_3 (Jharkhand),FTL,2.0344827586206895,70,66.35063021798655,True
Bareilly (Uttar Pradesh),Faridpur_ShjnprRD_D (Uttar Pradesh),FTL,2.033769063180828,2,23.917726545097935,True
Shahada_Nandrbar_D (Maharashtra),Nandurbar_DhuleRd_D (Maharashtra),FTL,2.033333333333333,2,26.316745832477398,True
Ahmedabad_East_H_1 (Gujarat),Amdavad_East (Gujarat),Carting,2.033333333333333,62,11.631017526279788,True
Ranikhet_Subhash_D (Uttarakhand),Almora_SuzkiSrv_D (Uttarakhand),FTL,2.0315126050420167,20,22.405995142459027,True
Chandigarh_Mehmdpur_H (Punjab),Patran_MheshNGR_D (Punjab),FTL,2.03125,12,56.29170870171811,True
Gurgaon_Bilaspur_HB (Haryana),Jaipur_Hub (Rajasthan),FTL,2.029827662395051,270,110.5912343544311,True
Chennai_Selaiyur_DC (Tamil Nadu),Chennai_Potheri (Tamil Nadu),Carting,2.0297619047619047,2,12.47821351856458,True
Bhiwandi_Mankoli_HB (Maharashtra),Kolkata_Dankuni_HB (West Bengal),FTL,2.029187817258883,667,836.5538661901236,True
Chennai_Perungudi_DPC (Tamil Nadu),MAA_Poonamallee_HB (Tamil Nadu),Carting,2.0277777777777777,4,22.865592761907866,True
Srikakulam_Kuslpram_I (Andhra Pradesh),Narasnpeta_HudcoDPP_D (Andhra Pradesh),FTL,2.0276315789473682,38,22.631783471720826,True
Bariya_BgnprDPP_D (Uttar Pradesh),Ratanpura_MubarDPP_D (Uttar Pradesh),FTL,2.0272727272727273,28,55.632077605589075,True
Canacona_CharRsta_D (Goa),Mangalore_Kuntikna_H (Karnataka),FTL,2.0267562470532767,96,145.2463900020149,True
Pulivendula_RTCStand_D (Andhra Pradesh),Anantapur_KamaStrt_I (Andhra Pradesh),FTL,2.023935366958623,60,57.78392021109125,True
Goa_ZuariNgr_IP (Goa),Goa_Ponda_Dc (Goa),Carting,2.0231481481481484,12,10.154394296201154,True
Sultana_Central_DPP_1 (Rajasthan),Khetri_NagarDPP_D (Rajasthan),FTL,2.0220306513409962,2,22.413892839608778,True
Kashipur_Vaishali_D (Uttarakhand),Kashipur_BajprDPP_D (Uttarakhand),FTL,2.0217391304347827,16,19.16050293790928,True
Gurgaon_Bilaspur_HB (Haryana),Kolkata_Dankuni_HB (West Bengal),FTL,2.0216535433070866,2811,682.7531567491231,True
Almora_SuzkiSrv_D (Uttarakhand),Ranikhet_Subhash_D (Uttarakhand),FTL,2.0215201465201464,2,22.471065542761277,True
Veraval_DC (Gujarat),Kodinar_NCplxDPP_D (Gujarat),Carting,2.02,78,27.263452275682596,True
Patancheru_Ameenpur_I (Telangana),Shamshabad_Lngrguda_D (Telangana),Carting,2.0198412698412698,4,14.401434191825524,True
Karukachal_MnimlaRd_D (Kerala),Kottayam_Central_H_1 (Kerala),Carting,2.0191387559808613,4,12.445287460420936,True
Khanapur_StatinRD_D (Karnataka),Hubli_Adargchi_IP (Karnataka),FTL,2.0182926829268295,28,66.37245896201307,True
Kandi_DohalDPP_D (West Bengal),Ghanashyampur_NditaDPP_D (West Bengal),Carting,2.0172413793103448,18,18.347255600282196,True
Kishangarh_Central_D_2 (Rajasthan),Parbatsar_AjmhwDPP_D (Rajasthan),FTL,2.0165912518853695,12,27.559290803684355,True
Dola_ChainDPP_D (Madhya Pradesh),Jabalpur_Adhartal_IP (Madhya Pradesh),FTL,2.0150490624696396,30,122.67737253997939,True
Banka_Wardno6_D (Bihar),Bhagalpur_Pbroad_DC (Bihar),FTL,2.0125,34,30.150395436482498,True
Joda_Central_D_1 (Orissa),Bhadrak_Central_I_2 (Orissa),FTL,2.0120481927710845,7,103.86449519416858,True
Likabali_ZoomCDPP_D (Arunachal Pradesh),Pasighat_MissonRd_D (Arunachal Pradesh),FTL,2.011904761904762,16,55.99664815978598,True
Jodhpur_Basni_I (Rajasthan),Gotan_DKLogDPP_D (Rajasthan),FTL,2.0106382978723403,20,58.808127998723975,True
Solan_MohanPrk_D (Himachal Pradesh),Chandigarh_Mehmdpur_H (Punjab),FTL,2.0105263157894737,1,65.83867678035274,True
Miryalguda_Ragvendr_D (Telangana),Vijayawada_Rynapadu_H (Andhra Pradesh),FTL,2.01,60,78.7457629660578,True
Ambah_MrenTirh_D (Madhya Pradesh),Bhind_BhrolDPP_D (Madhya Pradesh),FTL,2.0098039215686274,18,45.15254987605594,True
Visakhapatnam_Gajuwaka_IP (Andhra Pradesh),Hyderabad_Shamshbd_H (Telangana),FTL,2.009478672985782,237,286.40651588154697,True
Gurgaon_Bilaspur_HB (Haryana),Bhiwani_DC (Haryana),FTL,2.0081092616303886,10,66.34632784602856,True
Kashipur_BajprDPP_D (Uttarakhand),Rudrapur_UdhamNgr_H (Uttarakhand),FTL,2.007803790412486,30,28.566624196959843,True
Tirunelveli_VdkkuSrt_I (Tamil Nadu),Nagarcoil_AsrplmRd_DC (Tamil Nadu),FTL,2.007142857142857,4,56.286344253023,True
Nalagarh_Central_DPP_2 (Himachal Pradesh),Chandigarh_Mehmdpur_H (Punjab),FTL,2.0064935064935066,44,55.8077910346653,True
Goa_Hub (Goa),Mallapur_ShtDRDPP_D (Karnataka),FTL,2.006085686465433,4,56.6279667828007,True
Guwahati_Hub (Assam),Tezpur_Mhbhirab_D (Assam),FTL,2.0041322314049586,24,78.48444720369672,True
Gokak_Bsavangr_D (Karnataka),Dharwad_Dc (Karnataka),FTL,2.00278293135436,8,55.28116210015614,True
Kapurthala_DC (Punjab),Jalandhar_DC (Punjab),FTL,2.0018382352941178,2,19.446366012882187,True
Jaipur_Central_I_7 (Rajasthan),Jaipur_NgrNigam_DC (Rajasthan),Carting,2.0,51,10.24753476444688,True
Jaipur_Central_I_7 (Rajasthan),Jaipur_VarunCly_DC (Rajasthan),Carting,2.0,35,9.718865477048086,True
Jaipur_Central_I_7 (Rajasthan),Jaipur_Bhankrot_DC (Rajasthan),Carting,2.0,35,10.110404567662131,True
Sinnar_Central_D_1 (Maharashtra),Kopargaon_NkshtrPz_D (Maharashtra),Carting,2.0,6,31.673590597288246,True
Jalna_BhgyaNgr_D (Maharashtra),Sillod_ZebaTWR_D (Maharashtra),Carting,2.0,70,36.31250346638093,True
Hyderabad_Tolichwk_L (Telangana),Hyderabad_Shamshbd_H (Telangana),Carting,2.0,10,9.939331519712454,True
Khurdha_MdhsnDPP_D (Orissa),Bhubaneshwar_Hub (Orissa),Carting,2.0,3,19.29991325346941,True
Shirdi_SaiBansi_D (Maharashtra),Kopargaon_NkshtrPz_D (Maharashtra),Carting,2.0,22,11.977397192647075,True
Davangere_Central_I_1 (Karnataka),Ranebennur_SriRmNGR_D (Karnataka),Carting,2.0,76,24.219174522328288,True
Baraut_SrnprHwy_D (Uttar Pradesh),Shamli_KarnalRd_D (Uttar Pradesh),FTL,2.0,22,30.118609447213476,True
Sitapur_Chowk_D (Uttar Pradesh),Lakhimpur_Maheva_D (Uttar Pradesh),FTL,2.0,59,43.95767697124302,True
Bangalore_Nelmngla_H (Karnataka),Aluva_Peedika_H (Kerala),FTL,2.0,29,176.1274190030411,True
Dalkhola_DltprDPP_D (West Bengal),Islampure_ShbdnDPP_D (West Bengal),FTL,2.0,3,53.71596006774604,True
Bengaluru_KHRoad_I (Karnataka),Bengaluru_Bomsndra_HB (Karnataka),Carting,2.0,39,16.91842966953519,True
Bangalore_Nelmngla_H (Karnataka),Bengaluru_Banshkri_DC (Karnataka),Carting,2.0,52,18.631383846157675,True
Hansi_DelRdDPP_D (Haryana),Hisar_ModelTwn_P (Haryana),FTL,2.0,3,17.775985407042572,True
Bhopal_Trnsport_H (Madhya Pradesh),Kanpur_Central_H_6 (Uttar Pradesh),FTL,2.0,525,242.93931803306003,True
Bhiwandi_Mankoli_HB (Maharashtra),Bhopal_Trnsport_H (Madhya Pradesh),FTL,2.0,358,341.97253248632137,True
MAA_Poonamallee_HB (Tamil Nadu),Chennai_Hub (Tamil Nadu),Carting,2.0,207,27.01368177326141,True
Kapadvanj_Busstand_D (Gujarat),Lunawada_VrdhriRD_D (Gujarat),Carting,2.0,7,38.393187353646766,True
Anakapalle_Kothuru_D (Andhra Pradesh),Narsiptnm_Wardno8_D (Andhra Pradesh),Carting,2.0,25,27.05832813854098,True
Rewari_YuktiDPP_D (Haryana),Gurgaon_Bilaspur_HB (Haryana),FTL,2.0,9,44.2262557111298,True
Korba_Tilknagr_DC (Chhattisgarh),Raigarh_MithmdRd_D (Chhattisgarh),FTL,2.0,27,67.44019308445512,True
Balrampur_PBRDDPP_D (Uttar Pradesh),Tulsipur_Central_DPP_1 (Uttar Pradesh),Carting,2.0,18,19.05754574369498,True
Mumbai_Sanpada_I (Maharashtra),Mumbai Hub (Maharashtra),Carting,2.0,20,10.391958310177506,True
Malerkotla_DC (Punjab),Dhuri_DMComDPP_D (Punjab),FTL,2.0,1,17.100289404993177,True
Bhubaneshwar_Nayapalli (Orissa),Bhubaneshwar_Hub (Orissa),Carting,2.0,6,9.041696923203075,True
Malvan_BllvMarg_D (Maharashtra),Sawantwadi_LaxmiNgr_D (Maharashtra),Carting,2.0,14,9.82077743188825,True
SultnBthry_Kollgpra_D (Kerala),Kalpetta_Ward19_D (Kerala),Carting,2.0,22,11.574231996154232,True
Kanpur_Central_H_6 (Uttar Pradesh),Unnao_VikasRam_D (Uttar Pradesh),Carting,2.0,94,27.536134468810804,True
Kanpur_Central_H_6 (Uttar Pradesh),Kanpur_Central_D_7 (Uttar Pradesh),Carting,2.0,40,10.852626012230033,True
Bailhongal_NamoNagr_D (Karnataka),Gokak_Bsavangr_D (Karnataka),FTL,2.0,36,31.58254068670202,True
Kaliyaganj_Central_DPP_1 (West Bengal),Kaliyaganj_FatprDPP_D (West Bengal),Carting,2.0,15,19.10572587923161,True
Hyderabad_Chikdply_I (Telangana),Hyderabad_Shamshbd_H (Telangana),Carting,2.0,56,18.200593509145754,True
Hyderabad_Mhdiptnm_C (Telangana),Hyderabad_Shamshbd_P (Telangana),Carting,2.0,27,15.698159356077316,True
Jorhat_RicMilRd_D (Assam),Teok_Wardno3_D (Assam),Carting,2.0,9,18.605540442331893,True
Bhiwandi_Mankoli_HB (Maharashtra),Surat_HUB (Gujarat),FTL,2.0,105,111.97751762668776,True
Bhubaneshwar_Nayapalli (Orissa),Khurdha_MdhsnDPP_D (Orissa),Carting,2.0,17,18.99085955752378,True
Meerut (Uttar Pradesh),Sonipat_Kundli_H (Haryana),FTL,2.0,15,44.49234003430262,True
Marthandam_Nallur_D (Tamil Nadu),Tirunelveli_VdkkuSrt_I (Tamil Nadu),FTL,2.0,43,66.08158286323044,True
FBD_Balabhgarh_DPC (Haryana),Palwal (Haryana),Carting,2.0,205,27.98221106990768,True
Tezpur_Mhbhirab_D (Assam),Balipara_EragnDPP_D (Assam),Carting,2.0,2,13.939336942863095,True
Junagadh_keshod_DC (Gujarat),Mangrol_JilRDDPP_D (Gujarat),Carting,2.0,18,19.08565765609484,True
Bokaro_KSClny_DC (Jharkhand),Peterbar_GagiDPP_D (Jharkhand),Carting,2.0,8,22.89854281391784,True
Joda_Central_D_1 (Orissa),Kendujhar_Sirjudin_D (Orissa),FTL,2.0,3,44.86368479807073,True
JoguGadwal_ColctrOf_D (Telangana),Kurnool_AbbasNgr_I (Andhra Pradesh),FTL,2.0,3,44.01854651768058,True
Dholi_WardNo4_D (Bihar),Samastipur_Haripur_D (Bihar),FTL,2.0,39,24.306436793055013,True
Ahmedabad_East_H_1 (Gujarat),Udaipur_Mangri_I (Rajasthan),FTL,2.0,149,132.4475808653221,True
Vadodara_Karelibaug_DC (Gujarat),Vadodara (Gujarat),Carting,2.0,1,9.79496418572376,True
AMD_Memnagar (Gujarat),Ahmedabad_East_H_1 (Gujarat),Carting,2.0,46,14.17096416198395,True
Dharwad_Dc (Karnataka),Hubli_Adargchi_IP (Karnataka),FTL,2.0,1,19.13488531761151,True
Delhi_Rohini_DPC (Delhi),Delhi_Paschim_DC (Delhi),Carting,2.0,5,9.195711605388531,True
Delhi_Lajpat_IP (Delhi),Delhi_Bhogal (Delhi),Carting,2.0,13,9.351047320099072,True
Tirtol_Central_D_2 (Orissa),Paradip_Udyabata_D (Orissa),FTL,2.0,2,28.80016605572258,True
Villupuram_Thirumtr_IP (Tamil Nadu),Panruti_GandhiRd_D (Tamil Nadu),Carting,2.0,36,17.8945248294114,True
Warangal_HunterRd_I (Telangana),Ghanpur_Palakrty_D (Telangana),FTL,2.0,34,24.17646281492275,True
Kolhapur_Shivaji_I (Maharashtra),Nipani_AkkolRD_D (Karnataka),FTL,1.9990530303030303,20,26.7738332517331,True
Nandyal_SrnvsNgr_D (Andhra Pradesh),Bngnpalle_Enkndla_D (Andhra Pradesh),FTL,1.998768472906404,30,27.328501201210113,True
Delhi_Airport_H (Delhi),Bhiwandi_Mankoli_HB (Maharashtra),FTL,1.995584725391606,802,594.0457629680932,True
Bamangola_Central_D_1 (West Bengal),Gangarmpur_KhdimDPP_D (West Bengal),Carting,1.9953703703703702,8,22.900491500845447,True
Suryapet_Krishna_D (Telangana),Nalgonda_HydRoad_DC (Telangana),FTL,1.9947121034077557,28,31.650309589887506,True
Atmakur_IndraNgr_D (Andhra Pradesh),Srisailam_Sishumdr_D (Andhra Pradesh),FTL,1.9935064935064934,28,30.96663820116574,True
Bangalore_Nelmngla_H (Karnataka),Bhubaneshwar_Hub (Orissa),FTL,1.9902325518012032,818,616.6748629807034,True
Udala_NagplDPP_D (Orissa),Baripada_KalikDPP_D (Orissa),FTL,1.989648033126294,2,33.32845983070135,True
Sitamau_Central_DPP_1 (Madhya Pradesh),Pratapgarh_Nimachrd_D (Rajasthan),FTL,1.9893939393939393,30,44.46563193386154,True
HBR Layout PC (Karnataka),Bangalore_Nelmngla_H (Karnataka),Carting,1.9893483709273183,48,18.835119930846545,True
Kherli_GodamDPP_D (Rajasthan),Alwar_Central_I_1 (Rajasthan),FTL,1.988888888888889,12,34.17989566727769,True
Sangola_Central_DPP_3 (Maharashtra),Solapur_Central_I_2 (Maharashtra),Carting,1.988888888888889,10,50.01430313589238,True
Paralakhemundi_Ward14_D (Orissa),Srikakulam_Kuslpram_I (Andhra Pradesh),FTL,1.9883720930232558,36,45.03807798618818,True
Bangalore_Nelmngla_H (Karnataka),Surat_HUB (Gujarat),FTL,1.98812351543943,47,528.8621827099671,True
Ratlam_Khjurwli_DC (Madhya Pradesh),Ahmedabad_East_H_1 (Gujarat),FTL,1.9875531201073584,36,144.0785614186615,True
Jind_DC (Haryana),Gohana_DvlalDPP_D (Haryana),FTL,1.9873015873015873,4,33.443758900380615,True
Akola_Gaurkshn_I (Maharashtra),Bhiwandi_Mankoli_HB (Maharashtra),FTL,1.9871794871794872,419,242.80366787983837,True
Atapadi_Vidyangr_D (Maharashtra),Sangola_Central_DPP_2 (Maharashtra),Carting,1.9864864864864864,14,18.847921175146503,True
Bhopal_Trnsport_H (Madhya Pradesh),Narsinghgarh_Central_D_1 (Madhya Pradesh),FTL,1.9850746268656716,39,52.64973451610844,True
Ranchi_Hub (Jharkhand),Ramgarh_HotelPrk_D (Jharkhand),FTL,1.984375,28,28.225010084473155,True
Safidon_HatRDDPP_D (Haryana),Sonipat_Kundli_H (Haryana),FTL,1.9841269841269842,62,50.5091329281939,True
Mumbai_Jogeshwri_L (Maharashtra),Bhiwandi_Mankoli_HB (Maharashtra),Carting,1.9833333333333334,52,18.295432108136993,True
Chandigarh_Mehmdpur_H (Punjab),Ludhiana_MilrGanj_HB (Punjab),FTL,1.9814251941911518,128,66.20776077177834,True
Shillong (Meghalaya),Guwahati_Hub (Assam),FTL,1.9803921568627452,5,63.76694426390728,True
Gurgaon_Bilaspur_HB (Haryana),Delhi_Jhilmil_L (Delhi),Carting,1.98,262,37.17230649978721,True
Amritsar_DPC (Punjab),Jalandhar_DPC (Punjab),FTL,1.9797959183673468,76,55.637473016721856,True
Bhiwandi_Mankoli_HB (Maharashtra),Mumbai_MiraRoad_M (Maharashtra),Carting,1.9783333333333335,20,16.32600813464434,True
Achrol_BgwriDPP_D (Rajasthan),Jaipur_Hub (Rajasthan),FTL,1.9782608695652173,20,31.48691973148859,True
Forbesganj_JhumanCk_D (Bihar),Purnia_Central_H_2 (Bihar),FTL,1.9777777777777779,3,44.42735252703047,True
Hyderabad_Shamshbd_H (Telangana),Choutuppal_Nagaram_D (Telangana),FTL,1.9777777777777779,21,45.34718837836359,True
Pune_Tathawde_H (Maharashtra),Aurangabad_Central_H_1 (Maharashtra),FTL,1.9772784970804773,120,123.2878648385769,True
Jamui_Mehsouri_D (Bihar),Munger_Kaura_D (Bihar),FTL,1.9772727272727273,3,44.932093983546544,True
Gorakhpur_Matriprm_IP (Uttar Pradesh),Nichlaul_Wardno13_D (Uttar Pradesh),Carting,1.9767441860465116,18,45.18027229852376,True
Makrana_Mwalibad_D (Rajasthan),Merta_Central_DPP_1 (Rajasthan),FTL,1.9759803921568626,4,55.52008072927477,True
Karimnagar_KamnHbRD_I (Telangana),Bellmpalli_BasthDPP_D (Telangana),FTL,1.9757806737152692,4,55.45912405375865,True
Guwahati_Hub (Assam),Guwahati_Chandmari (Assam),Carting,1.975609756097561,12,10.633892756016202,True
Ranikhet_Subhash_D (Uttarakhand),Pithorgarh_Kumud_D (Uttarakhand),FTL,1.975531914893617,4,56.04322061189903,True
Chennai_Madhavaram_L (Tamil Nadu),MAA_Poonamallee_HB (Tamil Nadu),Carting,1.975,40,23.50023409356419,True
Weir_BsstdDPP_D (Rajasthan),Alwar_Central_I_1 (Rajasthan),FTL,1.9746031746031747,2,33.69053047819719,True
Bhubaneshwar_Nayapalli (Orissa),Khurdha_MunplDPP_D (Orissa),Carting,1.973684210526316,6,18.50690148417955,True
Rajkot_Kothriya_DC (Gujarat),Gondal_DC (Gujarat),Carting,1.9722222222222223,8,23.13288863546545,True
Budhana_Busstand_D (Uttar Pradesh),Sonipat_Kundli_H (Haryana),FTL,1.971825396825397,30,44.817886696891556,True
Betul_PatelWrd_D (Madhya Pradesh),Pandhurna_Mataward_D (Madhya Pradesh),FTL,1.9714574898785426,84,56.030673660087274,True
Gurgaon_Bilaspur_HB (Haryana),Noida_Sector63_L (Uttar Pradesh),Carting,1.9705882352941178,303,45.00201912808453,True
Rewari_YuktiDPP_D (Haryana),Dharuhera_Central_DPP_2 (Haryana),FTL,1.97,30,44.7662091252138,True
Benipur_Javahar_D (Bihar),Jhanjharpur_Nagar_D (Bihar),FTL,1.9696969696969697,37,23.905229480884994,True
Mangalore_Kuntikna_H (Karnataka),Bantwal_Trmltmpl_D (Karnataka),FTL,1.968954248366013,8,21.642249349767447,True
Rajamundry_AtoNgrRd_I (Andhra Pradesh),Draksharamam_Anaipeta_D (Andhra Pradesh),FTL,1.96875,12,30.118779369568884,True
Moga_DPC (Punjab),Bhatinda_DPC (Punjab),FTL,1.9686147186147185,4,55.744066301230376,True
Pali_Nayagaon_I (Rajasthan),Jaipur_Hub (Rajasthan),FTL,1.968503937007874,217,154.53036953292286,True
Aluva_Peedika_H (Kerala),Kottayam_Central_H_1 (Kerala),FTL,1.9661016949152543,20,45.02856980262777,True
Giddarbaha_DC (Punjab),Muktsar_DPC (Punjab),FTL,1.965192465192465,4,26.72423396392289,True
Delhi_Airport_H (Delhi),GZB_Mohan_Nagar_DPC (Uttar Pradesh),Carting,1.964705882352941,18,19.357017202390374,True
Gurgaon_Bilaspur_RP (Haryana),KN_RPC (Delhi),Carting,1.9645989974937343,66,32.26936364278237,True
Jaipur_Central_I_7 (Rajasthan),Tonk_DC (Rajasthan),Carting,1.9642857142857144,8,40.9115087439923,True
Mundakayam_Central_D_1 (Kerala),Karukachal_MnimlaRd_D (Kerala),Carting,1.9642857142857144,24,18.44217759831242,True
Gurgaon_Bilaspur_HB (Haryana),Meham_GModDPP_D (Haryana),FTL,1.9634146341463414,35,66.3361948886784,True
Dandeli_RKComplx_D (Karnataka),Hubli_Adargchi_IP (Karnataka),FTL,1.9632996632996633,42,44.89728225382005,True
Mandapeta_Mainrd_D (Andhra Pradesh),Rajamundry_AtoNgrRd_I (Andhra Pradesh),FTL,1.962962962962963,1,19.613452513398016,True
Delhi_Airport_H (Delhi),Noida_Sec 02_DPC (Uttar Pradesh),Carting,1.962962962962963,15,18.306611466132964,True
Kendujhar_Sirjudin_D (Orissa),Karanjia_Sarubali_D (Orissa),FTL,1.962962962962963,6,31.668118233543318,True
Konch_Central_D_2 (Uttar Pradesh),Rath_Mughlpra_D (Uttar Pradesh),FTL,1.9625,15,44.41150306687437,True
Khurdha_MunplDPP_D (Orissa),Bhubaneshwar_Hub (Orissa),Carting,1.9615384615384617,4,24.665229126818673,True
Chakia_Wardno10_D (Bihar),Motihari_RajaBzr_D (Bihar),FTL,1.9615384615384617,30,26.869020159717163,True
Hospet (Karnataka),Gangavathi_PhrmPlza_D (Karnataka),Carting,1.9615384615384615,48,18.613631903356428,True
Guwahati_Hub (Assam),Mangaldoi_LNBRoad_D (Assam),FTL,1.9605263157894737,12,44.68891138265476,True
Shahganj_KcharaRD_D (Uttar Pradesh),Badlapur_Bhaluahi_D (Uttar Pradesh),FTL,1.96011396011396,14,27.16948044870501,True
Biswan_PatelNGR_D (Uttar Pradesh),Sitapur_Chowk_D (Uttar Pradesh),FTL,1.959375,38,29.346155145739196,True
Chennai_Madhavaram_DPC (Tamil Nadu),MAA_Poonamallee_HB (Tamil Nadu),Carting,1.9590840840840842,8,22.8536969697876,True
Nandikotkr_UmarDPP_D (Andhra Pradesh),Atmakur_IndraNgr_D (Andhra Pradesh),FTL,1.9583333333333335,24,25.947096178861326,True
Nasirabad_Central_DPP_2 (Rajasthan),Ajmer_FoySGRRD_I (Rajasthan),FTL,1.9575163398692812,20,21.50496043114393,True
Bangarapet_KolarRd_D (Karnataka),Bengaluru_KGAirprt_HB (Karnataka),Carting,1.9574468085106382,21,37.62868830471157,True
Shujalpur_AstrdDPP_D (Madhya Pradesh),Bhopal_Trnsport_H (Madhya Pradesh),FTL,1.9569641523525019,12,55.70805054505613,True
Gurgaon_Bilaspur_HB (Haryana),Jhajjar_DC (Haryana),FTL,1.9565217391304348,29,41.997324007394106,True
Nanded_Aswningr_I (Maharashtra),Loha_SivjiCWK_D (Maharashtra),FTL,1.9565217391304348,30,28.915319426465405,True
Deesa_HawaiPlr_DC (Gujarat),Mehsana_Panchot_IP (Gujarat),FTL,1.955223880597015,65,66.12722495707646,True
Visakhapatnam_Gajuwaka_IP (Andhra Pradesh),Vishakhapatnam (Andhra Pradesh),Carting,1.9545454545454546,14,10.41398187995525,True
Dhubri_Tetultol_D (Assam),Bilasipara_Wardno5_D (Assam),FTL,1.9545454545454546,22,28.568436383684954,True
Jhalda_GMukrDPP_D (West Bengal),Durgapur_Central_I_1 (West Bengal),FTL,1.9506944444444443,98,89.1456690209649,True
Coimbatore_Karayam_H (Tamil Nadu),Cjb_Kovaipudur_Dc (Tamil Nadu),Carting,1.9500000000000002,8,23.472564211750974,True
Chimkurthy_MSRClgRd_D (Andhra Pradesh),Markapur_VidyaNgr_D (Andhra Pradesh),FTL,1.95,41,44.894394660461245,True
Delhi_Airport_H (Delhi),FBD_Balabhgarh_DPC (Haryana),Carting,1.95,135,18.18240709215675,True
Solapur_Central_I_2 (Maharashtra),Pandharpur_RajCmplx_D (Maharashtra),Carting,1.9487179487179487,73,36.62505889702715,True
Gurgaon_Bilaspur_RP (Haryana),Del_B_RPC (Delhi),Carting,1.9487179487179487,45,28.458410258756587,True
Shindkheda_KakaCplx_D (Maharashtra),Shirpur_KrantiNgr_D (Maharashtra),FTL,1.9484126984126984,4,15.782504107421392,True
Kundapura_DC (Karnataka),Bhatkal_KmkshBul_D (Karnataka),FTL,1.9473684210526314,8,32.45998822868914,True
Aurangabad_Central_H_1 (Maharashtra),Sillod_ZebaTWR_D (Maharashtra),Carting,1.944947209653092,8,41.243151502148066,True
Cjb_West_Dc (Tamil Nadu),Coimbatore_Karayam_H (Tamil Nadu),Carting,1.944927536231884,30,19.51214294665455,True
Kharagpur_DC (West Bengal),Midnapore_Talkui_D (West Bengal),FTL,1.9444444444444444,4,15.098380341113916,True
AurngbadBR_Mahindra_D (Bihar),Sasaram_Central_I_2 (Bihar),FTL,1.9444444444444444,13,35.83746345376931,True
Giridih_Shivalya_D (Jharkhand),Deoghar_Barmasia_D (Jharkhand),FTL,1.9433962264150944,3,44.42296320217346,True
Pandharpur_RajCmplx_D (Maharashtra),Solapur_Central_I_2 (Maharashtra),Carting,1.9423076923076923,39,37.38980251159839,True
Sasaram_Central_I_2 (Bihar),AurngbadBR_Mahindra_D (Bihar),FTL,1.9411764705882353,2,30.101974049544566,True
Hajo_Sardala_D (Assam),Guwahati_Hub (Assam),Carting,1.9411764705882353,2,19.648307554787806,True
Jalandhar_Sodal Road (Punjab),Ludhiana_MilrGanj_HB (Punjab),FTL,1.9411764705882353,33,44.79362843910901,True
Khammam_NSTRoad_I (Telangana),Kusumnchi_SKRoad_D (Telangana),FTL,1.9411764705882353,3,20.336159234736744,True
AurngbadBR_Mahindra_D (Bihar),DehriSone_Dilliyan_D (Bihar),FTL,1.9411764705882353,8,24.142906361277518,True
HanumanJNC_VijywdRD_D (Andhra Pradesh),Eluru_Agraharm_DC (Andhra Pradesh),FTL,1.941176470588235,4,16.354626918187385,True
Loha_SivjiCWK_D (Maharashtra),Gangakher_Busstand_D (Maharashtra),FTL,1.9409722222222223,32,31.14638113313604,True
Khammam_NSTRoad_I (Telangana),Miryalguda_Ragvendr_D (Telangana),FTL,1.9401515151515152,8,55.426875391252025,True
Udaipur_Mangri_I (Rajasthan),Pali_Nayagaon_I (Rajasthan),FTL,1.9391705069124425,118,88.88574023064838,True
Falna_SbhRDDPP_D (Rajasthan),MarwarJn_SndbrDPP_D (Rajasthan),FTL,1.9390243902439024,10,45.520454814653,True
Delhi_Airport_H (Delhi),Agra_Idgah_P (Uttar Pradesh),FTL,1.9384941675503713,32,99.65598581198003,True
Bagepalli_TBCross_D (Karnataka),Tumkur_Veersagr_I (Karnataka),Carting,1.938157894736842,10,49.70926282152647,True
Mysore_Yadvgiri_IP (Karnataka),Krishnarajngr_JublieRD_D (Karnataka),FTL,1.9375,27,23.809199699976936,True
Nandurbar_DhuleRd_D (Maharashtra),Sakri_DhuleRoad_D (Maharashtra),FTL,1.9375,2,32.75114397194638,True
Phulbani_Krusphrma_D (Orissa),Angul_Central_I_2 (Orissa),Carting,1.9370547581073896,10,58.975144219884946,True
Gurgaon_Bilaspur_HB (Haryana),Ranchi_Hub (Jharkhand),FTL,1.9363295880149813,727,528.1519086998017,True
Rudrapur_UdhamNgr_H (Uttarakhand),Sonipat_Kundli_H (Haryana),FTL,1.9359631147540983,186,132.9877287475957,True
Jangaon_Hanmkond_D (Telangana),Hyderabad_Shamshbd_H (Telangana),FTL,1.935897435897436,73,67.48382882548802,True
Ludhiana_MilrGanj_HB (Punjab),Chandigarh_Mehmdpur_H (Punjab),FTL,1.935483870967742,293,66.17042414726967,True
Jamjodhpur_Court_D (Gujarat),Junagadh_DPC (Gujarat),Carting,1.9351398601398602,96,36.77540523595604,True
Hyderabad_Alwal_I (Telangana),Hyderabad_Shamshbd_H (Telangana),Carting,1.9351395730706074,32,23.032299783835107,True
Cumbum_LFRoad_D (Tamil Nadu),Kattappana_Palikval_D (Kerala),FTL,1.934782608695652,7,18.120287067471807,True
Nashik_TgrniaRD_I (Maharashtra),Bhiwandi_Mankoli_HB (Maharashtra),FTL,1.9342105263157894,101,88.14203307492267,True
Tadipatri_CBRoad_D (Andhra Pradesh),Proddatur_Central_D_2 (Andhra Pradesh),FTL,1.9341221618164375,6,44.41118221302261,True
Bangalore_Nelmngla_H (Karnataka),Jaipur_Hub (Rajasthan),FTL,1.93349450394801,978,781.6385169655813,True
Khargram_BoiDPP_D (West Bengal),Kandi_DohalDPP_D (West Bengal),Carting,1.9333333333333333,5,9.88426504689839,True
Vansda_CikhliRD_D (Gujarat),Bilimora_DC (Gujarat),Carting,1.9333333333333333,33,28.477240341439117,True
Dehradun_Nirjanpur_L (Uttarakhand),Sonipat_Kundli_H (Haryana),Carting,1.9333333333333333,95,90.8580511718615,True
Bikaner_DC (Rajasthan),Nokha_DeVDPP_D (Rajasthan),FTL,1.9326530612244899,6,44.4458361405721,True
Ranchi_Hub (Jharkhand),Gurgaon_Bilaspur_HB (Haryana),FTL,1.9321710792562141,470,528.7734491281453,True
Amalapuram_Vijdurg_D (Andhra Pradesh),Draksharamam_Anaipeta_D (Andhra Pradesh),FTL,1.9313063063063063,18,23.134669662244107,True
Shimoga_DC (Karnataka),Bangalore_Nelmngla_H (Karnataka),FTL,1.9310344827586208,101,132.09833112829818,True
Bhiwandi_Mankoli_HB (Maharashtra),Chandigarh_Mehmdpur_H (Punjab),FTL,1.930921052631579,59,660.8818268134575,True
Gurgaon_Bilaspur_HB (Haryana),Bhubaneshwar_Hub (Orissa),FTL,1.930795847750865,853,660.2779085137499,True
Chandigarh_Mehmdpur_H (Punjab),YamunaNagar_DC (Haryana),FTL,1.930232558139535,3,45.06507995905441,True
Kittur_ColageRD_D (Karnataka),Hubli_Adargchi_IP (Karnataka),FTL,1.9301801801801801,6,44.28225155065971,True
Gurgaon_Bilaspur_HB (Haryana),Vijayawada_Rynapadu_H (Andhra Pradesh),FTL,1.9301470588235294,685,708.2602666336604,True
Hyderabad_Shamshbd_H (Telangana),Solapur_Central_I_2 (Maharashtra),FTL,1.9296711707733523,136,161.1176455939958,True
Kolkata_Dankuni_HB (West Bengal),Gurgaon_Bilaspur_HB (Haryana),FTL,1.9296020685356337,658,675.0930724378908,True
Pune_Tathawde_H (Maharashtra),Hubli_Adargchi_IP (Karnataka),FTL,1.9291338582677164,95,220.31504057340095,True
Junagadh_DPC (Gujarat),Veraval_DC (Gujarat),Carting,1.9291101055806936,16,41.3057593541665,True
Kurnool_AbbasNgr_I (Andhra Pradesh),Betamcherla_CmtNgRod_D (Andhra Pradesh),FTL,1.9285714285714286,1,22.383292082461,True
Chandigarh_Kharar_DC (Chandigarh),Chandigarh_Mullanpr_DC (Chandigarh),Carting,1.9285714285714286,38,9.899894751981577,True
Ahmedabad_East_H_1 (Gujarat),Surat_HUB (Gujarat),FTL,1.9267389437526836,300,122.51979834951501,True
Gadarwara_MPward_D (Madhya Pradesh),Bareli_SourvDPP_D (Madhya Pradesh),FTL,1.9253731343283582,21,44.21198821587825,True
Kodad_VidyaNgr_D (Telangana),Khammam_NSTRoad_I (Telangana),FTL,1.925,4,28.33344809464475,True
Manthani_Chaitnya_D (Telangana),Karimnagar_KamnHbRD_I (Telangana),FTL,1.925,25,44.49221524829829,True
Ajmer_FoySGRRD_I (Rajasthan),Pali_Nayagaon_I (Rajasthan),FTL,1.9245283018867925,103,89.2996416951791,True
Joda_Central_D_1 (Orissa),Karanjia_Sarubali_D (Orissa),FTL,1.924074074074074,6,46.55445527583673,True
Mehsana_Panchot_IP (Gujarat),Ahmedabad_East_H_1 (Gujarat),FTL,1.923885511651469,4,56.16126278918921,True
Chandigarh_Mehmdpur_H (Punjab),Patiala (Punjab),FTL,1.9233766233766234,6,27.32205133731626,True
Mylduthuri_Thiruviz_D (Tamil Nadu),Mannargudi_Vadasari_D (Tamil Nadu),FTL,1.9216575922565033,36,44.34394306801388,True
Bharatpur_DC (Rajasthan),Alwar_Central_I_1 (Rajasthan),FTL,1.9204545454545454,6,33.5019068123309,True
Bangalore_Nelmngla_H (Karnataka),Chitradurga_DC (Karnataka),FTL,1.9204054503157195,8,99.23089318621379,True
Vizag_Gajuwaka_L (Andhra Pradesh),Rajamundry_AtoNgrRd_I (Andhra Pradesh),FTL,1.9201814419863124,32,100.24056672401804,True
Sirkazhi_Pngktgudi_D (Tamil Nadu),Karaikal_Thalthru_DC (Pondicherry),FTL,1.920112781954887,16,28.907262481962647,True
Chandauli_ShubsNGR_D (Uttar Pradesh),Gahmar_Wardnor4_D (Uttar Pradesh),Carting,1.92,7,36.010899540006655,True
Delhi_Airport_H (Delhi),Delhi_North_R_8 (Delhi),Carting,1.919871794871795,66,10.29851907549472,True
Chennai_Egmore_C (Tamil Nadu),Chennai_Chrompet_PC (Tamil Nadu),Carting,1.9189189189189189,69,27.30475116688949,True
Mumbai Hub (Maharashtra),Pune_Tathawde_H (Maharashtra),FTL,1.9184883720930233,40,67.05108190238579,True
Bhubaneshwar_Hub (Orissa),Kolkata_Dankuni_HB (West Bengal),FTL,1.9183782712133228,402,202.22685661082107,True
Contai_Kanakpur_D (West Bengal),Kharagpur_DC (West Bengal),FTL,1.9181481481481482,8,55.18401060660956,True
Bishwanath_ChrliDPP_D (Assam),Guwahati_Hub (Assam),FTL,1.9176065162907268,32,100.52443700940127,True
Kirauli_AchneraRD_D (Uttar Pradesh),Agra (Uttar Pradesh),Carting,1.9166666666666667,1,10.176695000808987,True
Kunnathund_Pringla_D (Kerala),Aluva_Peedika_H (Kerala),Carting,1.9166666666666665,26,10.596715011233469,True
Kolkata_Dankuni_HB (West Bengal),Kharagpur_DC (West Bengal),FTL,1.9160798122065728,68,67.3826266073944,True
Weir_BsstdDPP_D (Rajasthan),Kherli_GodamDPP_D (Rajasthan),FTL,1.9154094827586206,8,23.06140137052328,True
Boisar_OstwlEmp_D (Maharashtra),Dahanu_KetyDPP_D (Maharashtra),Carting,1.9130434782608696,51,18.39414786173267,True
Baripada_KalikDPP_D (Orissa),Udala_NagplDPP_D (Orissa),FTL,1.9130434782608696,5,42.90521209537341,True
Naugchia_Vijayght_D (Bihar),Khagaria_GodamDPP_D (Bihar),FTL,1.9130434782608696,33,44.927535682364685,True
Nanjangud_RPRoad_D (Karnataka),Gundlupet_Swamylyt_D (Karnataka),FTL,1.9130434782608696,16,27.957682853938042,True
Jaipur_Central_I_7 (Rajasthan),Jaipur (Rajasthan),Carting,1.912878787878788,32,10.563486474424913,True
Chandigarh_Mehmdpur_H (Punjab),Amritsar_DPC (Punjab),FTL,1.9126984126984128,121,132.71197463680494,True
Bilaspur_GrmNgriya_D (Uttar Pradesh),Pilibhit_ViksClny_D (Uttar Pradesh),Carting,1.9125,7,36.5118346712651,True
Chandigarh_Mehmdpur_H (Punjab),Kathua_BOB_D (Jammu & Kashmir),FTL,1.9113403327807452,72,143.73683422157973,True
Gurgaon_Bilaspur_HB (Haryana),Muzaffrpur_Bbganj_I (Bihar),FTL,1.9097730209562336,720,451.931055854937,True
Surat_HUB (Gujarat),Surat_Pandesra_Gateway (Gujarat),Carting,1.9090909090909092,2,9.109091654619585,True
Patran_MheshNGR_D (Punjab),Chandigarh_Mehmdpur_H (Punjab),FTL,1.9090909090909092,9,22.460801730480068,True
Bangalore_Nelmngla_H (Karnataka),Bengaluru_Hoodi_IP (Karnataka),Carting,1.9089285714285715,72,25.523116180484717,True
Delhi_Airport_H (Delhi),Kanpur_Central_H_6 (Uttar Pradesh),FTL,1.9075944170771757,448,220.00922892311752,True
Patiala (Punjab),Chandigarh_Mehmdpur_H (Punjab),FTL,1.9053708439897699,10,22.752872842065077,True
Patancheru_Ameenpur_I (Telangana),Hyderabad_Shamshbd_H (Telangana),Carting,1.9023109243697478,62,24.828302764110887,True
Bagalkot_Sector4_D (Karnataka),Rona_GadagRD_D (Karnataka),FTL,1.901639344262295,51,44.48522453865888,True
Goa_Mapusa (Goa),Goa_ZuariNgr_IP (Goa),Carting,1.9011627906976745,4,22.571806910145305,True
Jaipur_Central_I_7 (Rajasthan),Chaksu_TonkRoad_D (Rajasthan),Carting,1.9,28,18.803860404527498,True
Limbdi_Busstand_D (Gujarat),Botad_DC (Gujarat),FTL,1.9,39,44.49017738762608,True
Chandigarh_Mehmdpur_H (Punjab),Chandigarh_Raiprvlg_L (Chandigarh),Carting,1.9,97,27.04370327793534,True
Mysore_Yadvgiri_IP (Karnataka),Nanjangud_RPRoad_D (Karnataka),FTL,1.9,17,22.86678733240727,True
DehriSone_Dilliyan_D (Bihar),AurngbadBR_Mahindra_D (Bihar),FTL,1.9,15,23.69081889124334,True
Cochin_PanditRd_D (Kerala),Aluva_Peedika_H (Kerala),Carting,1.9,23,18.51949627613974,True
Jeypore_Kelasahi_D (Orissa),Nabarangpr_PhdofDPP_D (Orissa),Carting,1.9,35,27.98420602966651,True
Pune_Tathawde_H (Maharashtra),Mumbai Hub (Maharashtra),FTL,1.8991307292842627,40,66.40297155547745,True
Bengaluru_KHRoad_I (Karnataka),Bangalore_Nelmngla_H (Karnataka),Carting,1.898981324278438,64,18.34578716604551,True
Sonipat_Kundli_H (Haryana),Meerut (Uttar Pradesh),FTL,1.8983050847457628,3,45.18325371556312,True
Gulbarga_Nehrugnj_I (Karnataka),Chittapur_GlbrgaRD_D (Karnataka),Carting,1.8982758620689655,70,27.173147030336132,True
Khatauli_TilakNgr_D (Uttar Pradesh),Meerut (Uttar Pradesh),FTL,1.8976480836236933,2,30.156701834350653,True
Hyderabad_Bownplly_C (Telangana),Hyderabad_Shamshbd_P (Telangana),Carting,1.8973684210526316,22,14.600959141667325,True
Chennai_Hub (Tamil Nadu),Chennai_Chrompet_DPC (Tamil Nadu),Carting,1.8954545454545455,22,9.194607396594076,True
Noida_Sector63_L (Uttar Pradesh),Gurgaon_Bilaspur_HB (Haryana),Carting,1.894736842105263,207,39.34616559048905,True
Georai_Bazarrd_D (Maharashtra),Shevgaon_VidyaNgr_D (Maharashtra),FTL,1.894736842105263,21,45.28600805378153,True
Hyderabad_Shamshbd_H (Telangana),Hyderabad_Chikdply_I (Telangana),Carting,1.894736842105263,69,18.799965254771134,True
Aland_RazaviRd_D (Karnataka),Gulbarga_Nehrugnj_I (Karnataka),Carting,1.893796992481203,54,27.060616890722027,True
Sasaram_Central_I_2 (Bihar),Gurgaon_Bilaspur_HB (Haryana),FTL,1.8937823834196892,257,418.4569970888394,True
Goa_Hub (Goa),Mangalore_Kuntikna_H (Karnataka),FTL,1.8934883720930231,28,166.04509850309324,True
Bhiwandi_Mankoli_HB (Maharashtra),Gurgaon_Bilaspur_HB (Haryana),FTL,1.8933030646992055,1269,550.4235418754713,True
Chabua_CollgeRD_D (Assam),DoomDooma_Pthrgoan_D (Assam),Carting,1.8928571428571428,9,27.01356798846268,True
Sawantwadi_LaxmiNgr_D (Maharashtra),Malvan_BllvMarg_D (Maharashtra),Carting,1.89272030651341,68,27.721355338709493,True
Junagadh_DPC (Gujarat),Jetpur_DC (Gujarat),FTL,1.8920454545454546,20,25.360670155187236,True
Hyd_Chandanagar_Dc (Telangana),Sangareddy_Pothredy_D (Telangana),Carting,1.8920454545454546,12,18.879357574902453,True
Kolhapur_Central_H_2 (Maharashtra),Surat_HUB (Gujarat),FTL,1.8914141414141414,23,264.0230738285691,True
Sagar_Bahreya_I (Madhya Pradesh),Mungaoli_AshkngRd_D (Madhya Pradesh),FTL,1.8912274166511454,10,66.85846490955103,True
Hisar_ModelTwn_P (Haryana),Gurgaon_Bilaspur_HB (Haryana),FTL,1.8910463861920173,70,88.4893262514983,True
Golaghat_BaruaRd_D (Assam),Jorhat_RicMilRd_D (Assam),FTL,1.8908268733850129,6,28.91124520899684,True
Hisar_ModelTwn_P (Haryana),Bhadra_GMndiDPP_D (Rajasthan),FTL,1.8904109589041096,3,45.05084802395914,True
Purulia_GariDPP_D (West Bengal),Jhalda_GMukrDPP_D (West Bengal),FTL,1.889328063241107,28,40.094384882761815,True
Jadcherla_Badeplly_D (Telangana),Hyderabad_Shamshbd_H (Telangana),FTL,1.8887179487179486,42,45.630937160117554,True
Hisar_ModelTwn_P (Haryana),Rawatsar_ShivmDPP_D (Rajasthan),FTL,1.8879233511586453,30,77.36647443744201,True
Gurgaon_Bilaspur_HB (Haryana),Ahmedabad_East_H_1 (Gujarat),FTL,1.8878841516597404,556,404.2650159870868,True
Muzaffrpur_Bbganj_I (Bihar),Dhaka_PchpkrRD_D (Bihar),FTL,1.8875,37,44.68644389633037,True
Jhajjar_DC (Haryana),Bhiwani_DC (Haryana),FTL,1.8846153846153846,27,44.34797942605685,True
Almora_SuzkiSrv_D (Uttarakhand),Pithorgarh_Kumud_D (Uttarakhand),FTL,1.8841123125218,30,44.47629368416947,True
Ankola_Kakrmath_D (Karnataka),Goa_Hub (Goa),FTL,1.8839285714285714,45,66.89459158494108,True
Dibrugarh_Bokule_H (Assam),DoomDooma_Pthrgoan_D (Assam),Carting,1.8837209302325582,7,36.24806594842365,True
Sitamari_Durma_D (Bihar),Pupri_SngihiRD_D (Bihar),FTL,1.883076923076923,40,22.96856763988532,True
Panipat_PC (Haryana),Sonipat_Kundli_H (Haryana),FTL,1.8823529411764706,17,44.641083547657374,True
Phagwara_Lovely_D (Punjab),Jalandhar_DPC (Punjab),Carting,1.8819444444444444,34,11.324016736330696,True
Kolhapur_Shivaji_I (Maharashtra),Satara_DC (Maharashtra),FTL,1.88135593220339,47,68.24685810350898,True
Sangareddy_Pothredy_D (Telangana),Patancheru_Ameenpur_I (Telangana),Carting,1.88,7,19.028269200168523,True
Dhanbad_Kalynpur_I (Jharkhand),Sasaram_Central_I_2 (Bihar),FTL,1.8798008534850639,52,154.2504133559265,True
Noida_Sec 02_DPC (Uttar Pradesh),Sikandrabd_GTRoad_D (Uttar Pradesh),FTL,1.8777777777777778,38,29.806900610777653,True
Jahu_Sulgwan_D (Himachal Pradesh),JognderNgr_Dhelu_D (Himachal Pradesh),FTL,1.8774909420289856,32,43.37683676112142,True
Pune_Tathawde_H (Maharashtra),Kolhapur_Shivaji_I (Maharashtra),FTL,1.8771551724137931,126,132.75217764640595,True
Muktsar_DPC (Punjab),Jalalabad_Muktsar_D (Punjab),FTL,1.8761904761904762,4,25.879731683399548,True
Machilipatnam_DC (Andhra Pradesh),Vuyyuru_BhogdDPP_D (Andhra Pradesh),FTL,1.876068376068376,6,29.41144411364994,True
Chamorshi_Central_DPP_1 (Maharashtra),Gadchiroli_Central_DPP_1 (Maharashtra),Carting,1.875,3,19.25316984631313,True
Gadchiroli_Central_DPP_1 (Maharashtra),Chamorshi_Central_DPP_1 (Maharashtra),Carting,1.875,10,22.03662861797217,True
Kanpur_Central_H_6 (Uttar Pradesh),Kanpur_GovndNgr_DC (Uttar Pradesh),Carting,1.875,39,18.4501337671342,True
Sagar_Bahreya_I (Madhya Pradesh),Khurai_Talaiya_D (Madhya Pradesh),FTL,1.875,3,45.20846429523107,True
Kanpur_Central_D_7 (Uttar Pradesh),Kanpur_Central_H_6 (Uttar Pradesh),Carting,1.875,13,9.34911198553665,True
Vaijiapur_YeolaRD_D (Maharashtra),Nashik_TgrniaRD_I (Maharashtra),Carting,1.875,179,55.49373602553638,True
Marakkanam_MJRDPP_D (Tamil Nadu),Kalpakkam_Sadras_D (Tamil Nadu),FTL,1.875,11,44.0725511642364,True
Rampur_RoshnBgh_I (Uttar Pradesh),Faridpur_ShjnprRD_D (Uttar Pradesh),FTL,1.875,1,23.062214316068737,True
Tiruchi (Tamil Nadu),Tiruchi_Samyaprm_D (Tamil Nadu),Carting,1.875,50,11.973924492862057,True
Bardhaman_Bankura_D (West Bengal),Durgapur_Central_I_1 (West Bengal),FTL,1.875,15,46.23082658584248,True
Tirupur_Koliplm_I (Tamil Nadu),Avinashi_Valluvar_D (Tamil Nadu),Carting,1.875,22,11.937484710632228,True
Ramanagara_BMRd_DC (Karnataka),Kanakapura_VaniThtr_D (Karnataka),FTL,1.8731884057971016,22,23.312758800147638,True
Amroha_SamitiRd_D (Uttar Pradesh),Sonipat_Kundli_H (Haryana),FTL,1.873015873015873,125,88.15679333584906,True
Kalpakkam_Sadras_D (Tamil Nadu),MAA_Poonamallee_HB (Tamil Nadu),FTL,1.872340425531915,35,45.09254324651201,True
Hiriyur_TahurDPP_D (Karnataka),Chitradurga_DC (Karnataka),FTL,1.8716108452950557,22,32.66239777893303,True
NeemKaThana_War5DPP_D (Rajasthan),Shrimadhopur_RLSTNDPP_D (Rajasthan),FTL,1.8715213358070502,2,30.032390880773505,True
Jowai_Ldthlabh_D (Meghalaya),Guwahati_Hub (Assam),FTL,1.870503597122302,5,67.6432544200801,True
Gurgaon_Bilaspur_HB (Haryana),Bhiwandi_Mankoli_HB (Maharashtra),FTL,1.8704512372634643,1615,551.0860936007932,True
Bijnor_NaginaRd_D (Uttar Pradesh),Najibabad_KotdwrRD_D (Uttar Pradesh),FTL,1.8704453441295548,24,27.47491198320686,True
Samana_PODPP_D (Punjab),Chandigarh_Mehmdpur_H (Punjab),FTL,1.8695652173913044,1,22.690462150875188,True
Bhiwandi_Mankoli_HB (Maharashtra),Sonipat_Kundli_H (Haryana),FTL,1.8695652173913044,739,594.9718538363802,True
Singrauli_Ward8DPP_D (Madhya Pradesh),Chopan_PreetDPP_D (Uttar Pradesh),FTL,1.8692307692307693,12,44.75325428149611,True
Bangalore_East_I_20 (Karnataka),Malur_NharuExt_D (Karnataka),Carting,1.8689931350114417,40,28.429646399537425,True
Dharamshala_GrudwrRd_D (Himachal Pradesh),Palampur_Cnsrvila_D (Himachal Pradesh),FTL,1.8681159420289855,6,22.48638933961373,True
Piparcity_BsstdDPP_D (Rajasthan),Gotan_DKLogDPP_D (Rajasthan),FTL,1.8678571428571429,6,26.858481872895474,True
Bilaspur_GrmNgriya_D (Uttar Pradesh),Baheri_HoliCDPP_D (Uttar Pradesh),Carting,1.8675213675213675,6,19.360549121402368,True
Ajmer_FoySGRRD_I (Rajasthan),Beawar_DC (Rajasthan),FTL,1.8666666666666667,48,44.36916602118714,True
DhrmpuriTS_HanumDPP_D (Telangana),Karimnagar_KamnHbRD_I (Telangana),FTL,1.8666666666666667,3,44.115058904667634,True
MughalSarai_Central_D_2 (Uttar Pradesh),Chandauli_ShubsNGR_D (Uttar Pradesh),Carting,1.8666666666666667,13,12.420686337349016,True
Faridabad (Haryana),FBD_Balabhgarh_DPC (Haryana),Carting,1.8666666666666667,46,9.513416291856368,True
Surat_Central_I_4 (Gujarat),Surat_Varachha_DC (Gujarat),Carting,1.8666666666666667,53,9.798283450051455,True
Delhi_Airport_H (Delhi),Lucknow_Pandriba_L (Uttar Pradesh),FTL,1.8646459304841114,20,232.46969230652968,True
Nanoor_Central_DPP_1 (West Bengal),Durgapur_Central_I_1 (West Bengal),FTL,1.8644067796610169,55,48.53766857997278,True
JoguGadwal_ColctrOf_D (Telangana),Wanaparthy_VallaDPP_D (Telangana),FTL,1.8626373626373627,18,26.57267227083011,True
Alappuzha_Pazhvedu_D (Kerala),Kottayam_Central_H_1 (Kerala),Carting,1.8624708624708626,38,18.18338951312377,True
Pukhrayan_Arulimod_D (Uttar Pradesh),Orai_Ajnari_D (Uttar Pradesh),FTL,1.8611111111111112,63,44.61881741593584,True
Bangalore_Nelmngla_H (Karnataka),Bengaluru_Peenya_IP (Karnataka),Carting,1.8605769230769231,40,10.016630495273171,True
Guna_Raghogrh_D (Madhya Pradesh),Gwalior_HrihrNgr_I (Madhya Pradesh),FTL,1.8604582577132487,86,132.94791512054098,True
Jalgaon_DC (Maharashtra),Raver_Truptingr_D (Maharashtra),Carting,1.8598104793756969,12,31.655305187350983,True
Madikeri_MuthpTmp_D (Karnataka),Ramanathapura_Central_D_2 (Karnataka),FTL,1.8596491228070176,49,44.62309345341399,True
Rajamundry_AtoNgrRd_I (Andhra Pradesh),Palakollu_CroadDPP_D (Andhra Pradesh),FTL,1.8596491228070176,15,45.16493787341676,True
AmaDubi_Bulabeda_D (West Bengal),ChandroknaRD_Central_DPP_3 (West Bengal),FTL,1.8591723874904653,20,44.67685638902097,True
Bhiwandi_Mankoli_HB (Maharashtra),Pune_Tathawde_H (Maharashtra),FTL,1.8588039867109636,354,72.05685919341602,True
Narayankhed_Datatrya_D (Telangana),Zahirabad_Mohim_D (Telangana),FTL,1.8585714285714285,46,41.98111163758327,True
Deoria_CCRoad_D (Uttar Pradesh),Salempur_Banjaria_D (Uttar Pradesh),FTL,1.8575,24,22.34764375542862,True
Kalyandurg_Shankrpa_D (Andhra Pradesh),Anantapur_KamaStrt_I (Andhra Pradesh),FTL,1.8571428571428572,57,44.65365751852128,True
Manamelkudi_TmpleSrt_D (Tamil Nadu),Sivaganga_Wardno3_D (Tamil Nadu),Carting,1.8571428571428572,157,54.02426339027843,True
Balangir_Rjndpara_D (Orissa),Sonepur_BrezeDPP_D (Orissa),FTL,1.8571428571428572,9,44.13045886699647,True
Moodbidri_MrdiVlge_D (Karnataka),Karkala_MarketRd_D (Karnataka),Carting,1.8571428571428572,19,14.252386779270266,True
Sonipat_Kundli_H (Haryana),Muzaffrngr_MhmodNgr_D (Uttar Pradesh),FTL,1.8565116768356829,42,66.0646094783502,True
Kurnool_AbbasNgr_I (Andhra Pradesh),Wanaparthy_VallaDPP_D (Telangana),FTL,1.8546511627906976,6,44.93214418024097,True
Gurgaon_Bilaspur_HB (Haryana),Chandigarh_Mehmdpur_H (Punjab),FTL,1.854502774221084,650,133.07651034164815,True
Vemulawada_Central_DPP_2 (Telangana),Jagtial_Aravind_D (Telangana),FTL,1.8541666666666665,2,28.085089791557415,True
Sankari_Trchngrd_D (Tamil Nadu),Erode (Tamil Nadu),FTL,1.8529411764705883,10,20.439715051893405,True
Itarsi_DivrsnRd_D (Madhya Pradesh),Betul_PatelWrd_D (Madhya Pradesh),FTL,1.851947656725502,80,58.875393250069806,True
Sonipat_Kundli_H (Haryana),Kurukshetra_DC (Haryana),FTL,1.8518518518518519,102,78.8529327122162,True
Delhi_Airport_H (Delhi),Delhi_Rohini_DPC (Delhi),Carting,1.8518518518518519,43,11.03060091677847,True
Surat_HUB (Gujarat),Vapi_IndEstat_I (Gujarat),FTL,1.8513603925066904,40,57.156231323947225,True
Salem_Kadtmpty_H (Tamil Nadu),Salem (Tamil Nadu),Carting,1.85,4,9.710703800942465,True
Koppa_BMRd_D (Karnataka),Madikeri_MuthpTmp_D (Karnataka),FTL,1.85,31,22.936356365777367,True
Bhiwandi_Mankoli_HB (Maharashtra),Ahmedabad_East_H_1 (Gujarat),FTL,1.8489543726235742,330,220.27365904859522,True
Bharatpur_NraynDPP_D (Rajasthan),Bayana_LalBagh_D (Rajasthan),FTL,1.847902097902098,6,44.421757938642884,True
Katni_Bargawan_DC (Madhya Pradesh),Barhi_Central_DPP_1 (Madhya Pradesh),FTL,1.8478260869565217,7,43.46418016383515,True
Dhule_MIDCAvdn_I (Maharashtra),Nandurbar_DhuleRd_D (Maharashtra),FTL,1.8465909090909092,12,55.71890611194351,True
Rona_GadagRD_D (Karnataka),Gadag_Cdosclrd_D (Karnataka),FTL,1.8461538461538463,32,26.99278567480637,True
Bhilwara_DC (Rajasthan),Rajsamand_kankroli_D (Rajasthan),FTL,1.8461538461538463,10,79.69653845029764,True
Rusera_Wardno4_D (Bihar),Manjhaul_Purbari_D (Bihar),FTL,1.8461538461538463,30,23.236665730342686,True
Noida_Sector02_C (Uttar Pradesh),Del_Okhla_PC (Delhi),Carting,1.8461538461538463,55,10.134935941451436,True
Zahirabad_Mohim_D (Telangana),Hyderabad_Shamshbd_H (Telangana),FTL,1.8456349206349207,110,66.48993084702118,True
Khanapur_StatinRD_D (Karnataka),Kittur_ColageRD_D (Karnataka),FTL,1.8453947368421053,4,25.699969977816902,True
Manuguru_AskNagar_D (Telangana),Sathupally_VidyaNGR_D (Telangana),FTL,1.8448867536032942,72,56.48573772782496,True
Tirupur_Koliplm_I (Tamil Nadu),Coimbatore_Karayam_H (Tamil Nadu),FTL,1.8448275862068966,38,23.31025850885377,True
Khanna_DC (Punjab),Ludhiana_MilrGanj_HB (Punjab),FTL,1.84375,12,27.202223785701662,True
Chandigarh_Mehmdpur_H (Punjab),Patiala_GainMrkt_L (Punjab),FTL,1.8433014354066986,14,27.563987796131237,True
Cuddalore_KtsiGrsm_D (Tamil Nadu),Chidambaram_ARBNorth_DC (Tamil Nadu),FTL,1.8425925925925926,22,30.66584313542484,True
Visakhapatnam_Gajuwaka_IP (Andhra Pradesh),Anakapalle_Kothuru_D (Andhra Pradesh),Carting,1.8421052631578947,15,18.050487243010128,True
Dhanbad_Kalynpur_I (Jharkhand),Madhupur_Sitarmrd_D (Jharkhand),FTL,1.8419972640218878,12,44.642699987325145,True
Hyd_Trimulgherry_Dc (Telangana),Medchal_MROoffce_D (Telangana),Carting,1.8419117647058822,2,13.143161306002865,True
Nadaun_Ward6_D (Himachal Pradesh),Chandigarh_Mehmdpur_H (Punjab),FTL,1.8412698412698412,141,110.07575951277649,True
Pune_Tathawde_H (Maharashtra),Vijayawada_Rynapadu_H (Andhra Pradesh),FTL,1.8397874028727061,340,397.86757381421273,True
Moradabad_DC (Uttar Pradesh),Rudrapur_UdhamNgr_H (Uttarakhand),FTL,1.839657282741738,64,60.01790686085576,True
Paithan_SantaNGR_D (Maharashtra),Aurangabad_Central_H_1 (Maharashtra),FTL,1.835483870967742,12,31.83396232102354,True
Muzaffrpur_Bbganj_I (Bihar),Madhubani_Bardivan_D (Bihar),FTL,1.8344748858447488,88,56.49339254436795,True
Degloor_Busstand_D (Maharashtra),Nanded_Aswningr_I (Maharashtra),Carting,1.8342366757000903,8,40.61042061336991,True
Haridwar (Uttarakhand),Rishikesh_DC (Uttarakhand),FTL,1.8333333333333333,17,19.05055393651704,True
Itahar_NatunDPP_D (West Bengal),Raiganj_SubrtDPP_D (West Bengal),Carting,1.8333333333333333,15,18.913610748719066,True
Gangavathi_PhrmPlza_D (Karnataka),Koppal_Banikatt_D (Karnataka),Carting,1.8333333333333333,75,28.204252075698275,True
Gurgaon_Kadipur (Haryana),Gurgaon_Manesar (Haryana),Carting,1.8333333333333333,19,10.283910006407073,True
Solapur_Central_I_2 (Maharashtra),Sangola_Central_DPP_3 (Maharashtra),Carting,1.8333333333333333,9,46.01690343155839,True
Chalisgaon_BhadgDPP_D (Maharashtra),Kannad_KolheDPP_D (Maharashtra),Carting,1.8333333333333333,3,19.578912862374075,True
Bethamangala_FshryOFC_D (Karnataka),Bangarapet_KolarRd_D (Karnataka),Carting,1.8333333333333333,27,10.59309253735034,True
Dhanbad_Kalynpur_I (Jharkhand),Kanpur_Central_H_6 (Uttar Pradesh),FTL,1.8313832695462002,96,363.7564850252146,True
Jaipur_Hub (Rajasthan),Udaipur_Mangri_I (Rajasthan),FTL,1.8313253012048192,179,177.20047965751155,True
JhumriTlya_RadhaCpx_D (Jharkhand),Gurgaon_Bilaspur_HB (Haryana),FTL,1.831159420289855,614,487.31562637371417,True
Garhshnker_Jagrata_D (Punjab),Machhiwara_MnBzrDPP_D (Punjab),FTL,1.8303167420814481,8,27.425187609950036,True
Chennai_Porur_DPC (Tamil Nadu),Chennai_Poonamallee (Tamil Nadu),Carting,1.8295454545454546,4,9.197954923748032,True
Kanpur_Central_H_6 (Uttar Pradesh),Gurgaon_Bilaspur_HB (Haryana),FTL,1.8289455942830175,628,220.0645939323723,True
Pune_Tathawde_H (Maharashtra),AhmedNagar_DC (Maharashtra),FTL,1.8285714285714285,18,77.76683782862048,True
RaisingNgr_BisnolDPP_D (Rajasthan),Hanumangarh_DC (Rajasthan),Carting,1.8279569892473118,75,54.52213876737793,True
Bhadaur_BChwkDPP_D (Punjab),Bhatinda_DPC (Punjab),FTL,1.8275862068965518,3,45.25712846337173,True
Durgapur_Central_I_1 (West Bengal),Bishnupur_StnRdDPP_D (West Bengal),Carting,1.826271186440678,6,31.88104111888171,True
Bishnupur_StnRdDPP_D (West Bengal),Durgapur_Central_I_1 (West Bengal),Carting,1.826086956521739,49,36.37016034040472,True
Surat_HUB (Gujarat),Delhi_Airport_H (Delhi),FTL,1.8255813953488371,773,484.7558795682068,True
Jalna_BhgyaNgr_D (Maharashtra),Aurangabad_Central_H_1 (Maharashtra),Carting,1.8249158249158248,16,41.824811997448464,True
Gurgaon_Bilaspur_HB (Haryana),Hyderabad_Shamshbd_H (Telangana),FTL,1.8241758241758241,1637,638.9227608009503,True
AhmedNagar_DC (Maharashtra),Ashti_SavtaHTL_D (Maharashtra),FTL,1.8235294117647058,3,45.54149436579538,True
Hyderabad_Alwal_I (Telangana),Hyd_Trimulgherry_Dc (Telangana),Carting,1.8235294117647058,1,9.11092270452614,True
Chennai_Chrompet_L (Tamil Nadu),MAA_Poonamallee_HB (Tamil Nadu),Carting,1.8235294117647058,87,18.187202475917,True
Durgapur_Central_I_1 (West Bengal),Asansol_DC (West Bengal),FTL,1.8235294117647058,9,23.081462972068024,True
Khatauli_TilakNgr_D (Uttar Pradesh),Sonipat_Kundli_H (Haryana),FTL,1.8229500687127804,2,33.811230475025795,True
Khammam_NSTRoad_I (Telangana),Kodad_VidyaNgr_D (Telangana),FTL,1.8229166666666665,24,29.01653018261416,True
Krishnarajpet_MuruPost_D (Karnataka),Koppa_BMRd_D (Karnataka),FTL,1.8227848101265822,45,44.54922807904181,True
Sonipat_Kundli_H (Haryana),Bahadurgarh_DC (Haryana),FTL,1.8215369059656217,20,25.109169729146465,True
Nalbari_Bhgtpura_D (Assam),Barpeta_ShivBari_D (Assam),FTL,1.821206743566992,12,46.079787338898726,True
Katihar_Central_D_2 (Bihar),Khagaria_GodamDPP_D (Bihar),FTL,1.8209523809523809,20,66.94878573884395,True
Malappuram_Munduprm_D (Kerala),Printhlmna_EmsPnmbi_D (Kerala),Carting,1.8203463203463204,6,12.242473442965046,True
Mulbagal_Sunku_D (Karnataka),Chintamani_Central_D_2 (Karnataka),Carting,1.8192934782608696,70,28.279557595826848,True
Mangrol_JilRDDPP_D (Gujarat),Veraval_DC (Gujarat),Carting,1.8191721132897603,24,22.788466617693032,True
Tirupur_Koliplm_I (Tamil Nadu),Tirpur_Palladam_DC (Tamil Nadu),Carting,1.818421052631579,10,17.77153022633607,True
Kangayam_Thvlrsrt_D (Tamil Nadu),Tirupur_Koliplm_I (Tamil Nadu),Carting,1.8181818181818181,51,18.61381864001909,True
Ludhiana_DC (Punjab),Ludhiana_MilrGanj_HB (Punjab),Carting,1.8181818181818181,2,9.118688386981988,True
Palitana_STRdDPP_D (Gujarat),Bhavnagar_Dc (Gujarat),FTL,1.81656346749226,4,32.385211705341085,True
Chinnasalem_VkotRoad_D (Tamil Nadu),Villupuram_Thirumtr_IP (Tamil Nadu),Carting,1.8138528138528138,146,46.193563025896964,True
Vijayawada_Rynapadu_H (Andhra Pradesh),Vuyyuru_BhogdDPP_D (Andhra Pradesh),FTL,1.8125,1,22.135946837315785,True
Kittur_ColageRD_D (Karnataka),Belgaum_Dc (Karnataka),FTL,1.811764705882353,8,31.56931550220161,True
ChrkhiDdri_PuranDPP_D (Haryana),Gurgaon_Bilaspur_HB (Haryana),FTL,1.8113207547169812,39,66.01884010357078,True
Bhiwani_DC (Haryana),Loharu_BstndDPP_D (Haryana),FTL,1.810672514619883,24,44.23174711101195,True
Kullu_AkhraBzr_D (Himachal Pradesh),Chandigarh_Mehmdpur_H (Punjab),FTL,1.810522002269575,32,99.29548167299073,True
Vellore_GndhiNgr_IP (Tamil Nadu),Arani_KrthiKyn_D (Tamil Nadu),FTL,1.8099798387096775,28,27.830280246126755,True
Hyderabad_Shamshbd_H (Telangana),Kolkata_Dankuni_HB (West Bengal),FTL,1.8097367462671037,110,618.5503968480853,True
Barh_Malahi_D (Bihar),Sheikhpura_Bgwtichk_D (Bihar),FTL,1.8095813204508857,6,30.684389361495157,True
Bankura_KeranDPP_D (West Bengal),Bishnupur_StnRdDPP_D (West Bengal),Carting,1.8095238095238095,27,25.4632190697764,True
Hamirpur_GutmgrCl_D (Himachal Pradesh),Sujanpur_SainkSCL_D (Himachal Pradesh),FTL,1.8095238095238095,7,15.773136808358268,True
Mumbai Hub (Maharashtra),Mumbai_East_I_21 (Maharashtra),Carting,1.809090909090909,60,18.495035129066995,True
Humnabad_EBroad_D (Karnataka),Bidar (Karnataka),FTL,1.8088235294117647,42,33.416647210015974,True
Ongole_SubhVRTL_I (Andhra Pradesh),MAA_Poonamallee_HB (Tamil Nadu),FTL,1.8082191780821917,141,155.5952860224551,True
Narsapur_Xroad_D (Telangana),Kamareddy_Devenply_I (Telangana),FTL,1.8081494057724958,18,45.55391278186592,True
Rajsamand_kankroli_D (Rajasthan),Udaipur_Mangri_I (Rajasthan),FTL,1.8078947368421052,40,45.94449506479322,True
DoomDooma_Pthrgoan_D (Assam),Namsai_HelipadRD_D (Arunachal Pradesh),Carting,1.8075980392156863,36,23.294657019272933,True
Duddhi_MChwkDPP_D (Uttar Pradesh),Renukoot_Govind_D (Uttar Pradesh),FTL,1.8070652173913042,6,19.206997451244696,True
Bangalore_East_I_20 (Karnataka),Bethamangala_FshryOFC_D (Karnataka),Carting,1.8064516129032258,9,45.14961116092925,True
Bengaluru_Hoodi_IP (Karnataka),Bangalore_Nelmngla_H (Karnataka),Carting,1.80625,68,23.802751859720328,True
Sehore_Mangalam_D (Madhya Pradesh),Ashta_ShantiNg_D (Madhya Pradesh),FTL,1.8055555555555554,30,39.546160045735284,True
Nabarangpr_PhdofDPP_D (Orissa),Pappadahandi_Central_DPP_2 (Orissa),Carting,1.8055555555555554,6,11.175433740059475,True
Shamli_KarnalRd_D (Uttar Pradesh),Budhana_Busstand_D (Uttar Pradesh),FTL,1.8055555555555554,14,22.295771136386264,True
Kamareddy_Devenply_I (Telangana),Bodhan_SuryaDPP_D (Telangana),FTL,1.8047619047619048,60,44.82778938340719,True
Haliya_PeroorRD_D (Telangana),Hyderabad_Shamshbd_H (Telangana),FTL,1.8043478260869565,56,67.53804261827614,True
Ramagundam_Pdmavati_D (Telangana),Karimnagar_KamnHbRD_I (Telangana),FTL,1.8043478260869565,7,46.5871361357947,True
Kolhapur_Shivaji_I (Maharashtra),Surat_HUB (Gujarat),FTL,1.8040226399838286,358,275.5063925032317,True
Bengaluru_Bomsndra_L (Karnataka),Bengaluru_Bomsndra_HB (Karnataka),Carting,1.8035714285714286,2,9.178345046414847,True
Kanpur_GovndNgr_DC (Uttar Pradesh),Kanpur_Central_H_6 (Uttar Pradesh),Carting,1.8035714285714286,4,9.50997480604726,True
Kakinada_DC (Andhra Pradesh),Tuni_Eaglvari_D (Andhra Pradesh),FTL,1.802439024390244,54,44.62062767720336,True
Pakur_Hatpada_D (Jharkhand),Dhanbad_Kalynpur_I (Jharkhand),FTL,1.8023485513608428,64,101.55270861447826,True
Gorakhpur_Matriprm_IP (Uttar Pradesh),Sikandarpur_Central_D_3 (Uttar Pradesh),FTL,1.8019607843137255,90,66.97947317984338,True
Rampur_RoshnBgh_I (Uttar Pradesh),Bareilly (Uttar Pradesh),FTL,1.8,48,44.57882442199906,True
FBD_Balabhgarh_DPC (Haryana),Gurgaon_Bilaspur_HB (Haryana),Carting,1.8,189,36.0344480185815,True
Mumbai Mahim (Maharashtra),Mumbai_CottonGreen_DPC (Maharashtra),Carting,1.8,2,9.331622809255778,True
Mumbai_Sanpada_I (Maharashtra),Mumbai_Nerul_D (Maharashtra),Carting,1.8,1,9.488173412678776,True
Gurgaon_Bilaspur_HB (Haryana),Delhi_Nangli_L (Delhi),Carting,1.8,45,29.65411157592268,True
Durgapur_Central_I_1 (West Bengal),Bankura_BhowmDPP_D (West Bengal),Carting,1.8,25,27.89783059385787,True
Khambhat_MotvdDPP_D (Gujarat),Anand_Vaghasi_IP (Gujarat),Carting,1.8,68,28.25491644898392,True
Ramanathapura_Central_D_2 (Karnataka),Hassan_Pandrnga_I (Karnataka),FTL,1.8,33,26.8735040552428,True
Blr_Domlur (Karnataka),Bengaluru_Bomsndra_PC (Karnataka),Carting,1.8,7,14.703884991482807,True
Karnal (Haryana),Sonipat_Kundli_H (Haryana),FTL,1.8,5,69.77789405728272,True
Bhadrachalam_ITDARd_D (Telangana),Sathupally_VidyaNGR_D (Telangana),FTL,1.8,3,44.275354560750905,True
Sakleshpur_RgvdrDPP_D (Karnataka),Chikmagalur_DC (Karnataka),FTL,1.7992202729044835,2,31.71282555554677,True
Arrah_Katira_D (Bihar),Arwal_Rozapar_D (Bihar),FTL,1.7980769230769231,20,29.37898580957242,True
Delhi_Gateway_HB (Delhi),Chandigarh_Mehmdpur_H (Punjab),FTL,1.7976190476190477,209,132.00259713864537,True
Makrana_Mwalibad_D (Rajasthan),Degana_BhukrdPP_D (Rajasthan),FTL,1.7970588235294118,36,44.35230852575309,True
Sinnar_Central_D_1 (Maharashtra),Sangamner_JawanChk_D (Maharashtra),Carting,1.796551724137931,48,28.27633324559861,True
Srikakulam_Kuslpram_I (Andhra Pradesh),Rajam_SamathBv_D (Andhra Pradesh),FTL,1.796376811594203,42,25.242715004603873,True
Gurgaon_Bilaspur_HB (Haryana),Vadodara_Karelibaug_DPC (Gujarat),FTL,1.7955271565495208,385,396.573389488168,True
Mandi_PlaceCol_D (Himachal Pradesh),Kullu_AkhraBzr_D (Himachal Pradesh),FTL,1.7945205479452055,34,28.0875535490731,True
Panipat (Haryana),Sonipat_Kundli_H (Haryana),FTL,1.7941176470588236,9,46.34757934874101,True
Kanpur_Central_H_6 (Uttar Pradesh),Fatehpur_Kotwali_D (Uttar Pradesh),FTL,1.7937925170068028,64,56.06524341215713,True
Ludhiana_GillChwk_DC (Punjab),Ludhiana_MilrGanj_HB (Punjab),Carting,1.7937062937062938,8,9.03961316480065,True
Manteswar_MemariRD_D (West Bengal),Nabadwip_Srirmpur_D (West Bengal),FTL,1.7916666666666667,3,22.24008666133108,True
Pathankot_DC (Punjab),Jassur_AadiDPP_D (Himachal Pradesh),FTL,1.7916666666666667,7,16.46939319018713,True
Gulbarga_Nehrugnj_I (Karnataka),Aland_RazaviRd_D (Karnataka),Carting,1.7894736842105263,18,29.475455794886166,True
Jalandhar_DC (Punjab),Nakodar_ChowkDPP_D (Punjab),FTL,1.7894736842105263,30,22.274343831635342,True
Mancherial_Hitech_D (Telangana),Bellmpalli_BasthDPP_D (Telangana),FTL,1.7894736842105263,1,20.997233684805742,True
Gauribidanur_Gurukrpa_D (Karnataka),Tumkur_Veersagr_I (Karnataka),Carting,1.7888888888888888,14,36.246074257646775,True
Chennai_Porur_DPC (Tamil Nadu),Chennai_Vepmpttu_DC (Tamil Nadu),Carting,1.7888888888888888,18,9.6410582084259,True
Khanpur_Nrsampt_D (Telangana),Mahbubabad_Yellanda_D (Telangana),FTL,1.788676236044657,38,30.498735584726404,True
Dadri_ICDCant_D (Uttar Pradesh),Noida_Sec 02_DPC (Uttar Pradesh),Carting,1.7884615384615383,24,17.106222592627553,True
Chandigarh_Mehmdpur_H (Punjab),Sonipat_Kundli_H (Haryana),FTL,1.787711814195995,96,100.04528095008806,True
Kurnool_AbbasNgr_I (Andhra Pradesh),Hyderabad_Shamshbd_H (Telangana),FTL,1.787593984962406,96,101.6957527983499,True
Bhubaneshwar_Hub (Orissa),Berhampur_Khajuria_I (Orissa),FTL,1.7873031077054065,96,100.16502268367432,True
Dhanbad_Kalynpur_I (Jharkhand),Giridih_Shivalya_D (Jharkhand),FTL,1.7872340425531914,15,39.04868054395633,True
Bengaluru_KGAirprt_HB (Karnataka),Malur_NharuExt_D (Karnataka),Carting,1.786628733997155,10,29.4380604330815,True
Guna_HnumnDPP_D (Madhya Pradesh),Ashokngr_Bypassrd_D (Madhya Pradesh),FTL,1.7863247863247862,22,36.155860554128644,True
Chandigarh_Mullanpr_DC (Chandigarh),Chandigarh_Mohali (Chandigarh),Carting,1.7857142857142858,40,10.637235560141441,True
Hyderabad_Shamshbd_H (Telangana),Warangal_HunterRd_I (Telangana),FTL,1.7831761006289308,110,88.920230967733,True
Meham_GModDPP_D (Haryana),Hansi_DelRdDPP_D (Haryana),FTL,1.7823529411764705,8,28.933542949505544,True
Vellore_GndhiNgr_IP (Tamil Nadu),MAA_Poonamallee_HB (Tamil Nadu),FTL,1.781929347826087,68,56.807739566871895,True
Narasnpeta_HudcoDPP_D (Andhra Pradesh),Tekkali_AmvdiDPP_D (Andhra Pradesh),FTL,1.78125,32,24.55926641951532,True
ChandroknaRD_Central_DPP_3 (West Bengal),AmaDubi_Bulabeda_D (West Bengal),FTL,1.7808219178082192,3,45.4627731895181,True
Jaora_RtlamNka_D (Madhya Pradesh),Ahmedabad_East_H_1 (Gujarat),FTL,1.780484697488746,208,155.18927053008917,True
Chandigarh_Mehmdpur_H (Punjab),Moga_DPC (Punjab),FTL,1.7788461538461537,126,88.68407343408603,True
Chennai_Porur_DPC (Tamil Nadu),MAA_Poonamallee_HB (Tamil Nadu),Carting,1.7777777777777777,10,18.194463034500032,True
Chennai_Alandur_C (Tamil Nadu),Chennai_Chrompet_PC (Tamil Nadu),Carting,1.7777777777777777,83,27.077078140866444,True
Chennai_Hub (Tamil Nadu),MAA_Poonamallee_HB (Tamil Nadu),Carting,1.7777777777777777,238,27.011093730114585,True
Aurangabad_Central_H_1 (Maharashtra),Jalna_BhgyaNgr_D (Maharashtra),Carting,1.7777777777777777,110,45.2237719040054,True
Surat_Central_I_4 (Gujarat),Navsari_DC (Gujarat),Carting,1.7777777777777777,14,14.114647560843128,True
DehraGopipur_Central_D_1 (Himachal Pradesh),Kangra_Gurkhari_D (Himachal Pradesh),FTL,1.7777777777777777,4,26.757763709259837,True
Chandigarh_Mehmdpur_H (Punjab),Naraingarh_Ward2DPP_D (Haryana),Carting,1.7777777777777777,5,27.100577920543216,True
Araria_Wardn13_D (Bihar),Raniganj_Central_DPP_1 (Bihar),FTL,1.7777777777777777,14,22.429945952132687,True
Anand_Vaghasi_IP (Gujarat),Umreth_Dakor_DC (Gujarat),Carting,1.7777777777777777,3,18.172236317653784,True
Bengaluru_Nelmngla_L (Karnataka),Gurgaon_Bilaspur_HB (Haryana),FTL,1.777644905069832,78,869.2753140832694,True
Ambala (Haryana),YamunaNagar_DC (Haryana),FTL,1.7765780730897012,18,44.77776264127543,True
Khammam_NSTRoad_I (Telangana),Suryapet_Krishna_D (Telangana),FTL,1.7762923351158646,42,44.872152483871616,True
Mannargudi_Vadasari_D (Tamil Nadu),Thirukkatupli_Poondi_D (Tamil Nadu),FTL,1.7762820512820512,30,45.21600228518091,True
Tiptur_YTRd_D (Karnataka),Hassan_Pandrnga_I (Karnataka),FTL,1.7758333333333334,6,45.150742311976316,True
Ashti_SavtaHTL_D (Maharashtra),Parner_Hindcwk_D (Maharashtra),FTL,1.77561282212445,4,55.933554243092146,True
Delhi_Airport_H (Delhi),Ghaziabad_Central_L_8 (Uttar Pradesh),Carting,1.7755102040816326,29,27.056065799607357,True
Hisar_IndstlAr_I (Haryana),Gurgaon_Bilaspur_HB (Haryana),FTL,1.7755102040816326,35,88.8575409088313,True
Sivakasi_Msstreet_DC (Tamil Nadu),Sankaran_Kovil_D (Tamil Nadu),FTL,1.775,34,32.523988835837535,True
Azamgarh_ChtwrDPP_D (Uttar Pradesh),Saraimeer_MsmcyDPP_D (Uttar Pradesh),FTL,1.7748868778280542,12,23.85513526894736,True
Kallikkad_Mutyvila_D (Kerala),Trivandrum_Pettah_D (Kerala),Carting,1.7747252747252746,2,13.171981259053881,True
Hyderabad_Shamshbd_H (Telangana),Bhubaneshwar_Hub (Orissa),FTL,1.7741935483870968,303,444.4073329502211,True
Sasaram_Central_I_2 (Bihar),Kanpur_Central_H_6 (Uttar Pradesh),FTL,1.7737226277372262,239,242.0297572138283,True
Bilasipara_Wardno5_D (Assam),Lakhipur_WrdN4DPP_D (Assam),FTL,1.773621041879469,30,24.29026548385267,True
Gurgaon_Bilaspur_HB (Haryana),MAA_Poonamallee_HB (Tamil Nadu),FTL,1.7717842323651452,1015,880.0971813264309,True
Bengaluru_Banshkri_DC (Karnataka),Bangalore_Nelmngla_H (Karnataka),Carting,1.7714285714285714,21,18.31244562895079,True
Gulbarga_Nehrugnj_I (Karnataka),Humnabad_EBroad_D (Karnataka),FTL,1.7714285714285714,60,44.66433262632437,True
Gangarampr_FulbaDPP_D (West Bengal),Balurghat_AkhirDPP_D (West Bengal),Carting,1.7713043478260868,24,18.484899807740675,True
Bhiwandi_Mankoli_HB (Maharashtra),Hyderabad_Shamshbd_H (Telangana),FTL,1.7708333333333333,671,311.2803351814899,True
Rupnarayanpur_Salanpur_D (West Bengal),Kolkata_Dankuni_HB (West Bengal),FTL,1.7708333333333333,49,112.28324317211828,True
Hubli_Adargchi_IP (Karnataka),Kittur_ColageRD_D (Karnataka),FTL,1.7694352159468438,12,44.78139980306634,True
Mansa_GreenVly_D (Punjab),Jhunir_BhaRDDPP_D (Punjab),FTL,1.7692307692307692,5,16.609504212294866,True
Noida_Sector02_C (Uttar Pradesh),Kanpur_Central_H_6 (Uttar Pradesh),FTL,1.7688747249411945,170,198.48958105898657,True
Chandigarh_Mehmdpur_H (Punjab),Jammu_TrnptNgr_L (Jammu & Kashmir),FTL,1.7680250783699059,30,177.1158246312384,True
Basta_Central_DPP_1 (Orissa),Kolkata_Dankuni_HB (West Bengal),FTL,1.7679824561403508,8,99.4389734889777,True
Bewar_BndhuTRH_D (Uttar Pradesh),Kanpur_Central_H_6 (Uttar Pradesh),Carting,1.7678571428571428,141,45.369225440932816,True
Bengaluru_Bomsndra_HB (Karnataka),Bengaluru_Bnnrghta_L (Karnataka),Carting,1.7673611111111112,2,10.381722368859071,True
Ramgarh_HotelPrk_D (Jharkhand),Hazaribag_BodomBzr_DC (Jharkhand),FTL,1.7672672672672673,42,43.44741403844232,True
Gangapur_Ward6DPP_D (Rajasthan),Jaipur_Central_I_7 (Rajasthan),Carting,1.7664335664335664,22,54.31288404004065,True
Haveri_GuttalRD_D (Karnataka),Ukkadagatri_Tuminkte_D (Karnataka),Carting,1.7660738714090287,96,33.1532635817578,True
Tirur_PmthuKlm_D (Kerala),Kozhikode_Feroke_H (Kerala),FTL,1.7648953301127213,2,28.966247826115662,True
Bangarapet_KolarRd_D (Karnataka),Bethamangala_FshryOFC_D (Karnataka),Carting,1.7647058823529411,32,11.853661836979299,True
Bengaluru_South_D_20 (Karnataka),Bengaluru_Sarjapur_D (Karnataka),Carting,1.7647058823529411,2,9.028851667115056,True
Nashik_TgrniaRD_I (Maharashtra),Shirdi_SaiBansi_D (Maharashtra),Carting,1.7647058823529411,15,37.58637648866525,True
Jaipur_Central_I_7 (Rajasthan),Dudu_NrainaRD_D (Rajasthan),Carting,1.7636363636363637,35,36.43949449587321,True
Mancherial_Hitech_D (Telangana),Karimnagar_KamnHbRD_I (Telangana),FTL,1.7631160572337041,18,45.629869797842744,True
Gurgaon_Bilaspur_HB (Haryana),Hisar_IndstlAr_I (Haryana),FTL,1.7626641651031894,28,89.0046555049995,True
Kolkata_Dankuni_HB (West Bengal),Bhubaneshwar_Hub (Orissa),FTL,1.7626217712922916,452,199.62361229318105,True
Bettiah_BypassRd_D (Bihar),Narktiganj_Central_DPP_2 (Bihar),FTL,1.7624223602484472,30,32.63481689392393,True
Gudivada_GvrCompx_D (Andhra Pradesh),Machilipatnam_DC (Andhra Pradesh),FTL,1.7623529411764705,38,24.27230477089296,True
Bellary_Dc (Karnataka),Molakalmuru_KnsgraRD_D (Karnataka),FTL,1.7623007623007623,30,44.7348579806886,True
SawaiMadhopur_Central_DPP_1 (Rajasthan),Jaipur_Central_I_7 (Rajasthan),Carting,1.7619565217391304,36,59.23366921584209,True
Ashokngr_Bypassrd_D (Madhya Pradesh),Guna_Raghogrh_D (Madhya Pradesh),FTL,1.7611940298507462,27,44.38603491125668,True
Nalgonda_HydRoad_DC (Telangana),Hyderabad_Shamshbd_H (Telangana),FTL,1.7605603448275862,70,67.65363586947254,True
Anantapur_KamaStrt_I (Andhra Pradesh),Dharmavram_SaiNgr_D (Andhra Pradesh),FTL,1.76,25,23.16750681430276,True
Kolkata_Dankuni_HB (West Bengal),Dhanbad_Kalynpur_I (Jharkhand),FTL,1.7581303831303832,76,133.24699458133028,True
Sonipat_Kundli_H (Haryana),Roorkee_IOTCEncl_L (Uttarakhand),FTL,1.7578817733990149,90,77.846354829691,True
Gurgaon_Bilaspur_HB (Haryana),Pune_Tathawde_H (Maharashtra),FTL,1.7577352472089314,1120,572.6895379696227,True
RoopNagar_ChotiHvl_DC (Punjab),AnandprShb_PnjPiara_D (Punjab),FTL,1.7575757575757576,38,26.888571634504935,True
Madakasira_RTCStand_D (Andhra Pradesh),Pavagada_PnukndRD_D (Karnataka),Carting,1.7573529411764706,32,13.255119116459058,True
Karimnagar_DC (Telangana),Jagtial_Aravind_D (Telangana),FTL,1.7568710359408035,2,33.497936429055414,True
SultnBthry_Kollgpra_D (Kerala),Bangalore_Nelmngla_H (Karnataka),FTL,1.7567567567567568,119,118.46215994878789,True
Bhiwandi_Mankoli_HB (Maharashtra),Solapur_Central_I_2 (Maharashtra),FTL,1.7555555555555555,113,198.07637494163103,True
Eluru_Agraharm_DC (Andhra Pradesh),Kaikaluru_Atapaka_D (Andhra Pradesh),FTL,1.7541666666666667,14,20.09157086833706,True
Hanumangarh_DC (Rajasthan),Ganga Nagar_DC (Rajasthan),FTL,1.7541478129713424,18,44.796607101802465,True
Mudigere_HesglDPP_D (Karnataka),Sakleshpur_RgvdrDPP_D (Karnataka),FTL,1.7539184952978055,20,24.608827574486963,True
Hyderabad_Shamshbd_H (Telangana),Hyderabad_Tolichwk_I (Telangana),Carting,1.753030303030303,38,16.547573573044836,True
Gurgaon_Bilaspur_HB (Haryana),Bhopal_Trnsport_H (Madhya Pradesh),FTL,1.7523526385862986,458,308.1851865614667,True
Pazhayannur_AlathurRD_D (Kerala),Thrissur_Poothole_D (Kerala),Carting,1.75,39,27.01089508203697,True
Ghanpur_Palakrty_D (Telangana),Jangaon_Hanmkond_D (Telangana),FTL,1.75,25,23.50514263273418,True
Bengaluru_Bomsndra_HB (Karnataka),BLR_JPNagar_Pc (Karnataka),Carting,1.75,56,13.144858873250335,True
Shrirampur_DavkharRd_D (Maharashtra),Shirdi_SaiBansi_D (Maharashtra),Carting,1.75,39,18.55591393977436,True
Umreth_Dakor_DC (Gujarat),Anand_Vaghasi_IP (Gujarat),Carting,1.75,42,18.481663326566157,True
Jorhat_RicMilRd_D (Assam),Sivasagar_Babupaty_D (Assam),FTL,1.75,33,45.18100978967989,True
FBD_Balabhgarh_DPC (Haryana),Faridabad_Blbgarh_DC (Haryana),Carting,1.75,46,12.956213058056782,True
Neyatinkra_Arlumodu_D (Kerala),Kallikkad_Mutyvila_D (Kerala),Carting,1.75,34,9.877958348580275,True
Jadcherla_Badeplly_D (Telangana),Shadnagar_Central_D_1 (Telangana),FTL,1.75,9,23.74834080071976,True
Chintamani_Central_D_2 (Karnataka),Bangalore_East_I_20 (Karnataka),Carting,1.75,27,28.195370518229755,True
Tamluk_Central_DPP_2 (West Bengal),Haldia_Central_D_2 (West Bengal),Carting,1.75,7,24.283643250053004,True
BLR_JPNagar_Pc (Karnataka),Bengaluru_Bomsndra_HB (Karnataka),Carting,1.75,40,14.587553428331251,True
Vijayawada (Andhra Pradesh),Nandigama_Chndrlpd_D (Andhra Pradesh),Carting,1.75,42,27.498503488155478,True
Varanasi_Central_H_4 (Uttar Pradesh),Varanasi (Uttar Pradesh),Carting,1.75,1,9.0275126850741,True
Kumta_Central_DPP_2 (Karnataka),Ankola_Kakrmath_D (Karnataka),FTL,1.7495652173913043,12,26.91534203707743,True
Ariyalur_Kmrajngr_D (Tamil Nadu),Jayamkondan_Chithbrm_D (Tamil Nadu),FTL,1.7488505747126437,34,28.48150121436586,True
Bhubaneshwar_Hub (Orissa),Bhadrak_Central_I_2 (Orissa),FTL,1.7486215538847119,60,67.08204950605544,True
Gurgaon_Bilaspur_HB (Haryana),Sonipat_Kundli_H (Haryana),Carting,1.747093023255814,740,45.108691062377645,True
Ahmedabad_East_H_1 (Gujarat),Kapadvanj_Busstand_D (Gujarat),Carting,1.7467948717948718,6,32.17936780078199,True
Honnavar_Prbhtngr_D (Karnataka),Ankola_Kakrmath_D (Karnataka),FTL,1.7460407239819005,8,43.8656831187955,True
Darbhanga (Bihar),Benipur_Javahar_D (Bihar),FTL,1.7445652173913042,40,24.010565251157402,True
Madurai_Kappalur_H (Tamil Nadu),Sivakasi_Msstreet_DC (Tamil Nadu),FTL,1.744186046511628,51,44.46627658497928,True
Ahmedabad_East_H_1 (Gujarat),Gurgaon_Bilaspur_HB (Haryana),FTL,1.744105335098885,558,398.71049567406567,True
Sakri_DhuleRoad_D (Maharashtra),Nandurbar_DhuleRd_D (Maharashtra),FTL,1.742014742014742,18,31.81302336340398,True
Vadodara_Karelibaug_DPC (Gujarat),Surat_HUB (Gujarat),FTL,1.7419354838709677,147,89.03888199394022,True
Hyderabad_Shamshbd_H (Telangana),Kurnool_AbbasNgr_I (Andhra Pradesh),FTL,1.7419354838709677,127,110.05820022954308,True
Gurgaon_Bilaspur_HB (Haryana),Dholpur_GtRoad_D (Rajasthan),FTL,1.7418941784424018,50,121.68307201538559,True
Pondicherry_Vasanthm_I (Pondicherry),Cuddalore_KtsiGrsm_D (Tamil Nadu),FTL,1.7413793103448276,12,20.43669041247513,True
Bangalore_Nelmngla_H (Karnataka),MAA_Poonamallee_HB (Tamil Nadu),FTL,1.7408999307261164,182,154.49667690431693,True
Mangalore_Kuntikna_H (Karnataka),Manjeshwar_Central_D_1 (Kerala),FTL,1.7407407407407407,3,21.42491046785313,True
Haldia_Central_D_2 (West Bengal),Panskura_Central_D_3 (West Bengal),Carting,1.7404761904761905,26,36.723883105140175,True
Pavagada_PnukndRD_D (Karnataka),Puttaprthi_Gokulam_D (Andhra Pradesh),Carting,1.7393530997304583,96,37.094507700797465,True
Unnao_VikasRam_D (Uttar Pradesh),Kanpur_Central_H_6 (Uttar Pradesh),Carting,1.7391304347826086,13,18.073114351469503,True
Mungaoli_AshkngRd_D (Madhya Pradesh),Bina_Srvdycwk_D (Madhya Pradesh),FTL,1.7391304347826086,14,25.310506708552268,True
Berhampore_Central_I_2 (West Bengal),Katwa_BSarani_D (West Bengal),Carting,1.7391304347826086,89,36.4117960417578,True
Parbatsar_AjmhwDPP_D (Rajasthan),Makrana_Mwalibad_D (Rajasthan),FTL,1.7386363636363638,6,18.581864418565242,True
Anantapur_KamaStrt_I (Andhra Pradesh),Bangalore_Nelmngla_H (Karnataka),FTL,1.7386128364389233,72,111.77574009819355,True
Melur_MduraiRD_D (Tamil Nadu),Madurai_Kappalur_H (Tamil Nadu),FTL,1.737037037037037,26,32.380356575249394,True
Nuzvid_Ward17_D (Andhra Pradesh),HanumanJNC_VijywdRD_D (Andhra Pradesh),FTL,1.736842105263158,3,20.759846021535743,True
Parner_Hindcwk_D (Maharashtra),Shirur_Central_DPP_3 (Maharashtra),FTL,1.736842105263158,1,19.356760737553223,True
Bengaluru_Bomsndra_HB (Karnataka),Kerala_Cochin_L (Kerala),FTL,1.7348495274795852,16,187.50511834586564,True
Angul_Central_I_2 (Orissa),Sonepur_BrezeDPP_D (Orissa),Carting,1.7347799259563965,14,67.91738614173292,True
Bangalore_Nelmngla_H (Karnataka),Gurgaon_Bilaspur_HB (Haryana),FTL,1.7345395751989159,3316,866.8271887452806,True
Delhi_Airport_H (Delhi),Hisar_ModelTwn_P (Haryana),FTL,1.734375,7,88.94000828385902,True
Hyderabad_Shamshbd_H (Telangana),Hyderabad_Alwal_I (Telangana),Carting,1.7338638373121131,48,25.553430571070507,True
Coimbatore_Karayam_H (Tamil Nadu),Sathyamangalam_Mlydpthr_D (Tamil Nadu),Carting,1.7333333333333334,64,28.156920602170587,True
Mumbai_CottonGreen_DPC (Maharashtra),Bhiwandi_Mankoli_HB (Maharashtra),Carting,1.7329545454545454,4,24.60582804669702,True
AmaDubi_Bulabeda_D (West Bengal),Kharagpur_DC (West Bengal),FTL,1.7327505827505827,4,55.45003437274218,True
Indi_SindgiRD_D (Karnataka),Aland_RazaviRd_D (Karnataka),Carting,1.7325367647058822,142,45.25174999017213,True
Surat_HUB (Gujarat),Bangalore_Nelmngla_H (Karnataka),FTL,1.7323290845886443,935,528.5735837685779,True
Amreli_MrktYrd_DC (Gujarat),Amreli_Rajula_DC (Gujarat),FTL,1.7321428571428572,24,56.72557125144693,True
Ahmedabad_East_H_1 (Gujarat),Amd_Chandkheda_Dc (Gujarat),Carting,1.7321428571428572,106,18.732072226893944,True
Hisar_IndstlAr_I (Haryana),Hanumangarh_DC (Rajasthan),FTL,1.7321428571428572,21,88.64543330453465,True
Lalsot_NWclyDPP_D (Rajasthan),Jaipur_Central_I_7 (Rajasthan),Carting,1.7320574162679425,64,37.05942192201482,True
Jaisalmer_Gopa3PL_D (Rajasthan),Phalodi_PalikDPP_D (Rajasthan),FTL,1.7311827956989247,7,88.15899473577417,True
Madhubani_Bardivan_D (Bihar),Jaynagar_Wardno6_D (Bihar),FTL,1.7307692307692308,42,25.97469780967254,True
Tumkur_Veersagr_I (Karnataka),Doddablpur_ChikaDPP_D (Karnataka),Carting,1.729490022172949,72,32.21105565519991,True
Allahabad_Central_H_1 (Uttar Pradesh),Kanpur_Central_H_6 (Uttar Pradesh),FTL,1.728813559322034,141,111.00096232361122,True
Channaraya_patna_D (Karnataka),Nagamangala_MandyaRD_D (Karnataka),FTL,1.7272727272727273,24,31.296145224742688,True
Panipat (Haryana),Karnal (Haryana),FTL,1.7266233766233765,10,31.539490933606384,True
Vijayawada_Rynapadu_H (Andhra Pradesh),Ongole_SubhVRTL_I (Andhra Pradesh),FTL,1.7256896071329062,18,77.37139295704682,True
MAA_Poonamallee_HB (Tamil Nadu),Bangalore_Nelmngla_H (Karnataka),FTL,1.725493963233361,208,154.69429571855213,True
Muzaffrpur_Bbganj_I (Bihar),Purnia_Central_H_2 (Bihar),FTL,1.7252747252747254,209,132.29327941017343,True
Gurgaon_Bilaspur_HB (Haryana),Jaipur_RIICO_L (Rajasthan),FTL,1.7249096748293857,180,110.3628753028666,True
Sangamner_JawanChk_D (Maharashtra),Shrirampur_DavkharRd_D (Maharashtra),Carting,1.724747474747475,54,34.80333160300809,True
Udgir_NlgaonRd_D (Maharashtra),Nanded_Aswningr_I (Maharashtra),Carting,1.7244897959183674,10,50.165282555679696,True
Nandigama_Chndrlpd_D (Andhra Pradesh),Vijayawada (Andhra Pradesh),Carting,1.7241379310344827,1,38.92396451014306,True
Central Goa (Goa),Goa_ZuariNgr_IP (Goa),Carting,1.7241379310344827,3,13.794376962270578,True
Gorakhpur_Matriprm_IP (Uttar Pradesh),Anandnagar_LohiaDPP_D (Uttar Pradesh),Carting,1.7222222222222223,20,27.159378846064158,True
Pappadahandi_Central_DPP_2 (Orissa),Umerkote_Central_DPP_1 (Orissa),Carting,1.7222222222222223,6,32.46112854005513,True
Sunam_DC (Punjab),Patiala_GainMrkt_L (Punjab),FTL,1.7222222222222223,6,44.34417905696931,True
Nawanshahr_DC (Punjab),Machhiwara_MnBzrDPP_D (Punjab),FTL,1.7211538461538463,10,23.95563818119098,True
Bengaluru_Bomsndra_HB (Karnataka),Bengaluru_KHRoad_I (Karnataka),Carting,1.7207792207792207,54,16.850666836782523,True
DalsinghSarai_Wardno13_D (Bihar),Rusera_Wardno4_D (Bihar),FTL,1.72,22,20.88002403728889,True
Bhopal_Trnsport_H (Madhya Pradesh),Gurgaon_Bilaspur_HB (Haryana),FTL,1.7195121951219512,671,308.0081669672321,True
Hubli_Adargchi_IP (Karnataka),Bangalore_Nelmngla_H (Karnataka),FTL,1.7193801833260585,64,187.97114314489892,True
Faridabad_Mthurard_L (Haryana),Gurgaon_Bilaspur_HB (Haryana),Carting,1.71875,159,36.125579744219046,True
Hura_Central_D_1 (West Bengal),Purulia_GariDPP_D (West Bengal),FTL,1.7182539682539684,30,26.778558740625652,True
Thirumalagiri_Xroad_D (Telangana),Hyderabad_Uppal_I (Telangana),FTL,1.7182539682539684,68,66.6307564916221,True
MAA_Poonamallee_HB (Tamil Nadu),Visakhapatnam_Gajuwaka_IP (Andhra Pradesh),FTL,1.717687074829932,49,375.6067104386489,True
Paranpur_Nijgan_D (West Bengal),Chanchal_BargaDPP_D (West Bengal),Carting,1.717204301075269,6,18.4864120786037,True
Pali_Nayagaon_I (Rajasthan),Jalore_RoopNgr_D (Rajasthan),FTL,1.717142857142857,20,55.696927116962975,True
Bilimora_DC (Gujarat),Vansda_CikhliRD_D (Gujarat),Carting,1.7165178571428572,80,28.112887506983498,True
Junagadh_keshod_DC (Gujarat),Veraval_DC (Gujarat),Carting,1.7148148148148148,10,27.449326078839853,True
Ahmedabad_Paldi_D (Gujarat),Ahmedabad_East_H_1 (Gujarat),Carting,1.7142857142857142,35,9.955912810398004,True
Anantapur_KamaStrt_I (Andhra Pradesh),Gooty_StatonRd_D (Andhra Pradesh),FTL,1.7142857142857142,51,45.04402231276613,True
Roorkee_Dc (Uttarakhand),Haridwar (Uttarakhand),FTL,1.7142857142857142,27,25.281804880637043,True
Alwar_Central_I_1 (Rajasthan),Bharatpur_NraynDPP_D (Rajasthan),FTL,1.7142857142857142,51,46.0313201813562,True
Dhule_MIDCAvdn_I (Maharashtra),Shirpur_KrantiNgr_D (Maharashtra),FTL,1.7142857142857142,9,44.77533230160852,True
Sivaganga_Wardno3_D (Tamil Nadu),Thiruvadanai_RamnadRD_D (Tamil Nadu),Carting,1.7142857142857142,75,27.551916545370663,True
Bhadra_GMndiDPP_D (Rajasthan),Sidhmukh_MnbzrDPP_D (Rajasthan),FTL,1.7142857142857142,1,21.950662093584118,True
Barbil_PunjbiPd_D (Orissa),Kendujhar_Sirjudin_D (Orissa),FTL,1.7142857142857142,3,52.47944010825888,True
Gurgaon_Bilaspur_HB (Haryana),Delhi_Nangli_IP (Delhi),Carting,1.7142857142857142,67,27.0221819889938,True
Delhi_PunjabiB_L (Delhi),Gurgaon_Bilaspur_HB (Haryana),Carting,1.7142857142857142,99,30.97664270720222,True
Coimbatore_Karayam_H (Tamil Nadu),Tirupur_Koliplm_I (Tamil Nadu),FTL,1.712820512820513,22,23.01694591146409,True
Khetri_NagarDPP_D (Rajasthan),NeemKaThana_War5DPP_D (Rajasthan),FTL,1.7126829268292685,4,29.198393552695304,True
Mangalore_Kuntikna_H (Karnataka),Bangalore_Nelmngla_H (Karnataka),FTL,1.7121050130672368,52,155.25727091370902,True
Agra_Idgah_L (Uttar Pradesh),Gurgaon_Bilaspur_HB (Haryana),FTL,1.7117940199335546,16,100.37460156113337,True
Oriyur_Vllyaprm_D (Tamil Nadu),Manamelkudi_TmpleSrt_D (Tamil Nadu),Carting,1.7113095238095237,60,23.686863112829393,True
Bongaigaon_Chpaguri_D (Assam),Kokrajhar_PigonDPP_D (Assam),FTL,1.7112794612794613,18,26.825804308505987,True
Shajapur_MhpraRD_D (Madhya Pradesh),Bhopal_Trnsport_H (Madhya Pradesh),FTL,1.7111111111111112,24,79.03889706296066,True
Kaithal_DC (Haryana),Assandh_MhrjaDPP_D (Haryana),FTL,1.7100840336134453,42,34.02229406789342,True
Navsari_DC (Gujarat),Bilimora_DC (Gujarat),Carting,1.7083333333333333,21,18.572680600909727,True
Delhi_Kapshera_L (Delhi),Gurgaon_Bilaspur_HB (Haryana),Carting,1.7082228116710874,164,25.05833185145672,True
Faridabad_MohnVRTL_D (Haryana),FBD_Balabhgarh_DPC (Haryana),Carting,1.707142857142857,8,12.190543944245647,True
Parvathipuram_Central_D_2 (Andhra Pradesh),Srikakulam_Kuslpram_I (Andhra Pradesh),FTL,1.7066683316683315,4,56.97407365854089,True
Usilampatti_MrutiNGR_D (Tamil Nadu),Kattappana_Palikval_D (Kerala),FTL,1.7060160427807487,4,56.75046988569011,True
Draksharamam_Anaipeta_D (Andhra Pradesh),Rajamundry_AtoNgrRd_I (Andhra Pradesh),FTL,1.7059025394646534,14,29.95563439695497,True
Dhule_MIDCAvdn_I (Maharashtra),Chalisgaon_BhadgDPP_D (Maharashtra),Carting,1.7058823529411764,51,36.32766681552838,True
Bhuj_DC (Gujarat),Anjar_DC (Gujarat),FTL,1.7058823529411764,5,23.14318456020964,True
Pune_Tathawde_H (Maharashtra),Pune_Mundhawa_L (Maharashtra),Carting,1.7049689440993787,92,18.253196734006536,True
Proddatur_Central_D_2 (Andhra Pradesh),Cuddapah_DC (Andhra Pradesh),FTL,1.7049689440993787,4,34.352181159430614,True
Ajmer_FoySGRRD_I (Rajasthan),Bilara_Central_DPP_2 (Rajasthan),FTL,1.7048611111111112,10,66.38487910287034,True
Anantapur_KamaStrt_I (Andhra Pradesh),Hyderabad_Shamshbd_H (Telangana),FTL,1.704225352112676,237,176.02480756860967,True
Nadiad_DC (Gujarat),Umreth_Dakor_DC (Gujarat),Carting,1.7041666666666666,42,18.65128925467734,True
Jammu_Central_I_1 (Jammu & Kashmir),Chandigarh_Mehmdpur_H (Punjab),FTL,1.703448275862069,15,177.21086928387092,True
Dhrmsthala_Beltngdi_D (Karnataka),Bangalore_Nelmngla_H (Karnataka),FTL,1.7030303030303031,11,133.31503815085736,True
Bhiwandi_Mankoli_HB (Maharashtra),Bangalore_Nelmngla_H (Karnataka),FTL,1.7018633540372672,1131,440.0097107758404,True
Chandigarh_Mehmdpur_H (Punjab),Delhi_Airport_H (Delhi),FTL,1.701063829787234,90,121.80911973698659,True
FBD_Balabhgarh_DPC (Haryana),Faridabad (Haryana),Carting,1.7,45,9.511090105195064,True
Kuthuparamba_IdstrlAr_D (Kerala),Kozhikode_Central_H_4 (Kerala),Carting,1.7,45,45.42170557544309,True
Indi_SindgiRD_D (Karnataka),Sindagi_KalyanNg_D (Karnataka),Carting,1.7,15,27.523084881297475,True
Pune_Tathawde_H (Maharashtra),PNQ Pashan DPC (Maharashtra),Carting,1.7,62,9.91744646645855,True
Ludhiana_MilrGanj_HB (Punjab),SirhindFatehgarh_DC (Punjab),FTL,1.699248120300752,6,44.447753674226504,True
Sahebganj_BaraLoha_D (Jharkhand),Dhanbad_Kalynpur_I (Jharkhand),FTL,1.6982580037664783,90,115.8101984542462,True
Rudrapur_UdhamNgr_H (Uttarakhand),Haldwani_PiliKoti_D (Uttarakhand),FTL,1.6964285714285714,14,24.699296309931945,True
Jaipur_Central_I_7 (Rajasthan),Renwal_ChomuRD_D (Rajasthan),Carting,1.6944444444444444,7,37.136643921716605,True
Bhiwandi_Mankoli_HB (Maharashtra),Nashik_TgrniaRD_I (Maharashtra),FTL,1.6933333333333334,126,78.04071602048433,True
Halvad_CrossRD_D (Gujarat),Dhrangadhra_NvygRDPP_D (Gujarat),FTL,1.6926765475152572,16,26.08150122335452,True
Anand_Vaghasi_IP (Gujarat),Nadiad_DC (Gujarat),Carting,1.6923076923076923,27,18.08245659334586,True
Visakhapatnam_Gajuwaka_IP (Andhra Pradesh),Srikakulam_Kuslpram_I (Andhra Pradesh),Carting,1.6911335578002245,264,54.85735963552197,True
Rasipurm_Knrpati_D (Tamil Nadu),Namakkal_Rkcomplx_DC (Tamil Nadu),FTL,1.6909814323607426,20,25.699315449760867,True
Balugaon_Thikiri_D (Orissa),Tangi_SriDPP_D (Orissa),FTL,1.690909090909091,2,23.803605366512137,True
Kanpur_Central_H_6 (Uttar Pradesh),Allahabad_Central_H_1 (Uttar Pradesh),FTL,1.690909090909091,189,111.1558033958882,True
Bengaluru_Bomsndra_HB (Karnataka),Aluva_Peedika_H (Kerala),FTL,1.6888888888888889,223,198.0168486717928,True
Kolkata_Dankuni_HB (West Bengal),Sasaram_Central_I_2 (Bihar),FTL,1.6878048780487804,23,264.1094420102125,True
Soro_UttarDPP_D (Orissa),Balasore_Ganeshwr_D (Orissa),FTL,1.6875,1,22.082957326254046,True
Churhat_Central_DPP_1 (Madhya Pradesh),Sidhi_Padra_D (Madhya Pradesh),FTL,1.6875,6,20.729787402844067,True
Bangalore_Nelmngla_H (Karnataka),BLR_HSR_Layout_PC (Karnataka),Carting,1.6851851851851851,18,18.507019046207688,True
Ludhiana_MilrGanj_HB (Punjab),Mandi_Gobindgarh_DC (Punjab),FTL,1.6851851851851851,6,29.98627919276582,True
Balotra_BsnoiHPL_D (Rajasthan),Phalodi_PalikDPP_D (Rajasthan),FTL,1.684782608695652,9,111.67752330243444,True
Gurgaon_Bilaspur_HB (Haryana),Bangalore_Nelmngla_H (Karnataka),FTL,1.6844229217110573,4975,859.856892438679,True
Pune_Tathawde_H (Maharashtra),Bangalore_Nelmngla_H (Karnataka),FTL,1.6844058197441656,338,386.94993822527863,True
Villupuram_Thirumtr_IP (Tamil Nadu),MAA_Poonamallee_HB (Tamil Nadu),FTL,1.6843396226415095,42,88.78678283830715,True
Chennai_Chrompet_DPC (Tamil Nadu),MAA_Poonamallee_HB (Tamil Nadu),Carting,1.6842105263157894,51,18.32217257409328,True
Bhavnagar_ChtrGIDC_IP (Gujarat),Amreli_MrktYrd_DC (Gujarat),FTL,1.6842105263157894,35,67.36944718828435,True
Kamarpukur_ChatiDPP_D (West Bengal),MirzapurWB_VidyaDPP_D (West Bengal),FTL,1.6842105263157894,3,17.64491571431598,True
Bhusawal_Samarth_D (Maharashtra),Raver_Truptingr_D (Maharashtra),Carting,1.6842105263157894,36,22.88353890023744,True
Ludhiana_MilrGanj_HB (Punjab),Khanna_DC (Punjab),FTL,1.6842105263157894,24,25.375492660090483,True
Jabalpur_Adhartal_IP (Madhya Pradesh),Umaria_Central_DPP_3 (Madhya Pradesh),FTL,1.6842105263157894,10,66.62517727289973,True
Kopargaon_NkshtrPz_D (Maharashtra),Vaijiapur_YeolaRD_D (Maharashtra),Carting,1.6833333333333333,36,18.302655736565,True
Moga_DPC (Punjab),Muktsar_DPC (Punjab),FTL,1.6830357142857144,116,55.831273875708575,True
Pali_Nayagaon_I (Rajasthan),Jodhpur_Basni_I (Rajasthan),FTL,1.6825307950727884,54,44.75398616102592,True
Thiruvarur_Bypasrd_D (Tamil Nadu),Thirthurpondi_Madaprum_D (Tamil Nadu),Carting,1.6818181818181819,51,19.289874391263677,True
Hisar_ModelTwn_P (Haryana),Hanumangarh_DC (Rajasthan),FTL,1.6818181818181819,51,89.00141761433606,True
Hassan_Pandrnga_I (Karnataka),Sakleshpur_RgvdrDPP_D (Karnataka),FTL,1.6808149405772497,6,29.745574911288138,True
Bangalore_Nelmngla_H (Karnataka),Bhiwandi_Mankoli_HB (Maharashtra),FTL,1.6804407713498624,257,442.3270898029432,True
Channaraya_patna_D (Karnataka),Ramanathapura_Central_D_2 (Karnataka),FTL,1.6801801801801801,2,30.259804034872964,True
Tekkali_AmvdiDPP_D (Andhra Pradesh),Palasa_Central_DPP_1 (Andhra Pradesh),FTL,1.68,40,24.188420911763444,True
MAA_Poonamallee_HB (Tamil Nadu),Chennai_Chrompet_L (Tamil Nadu),Carting,1.6785714285714286,103,18.669258937068097,True
Wankaner_JivanDPP_D (Gujarat),Rajkot_PedakRd_P (Gujarat),Carting,1.6777777777777778,8,23.14269944896736,True
Ludhiana_GillChwk_DC (Punjab),Jagraon_DC (Punjab),FTL,1.6774193548387097,42,30.060077816987786,True
Rajamundry_AtoNgrRd_I (Andhra Pradesh),Amalapuram_Vijdurg_D (Andhra Pradesh),FTL,1.6774193548387097,3,44.47923631459822,True
Pilkhuwa_HapurRD_D (Uttar Pradesh),Hapur_Swargash_D (Uttar Pradesh),Carting,1.6770833333333335,28,10.084636328705106,True
Etawah_MhraChng_D (Uttar Pradesh),Gurgaon_Bilaspur_HB (Haryana),FTL,1.676923076923077,257,154.95118173589893,True
Nokha_DeVDPP_D (Rajasthan),Nagaur_KisanCo_D (Rajasthan),FTL,1.6764705882352942,9,44.0149727714595,True
Devarakonda_DindiRD_D (Telangana),Haliya_PeroorRD_D (Telangana),FTL,1.6764705882352942,38,43.66103329234417,True
Ahmedabad_East_H_1 (Gujarat),Bhavnagar_ChtrGIDC_IP (Gujarat),FTL,1.6753246753246753,77,89.2018379297968,True
Chikodi_IndraNgr_D (Karnataka),Bijapur_Central_D_2 (Karnataka),FTL,1.6746031746031746,6,77.43473027566394,True
Chandigarh_Mehmdpur_H (Punjab),Bangalore_Nelmngla_H (Karnataka),FTL,1.673992673992674,81,1056.533019084449,True
Gurgaon_Bilaspur_HB (Haryana),Delhi_Kishangarh_DPC (Delhi),Carting,1.6734693877551021,135,28.530899917115907,True
Muzaffrngr_MhmodNgr_D (Uttar Pradesh),Deoband_Ramvlg_D (Uttar Pradesh),FTL,1.6733333333333333,24,23.292726120435553,True
Surathkal_DC (Karnataka),Goa_Hub (Goa),FTL,1.6725663716814159,13,154.61117980564333,True
Narnaul_DC (Haryana),Rewari_YuktiDPP_D (Haryana),FTL,1.6714285714285715,26,29.252147434777722,True
Vadodara (Gujarat),Dabhoi_Central_DPP_3 (Gujarat),Carting,1.6706766917293234,28,22.984716716201365,True
Thamarassery_Chungam_D (Kerala),SultnBthry_Kollgpra_D (Kerala),FTL,1.670508474576271,24,30.905842228953162,True
Seoni_Kidwai_D (Madhya Pradesh),Chhindwara_NagpurRd_D (Madhya Pradesh),FTL,1.6703296703296702,6,54.06567098271279,True
Kathua_BOB_D (Jammu & Kashmir),Chandigarh_Mehmdpur_H (Punjab),FTL,1.6697247706422018,47,154.56585114888443,True
Sonipat_Kundli_H (Haryana),Roorkee_Dc (Uttarakhand),FTL,1.6695275821596245,30,77.79102579760763,True
Jabalpur_Adhartal_IP (Madhya Pradesh),Seoni_Kidwai_D (Madhya Pradesh),FTL,1.6690775681341719,14,88.75518401552776,True
Hyderabad_Shamshbd_H (Telangana),Bangalore_Nelmngla_H (Karnataka),FTL,1.66840755235879,110,253.5441040854505,True
Delhi_Airport_H (Delhi),Aligarh_KhirByps_I (Uttar Pradesh),FTL,1.6680790960451977,152,88.16941959481869,True
Chennai_Perungudi_DPC (Tamil Nadu),Chennai_Sholinganallur_Dc (Tamil Nadu),Carting,1.6666666666666667,21,10.488644538015103,True
Chennai_Mdhavram_C (Tamil Nadu),Chennai_Chrompet_PC (Tamil Nadu),Carting,1.6666666666666667,72,23.267915121466434,True
Noida_Sec 02_DPC (Uttar Pradesh),Noida_Sec-83_DC (Uttar Pradesh),Carting,1.6666666666666667,15,9.184695175439272,True
Rayadurgam_RailGate_D (Andhra Pradesh),Kalyandurg_Shankrpa_D (Andhra Pradesh),FTL,1.6666666666666667,36,26.371817138171718,True
Badnaur_BhmrdDPP_D (Rajasthan),Bijainagar_Central_DPP_1 (Rajasthan),FTL,1.6666666666666667,3,22.43710294169421,True
Goa_Margao_Dc (Goa),Goa_ZuariNgr_IP (Goa),Carting,1.6666666666666667,9,10.389988363403944,True
Kadthal_GndhiDPP_D (Telangana),Kalwakurthy_VidyaNGR_D (Telangana),FTL,1.6666666666666667,16,28.78905446156484,True
Chennai_Potheri (Tamil Nadu),Chennai_Vandalur_Dc (Tamil Nadu),Carting,1.6666666666666667,2,9.665778953774282,True
Ahmedabad_East_H_1 (Gujarat),Godhra_DC (Gujarat),FTL,1.6666666666666667,105,66.99820770202126,True
Ramdurg_GndhiNGR_D (Karnataka),Bagalkot_Sector4_D (Karnataka),FTL,1.6666666666666667,55,44.314766094801705,True
Chandigarh_Kharar_DC (Chandigarh),RoopNagar_ChotiHvl_DC (Punjab),FTL,1.6666666666666667,42,24.03628272101572,True
Kolkata_Dankuni_HB (West Bengal),Kolkata_North_I_4 (West Bengal),Carting,1.6666666666666667,1,9.081931379234096,True
Rajamundry_AtoNgrRd_I (Andhra Pradesh),Visakhapatnam_Gajuwaka_IP (Andhra Pradesh),FTL,1.6659671532846716,88,100.34916717647963,True
Bokakhat_MlnprDPP_D (Assam),Golaghat_BaruaRd_D (Assam),FTL,1.6654040404040404,2,32.57968708824421,True
Chalakudy_SurbhiTh_D (Kerala),Irinjlkuda_Greens_D (Kerala),Carting,1.6643356643356644,14,11.2420422467978,True
Pondicherry_Vasanthm_I (Pondicherry),MAA_Poonamallee_HB (Tamil Nadu),FTL,1.6643356643356644,18,78.05490848294448,True
Paota_SmClyDPP_D (Rajasthan),Achrol_BgwriDPP_D (Rajasthan),FTL,1.6626984126984126,14,23.268104378433783,True
Kozhenchery_Cherukole_D (Kerala),Haripad_Kumrpurm_D (Kerala),Carting,1.6622807017543861,12,22.879665122605537,True
Lalpet_PriyrNGR_D (Tamil Nadu),Kulithalai_AnnaNGR_D (Tamil Nadu),FTL,1.6620298604878845,96,78.33390957470841,True
Uchila_Busstand_D (Karnataka),Udupi (Karnataka),FTL,1.6614906832298137,2,19.27140635477771,True
Malda_Central_I_3 (West Bengal),Itahar_NatunDPP_D (West Bengal),Carting,1.660919540229885,36,32.722843477828555,True
Karanjia_Sarubali_D (Orissa),Kendujhar_Sirjudin_D (Orissa),FTL,1.6604761904761904,2,32.416947270837156,True
Didwana_KatlaDPP_D (Rajasthan),Sujangarh_LdnunDPP_D (Rajasthan),FTL,1.6602564102564101,28,29.90230313888283,True
Sonipat_Central_D_2 (Haryana),Bahadurgarh_DC (Haryana),FTL,1.6597701149425288,2,25.480456704129413,True
Vijayawada_Rynapadu_H (Andhra Pradesh),Hyderabad_Shamshbd_H (Telangana),FTL,1.659377387318564,132,145.75277314533324,True
Goa_Hub (Goa),Karwar_Central_D_1 (Karnataka),FTL,1.6585365853658536,39,44.718438423667656,True
Bangalore_Nelmngla_H (Karnataka),Bengaluru_Peenya_L (Karnataka),Carting,1.6583333333333332,104,10.133482699852689,True
Kolkata_Dankuni_HB (West Bengal),Manteswar_MemariRD_D (West Bengal),FTL,1.6581081081081082,12,55.565095781122835,True
Ongole_SubhVRTL_I (Andhra Pradesh),Chimkurthy_MSRClgRd_D (Andhra Pradesh),FTL,1.6578947368421053,6,18.98893601295227,True
Guwahati_Hub (Assam),Rangia_HosptlRd_D (Assam),FTL,1.6574074074074074,16,30.00025544508775,True
Goa_Hub (Goa),Canacona_CharRsta_D (Goa),FTL,1.6569444444444446,18,32.09670708475045,True
Bangalore_Nelmngla_H (Karnataka),Hyderabad_Shamshbd_H (Telangana),FTL,1.656862745098039,176,254.8822092496726,True
Baharampur_Chuanpur_I (West Bengal),Katwa_BSarani_D (West Bengal),Carting,1.6551724137931034,21,36.83620087914943,True
Hubli_Adargchi_IP (Karnataka),Ramdurg_GndhiNGR_D (Karnataka),FTL,1.6551724137931034,69,45.17719901712966,True
Hassan_Pandrnga_I (Karnataka),Channaraya_patna_D (Karnataka),FTL,1.6538461538461537,27,23.64559613958748,True
Bengaluru_KGAirprt_HB (Karnataka),Bangalore_Nelmngla_H (Karnataka),Carting,1.6538461538461537,419,19.49412860617812,True
Beawar_DC (Rajasthan),Bilara_Central_DPP_2 (Rajasthan),FTL,1.653718091009989,18,45.66193723507514,True
Jabalpur_Adhartal_IP (Madhya Pradesh),Narsingpur_JrjolDPP_D (Madhya Pradesh),FTL,1.6533333333333333,8,55.613570076810696,True
Islampur_Shantanu_D (Maharashtra),Karad_Mundhe_D (Maharashtra),FTL,1.6515151515151516,24,26.223568640359417,True
Puttaprthi_Gokulam_D (Andhra Pradesh),Hindupur_Parigi_D (Andhra Pradesh),Carting,1.650997150997151,90,33.56889929737069,True
Kozhikode_Central_H_4 (Kerala),Aluva_Peedika_H (Kerala),FTL,1.6505028735632183,36,78.21957281508813,True
Bngnpalle_Enkndla_D (Andhra Pradesh),Betamcherla_CmtNgRod_D (Andhra Pradesh),FTL,1.65,6,16.633658557682082,True
Bikaner_ITICollg_L (Rajasthan),Nagaur_KisanCo_D (Rajasthan),FTL,1.6488095238095237,10,67.01428289633361,True
Parakkdavu_KeRoad_D (Kerala),Karukachal_MnimlaRd_D (Kerala),Carting,1.6483516483516483,2,13.674117758318488,True
Delhi_Wazirpur_L (Delhi),Gurgaon_Bilaspur_HB (Haryana),Carting,1.6481481481481481,70,37.511384567354014,True
Sonipat_Kundli_H (Haryana),Chandigarh_Mehmdpur_H (Punjab),FTL,1.6479568926807364,240,100.89047163873204,True
Musiri_ThryrRD_D (Tamil Nadu),Thuraiyur_Mthrapuri_D (Tamil Nadu),FTL,1.6477272727272727,22,23.28260678390008,True
Mehsana_Panchot_IP (Gujarat),Vadnagar_BsstdDPP_D (Gujarat),FTL,1.6470588235294117,26,30.572730377373475,True
Satna_Central_I_2 (Madhya Pradesh),Churhat_Central_DPP_1 (Madhya Pradesh),FTL,1.6470588235294117,7,24.3181669474798,True
Malda_Central_I_3 (West Bengal),Chanchal_BargaDPP_D (West Bengal),Carting,1.6470588235294117,5,27.78250544915122,True
GGN_DPC (Haryana),Gurgaon_Bilaspur_HB (Haryana),Carting,1.6470588235294117,80,23.72054054313383,True
Bangalore_Nelmngla_H (Karnataka),Hubli_Adargchi_IP (Karnataka),FTL,1.6464669606888518,46,199.01745026621995,True
Simlapal_Central_D_1 (West Bengal),Hura_Central_D_1 (West Bengal),FTL,1.6444444444444444,3,44.62224352872891,True
Hunsur_RatnaDPP_D (Karnataka),Gonikoppal_Thomas_D (Karnataka),FTL,1.6442687747035574,24,31.612235250289856,True
Kanker_KrisnKunj_D (Chhattisgarh),Mahasamund_RajpurRD_D (Chhattisgarh),FTL,1.6435643564356435,66,78.96263968267547,True
Mehsana_Panchot_IP (Gujarat),Palanpur_DC (Gujarat),FTL,1.6428571428571428,3,44.03147134018696,True
Gangapur_Ward6DPP_D (Rajasthan),Lalsot_NWclyDPP_D (Rajasthan),Carting,1.6428571428571428,55,27.8430100497206,True
Modinagar_SikriKla_DC (Uttar Pradesh),Meerut (Uttar Pradesh),FTL,1.6428571428571428,6,19.14001586138386,True
Mandi_Gobindgarh_DC (Punjab),Ludhiana_MilrGanj_HB (Punjab),FTL,1.6416666666666666,2,29.722323990925588,True
Pallakad_ChndrNgr_D (Kerala),Bangalore_Nelmngla_H (Karnataka),FTL,1.6409012020312401,144,155.1900946823892,True
Kurnool_AbbasNgr_I (Andhra Pradesh),Raichur_LSRoad_DC (Karnataka),FTL,1.64,55,66.27065072721233,True
Aland_RazaviRd_D (Karnataka),Indi_SindgiRD_D (Karnataka),Carting,1.64,27,46.49465829290652,True
Sonipat_Kundli_H (Haryana),Dehradun_Nirjanpur_L (Uttarakhand),FTL,1.6395348837209303,9,110.28145691676866,True
Koppa_BMRd_D (Karnataka),Ramanathapura_Central_D_2 (Karnataka),FTL,1.6394230769230769,2,25.620166421513467,True
Nagaur_KisanCo_D (Rajasthan),Didwana_KatlaDPP_D (Rajasthan),FTL,1.6388888888888888,28,56.07708548959211,True
Dharmapuri_Central_D_2 (Tamil Nadu),Bangalore_Nelmngla_H (Karnataka),FTL,1.638095238095238,33,88.46791733455933,True
Vadakara_Mandodi_D (Kerala),Kallachi_ZamQuatr_D (Kerala),Carting,1.6363636363636365,34,10.731106277312323,True
Delhi_Kishangarh_DPC (Delhi),Gurgaon_Bilaspur_HB (Haryana),Carting,1.6363636363636365,31,29.132457960212932,True
MAA_Poonamallee_HB (Tamil Nadu),Chennai_Madhavaram_L (Tamil Nadu),Carting,1.6363636363636365,112,24.04673551752527,True
Samba_Wardno13_D (Jammu & Kashmir),Chandigarh_Mehmdpur_H (Punjab),FTL,1.6363636363636365,65,154.51760768528092,True
Fatehabad_SirsaDPP_D (Haryana),Ratia_SchdvDPP_D (Haryana),FTL,1.6363636363636365,3,22.107164195261355,True
Bangalore_Nelmngla_H (Karnataka),BLR_JPNagar_Pc (Karnataka),Carting,1.6363636363636365,74,18.269764155933075,True
Rampur_ThanaDPP_D (Uttar Pradesh),Bilaspur_GrmNgriya_D (Uttar Pradesh),Carting,1.6363636363636365,3,18.25376522394736,True
Gundlupet_Swamylyt_D (Karnataka),Chamarjngr_BrDbleRd_D (Karnataka),FTL,1.6363636363636365,20,26.37890725885972,True
Warangal_Central_D_2 (Telangana),Jammikunta_ConduDPP_D (Telangana),FTL,1.6355042016806722,4,26.460496991472183,True
Surat_HUB (Gujarat),Ahmedabad_East_H_1 (Gujarat),FTL,1.6352201257861636,201,132.02241869863508,True
Sankaran_Kovil_D (Tamil Nadu),Rajpalayam_AshkTalk_D (Tamil Nadu),FTL,1.6348484848484848,34,26.492413849384274,True
Bikaner_ITICollg_L (Rajasthan),Nokha_DeVDPP_D (Rajasthan),FTL,1.634640522875817,12,44.490278972775386,True
Jaipur_RIICO_L (Rajasthan),Gurgaon_Bilaspur_HB (Haryana),Carting,1.6326530612244898,153,108.51837794526573,True
Kolhapur_Shivaji_I (Maharashtra),Islampur_Shantanu_D (Maharashtra),FTL,1.6316287878787878,8,31.475113043810524,True
Sunam_DC (Punjab),Patiala (Punjab),FTL,1.631578947368421,30,44.66546302312037,True
Ganga Nagar_DC (Rajasthan),Sirsa_AnprnDPP_D (Haryana),FTL,1.6314655172413794,40,55.63126334883098,True
Nellore_DC (Andhra Pradesh),Hyderabad_Shamshbd_H (Telangana),FTL,1.6310679611650485,237,199.31433011149,True
Sonipat_Kundli_H (Haryana),Moradabad_DC (Uttar Pradesh),FTL,1.630532706619663,152,105.40281925223776,True
Anpara_Parasi_D (Uttar Pradesh),Singrauli_Waidhan_D (Madhya Pradesh),FTL,1.6296296296296295,7,19.344686362931288,True
Bengaluru_Bomsndra_HB (Karnataka),BLR_HSR_Layout_PC (Karnataka),Carting,1.6294642857142856,2,12.54107680028619,True
Sholinghur_ArkonmRD_D (Tamil Nadu),MAA_Poonamallee_HB (Tamil Nadu),FTL,1.6284461152882206,36,45.02990124370605,True
Palasa_Central_DPP_1 (Andhra Pradesh),Srikakulam_Kuslpram_I (Andhra Pradesh),FTL,1.6282894736842106,4,56.04455029840443,True
Gurgaon_Bilaspur_HB (Haryana),Delhi_Patparganj_DPC (Delhi),Carting,1.627906976744186,35,37.259422107981855,True
Narsinghpur_KndliDPP_D (Madhya Pradesh),Gadarwara_MPward_D (Madhya Pradesh),FTL,1.627659574468085,8,32.53859079849664,True
Bangalore_Nelmngla_H (Karnataka),Tumkur_Veersagr_I (Karnataka),Carting,1.6264367816091956,18,32.724962306299844,True
Pune_Tathawde_H (Maharashtra),Gurgaon_Bilaspur_HB (Haryana),FTL,1.6259825254974918,924,572.8547164331227,True
Warangal_HunterRd_I (Telangana),Mulugu_LaxmiNGR_D (Telangana),FTL,1.6258169934640523,4,32.6210828638267,True
MAA_Poonamallee_HB (Tamil Nadu),Vellore_GndhiNgr_IP (Tamil Nadu),FTL,1.62531328320802,52,56.41669539602839,True
Jaipur_Hub (Rajasthan),Gurgaon_Bilaspur_HB (Haryana),FTL,1.625,197,110.373026221172,True
Gopiganj_Wardno13_D (Uttar Pradesh),Mirzapur_JangiRd_D (Uttar Pradesh),FTL,1.625,3,19.25788273218031,True
Kolaghat_Central_DPP_2 (West Bengal),Panskura_Central_D_3 (West Bengal),Carting,1.625,31,12.10972027666392,True
Roha_DataSagr_D (Maharashtra),Mahad_Govndsgr_D (Maharashtra),Carting,1.625,119,36.00325451990856,True
Narpatganj_Central_DPP_1 (Bihar),Simrahi_Bazar_D (Bihar),FTL,1.625,28,23.557585022008475,True
Kurnool_AbbasNgr_I (Andhra Pradesh),Nandikotkr_UmarDPP_D (Andhra Pradesh),FTL,1.6246334310850439,26,24.432685551421997,True
Jamnagar_Dc (Gujarat),Khambhalia_JdswarRD_D (Gujarat),FTL,1.6246130030959751,48,44.51449809605164,True
Srisailam_Sishumdr_D (Andhra Pradesh),Kurnool_AbbasNgr_I (Andhra Pradesh),FTL,1.6229508196721312,77,94.72956286901042,True
Surat_HUB (Gujarat),Vadodara_Karelibaug_DPC (Gujarat),FTL,1.6226415094339623,53,89.7888632738614,True
Bangalore_Nelmngla_H (Karnataka),Kolhapur_Shivaji_I (Maharashtra),FTL,1.6226415094339623,299,286.5609065253063,True
MAA_Poonamallee_HB (Tamil Nadu),Bengaluru_Bomsndra_HB (Karnataka),FTL,1.6216374269005849,148,134.61041897658498,True
Bangalore_Nelmngla_H (Karnataka),Bengaluru_KGAirprt_HB (Karnataka),Carting,1.6211556383970178,602,20.92080427198034,True
Delhi_Nangli_L (Delhi),Gurgaon_Bilaspur_HB (Haryana),Carting,1.6206896551724137,5,32.46774044826933,True
Agra_Idgah_P (Uttar Pradesh),Gurgaon_Bilaspur_HB (Haryana),FTL,1.6201923076923077,40,99.92471883318929,True
Ludhiana_MilrGanj_HB (Punjab),Amritsar_DPC (Punjab),FTL,1.619718309859155,7,88.72349553277728,True
Nilambur_StteHW28_D (Kerala),Areacode_Puthalam_D (Kerala),Carting,1.619047619047619,7,18.09950415628225,True
Delhi_North_R_8 (Delhi),Delhi_Airport_H (Delhi),Carting,1.619047619047619,6,11.866473609640751,True
Karur (Tamil Nadu),Dindigul_Central_D_1 (Tamil Nadu),FTL,1.6181818181818182,27,46.002982113336536,True
Gurgaon_Begumpur_CP (Haryana),Gurgaon_Bilaspur_HB (Haryana),Carting,1.6176470588235294,4,24.00982823953815,True
Hospet (Karnataka),Sandur_WrdN1DPP_D (Karnataka),FTL,1.6172161172161172,16,24.096572420549123,True
Ranebennur_SriRmNGR_D (Karnataka),Haveri_GuttalRD_D (Karnataka),Carting,1.6172161172161172,74,27.02805951662033,True
Kadiri_GVManu_D (Andhra Pradesh),Rayachoti_Madnpali_D (Andhra Pradesh),FTL,1.6162029459901799,30,44.253016679135406,True
Davangere_Central_I_1 (Karnataka),Hubli_Adargchi_IP (Karnataka),FTL,1.6158318425760285,66,78.90465660574202,True
Bengaluru_Bomsndra_HB (Karnataka),HBR Layout PC (Karnataka),Carting,1.6153846153846154,111,18.41748772786377,True
Peikulam_SriVnktpm_D (Tamil Nadu),Tirunelveli_VdkkuSrt_I (Tamil Nadu),Carting,1.6153846153846154,53,24.40427561436628,True
KharagpurBR_Central_DPP_1 (Bihar),Sultanganj_Wardno3_D (Bihar),FTL,1.6139162561576355,2,21.45372111526687,True
Bhuj_DC (Gujarat),Nakhatrana_ClgRDDPP_D (Gujarat),FTL,1.613871635610766,16,39.04677222486417,True
Pennadam_EastmnRD_D (Tamil Nadu),Chinnasalem_VkotRoad_D (Tamil Nadu),Carting,1.6132478632478633,74,36.231559736120104,True
Bankura_NapitDPP_D (West Bengal),Durgapur_Central_I_1 (West Bengal),Carting,1.6129032258064515,5,27.20631196660939,True
Vallior_Radhaprm_D (Tamil Nadu),Nagarcoil_AsrplmRd_DC (Tamil Nadu),FTL,1.6125,22,27.8670143614139,True
Kotagiri_CroslySRT_D (Tamil Nadu),Ooty_Davisdle_D (Tamil Nadu),Carting,1.6116071428571428,20,11.968572952707714,True
Godhra_DC (Gujarat),Dahod_DC (Gujarat),FTL,1.6111111111111112,63,45.19307631022765,True
Bhadrachalam_ITDARd_D (Telangana),Manuguru_AskNagar_D (Telangana),FTL,1.6107994389901823,38,25.978001251639167,True
Hyderabad_Shamshbd_H (Telangana),Patancheru_Ameenpur_I (Telangana),Carting,1.610344827586207,68,24.07375328022271,True
Sambhal_Khwssrai_D (Uttar Pradesh),Chandausi_Ganesh_D (Uttar Pradesh),FTL,1.6100230414746544,22,23.57120281153356,True
Tandur_SnthiNGR_D (Telangana),Vikarabad_Central_DPP_2 (Telangana),Carting,1.6098484848484849,20,23.537746245693114,True
Sonipat_Kundli_H (Haryana),Rohtak (Haryana),FTL,1.6095238095238096,12,44.44730661504645,True
Kanti_Central_DPP_2 (Bihar),Saraiya_Wardno4_D (Bihar),Carting,1.6095238095238096,26,18.50314345977054,True
Khambhalia_JdswarRD_D (Gujarat),Dwarka_StnRoad_DC (Gujarat),FTL,1.6091101694915255,4,55.5217321624672,True
Gandhidham_Sector1A_IP (Gujarat),Dhrangadhra_NvygRDPP_D (Gujarat),FTL,1.608695652173913,7,90.25850917463332,True
Mathabhang_Pshimpra_D (West Bengal),Dinhata_WrdN4DPP_D (West Bengal),FTL,1.6086226203807392,16,32.23922547219415,True
Attingal_Central_D_2 (Kerala),Trivandrum_Mnanthla_H (Kerala),Carting,1.6071428571428572,1,20.783241696303104,True
Bengaluru_Kengeri_IP (Karnataka),Bangalore_Nelmngla_H (Karnataka),Carting,1.6071428571428572,55,18.756517600864196,True
CCU_Lake Avenue_DPC (West Bengal),CCU_Beliaghata_DPC (West Bengal),Carting,1.6052631578947367,4,9.47537987478615,True
Barmer_Nehru3PL_D (Rajasthan),Phalodi_PalikDPP_D (Rajasthan),FTL,1.6042568542568543,36,112.6360897073,True
Benipatti_WardNo1_D (Bihar),Muzaffrpur_Bbganj_I (Bihar),FTL,1.6,3,26.461027389118748,True
Vadodara_Karelibaug_DPC (Gujarat),Ahmedabad_East_H_1 (Gujarat),FTL,1.6,39,66.59226224258511,True
Thoppur_HghsclRD_D (Tamil Nadu),Dharmapuri_Central_D_2 (Tamil Nadu),FTL,1.6,5,20.11021316883264,True
Gurgaon_Bilaspur_HB (Haryana),Faridabad_Mthurard_L (Haryana),Carting,1.6,341,36.07961453969186,True
Bhatinda_DPC (Punjab),Chandigarh_Mehmdpur_H (Punjab),FTL,1.6,161,110.01201888599762,True
Bhandara_RjnaiDPP_D (Maharashtra),Bhandara_KaremDPP_D (Maharashtra),Carting,1.6,35,18.96205138604248,True
Delhi_Gateway_HB (Delhi),Gurgaon_Bilaspur_HB (Haryana),Carting,1.6,199,27.39868714444273,True
Soraon_BypassRD_D (Uttar Pradesh),Phulpur_Shekhpur_D (Uttar Pradesh),Carting,1.6,36,18.651091642664177,True
Simrahi_Bazar_D (Bihar),Forbesganj_JhumanCk_D (Bihar),FTL,1.5999999999999999,2,31.972743392175936,True
MAA_Poonamallee_HB (Tamil Nadu),Hyderabad_Shamshbd_H (Telangana),FTL,1.5994897959183674,161,264.8270800750239,True
Visakhapatnam_Gajuwaka_IP (Andhra Pradesh),Bhubaneshwar_Hub (Orissa),FTL,1.596638655462185,57,221.58430052451092,True
Bhatpara_TrengaRD_D (Chhattisgarh),Mungeli_Panderia_D (Chhattisgarh),Carting,1.5962962962962963,60,28.392456623053114,True
Kadaba_AnugrDPP_D (Karnataka),Bangalore_Nelmngla_H (Karnataka),FTL,1.5961538461538463,59,134.01323862410044,True
Shevgaon_VidyaNgr_D (Maharashtra),Paithan_SantaNGR_D (Maharashtra),FTL,1.5961538461538463,10,22.283059633392043,True
Chandigarh_Mehmdpur_H (Punjab),Bhatinda_DPC (Punjab),FTL,1.5928571428571427,113,110.07284959891938,True
Mallapur_ShtDRDPP_D (Karnataka),Dandeli_RKComplx_D (Karnataka),FTL,1.5884180790960452,32,44.71360620334582,True
Chalakudy_SurbhiTh_D (Kerala),Aluva_Peedika_H (Kerala),Carting,1.588235294117647,11,15.439288893955014,True
Ongole_SubhVRTL_I (Andhra Pradesh),Kanigiri_Tiglgndi_D (Andhra Pradesh),FTL,1.588235294117647,63,44.44862050324463,True
Arsikere_HsnRdDPP_D (Karnataka),Tiptur_YTRd_D (Karnataka),FTL,1.588235294117647,3,23.33395843511821,True
Irinjlkuda_Greens_D (Kerala),Aluva_Peedika_H (Kerala),Carting,1.587878787878788,36,23.803349580331293,True
Gurgaon_Bilaspur_HB (Haryana),Delhi_PunjabiB_L (Delhi),Carting,1.5873015873015872,133,30.53704292103883,True
Delhi_Airport_H (Delhi),Gurgaon_Bilaspur_HB (Haryana),FTL,1.586993970714901,24,31.257720818958905,True
Bangalore_Nelmngla_H (Karnataka),Bellary_Dc (Karnataka),FTL,1.586372679045093,100,134.1494454584735,True
Kopargaon_NkshtrPz_D (Maharashtra),Shrirampur_DavkharRd_D (Maharashtra),Carting,1.586007702182285,12,23.329504629234414,True
Varanasi_MahmurGj_IP (Uttar Pradesh),MughalSarai_Central_D_2 (Uttar Pradesh),Carting,1.5857142857142859,2,14.438832627409905,True
Chittaurgarh_DC (Rajasthan),Bhilwara_DC (Rajasthan),FTL,1.5853658536585367,39,44.88696702637628,True
Rajam_SamathBv_D (Andhra Pradesh),Salur_ward9_D (Andhra Pradesh),FTL,1.5833806012478728,62,44.73400464648922,True
Sonipat_AmzonDev_V (Haryana),Sonipat_Kundli_P (Haryana),Carting,1.5833333333333333,111,11.225938465768207,True
GZB_Mohan_Nagar_DPC (Uttar Pradesh),Ghaziabad_Patel Nagar (Uttar Pradesh),Carting,1.5833333333333333,6,9.184998595788082,True
Bamangola_Central_D_1 (West Bengal),Balurghat_AkhirDPP_D (West Bengal),FTL,1.582258064516129,4,32.5252822808976,True
BariSadri_BhmprDPP_D (Rajasthan),Chittaurgarh_DC (Rajasthan),FTL,1.5813953488372092,27,44.52608664951898,True
Gurgaon_Bilaspur_HB (Haryana),FBD_Balabhgarh_DPC (Haryana),Carting,1.5806451612903225,185,34.492125708233054,True
Jewar_SJRoad_D (Uttar Pradesh),Pahasu_Kanongyn_D (Uttar Pradesh),FTL,1.5787037037037037,36,45.06041018491283,True
Bengaluru_Peenya_IP (Karnataka),Bangalore_Nelmngla_H (Karnataka),Carting,1.577777777777778,28,9.893855111211856,True
Vellore_GndhiNgr_IP (Tamil Nadu),Bangalore_Nelmngla_H (Karnataka),FTL,1.5774147727272727,18,111.35176884388355,True
GZB_Mohan_Nagar_DPC (Uttar Pradesh),Ghaziabad_RjndrNgr_DC (Uttar Pradesh),Carting,1.576923076923077,2,9.190773825765662,True
Ludhiana_MilrGanj_HB (Punjab),Jalandhar_DPC (Punjab),FTL,1.5769230769230769,51,44.78182107317215,True
Bangalore_Nelmngla_H (Karnataka),Davangere_Central_I_1 (Karnataka),FTL,1.5769230769230769,11,132.18771662477656,True
Karimnagar_KamnHbRD_I (Telangana),Peddapalli_UdaynDPP_D (Telangana),FTL,1.5763888888888888,2,27.5464849772319,True
Bhatiya_Kalyanpr_D (Gujarat),Dwarka_StnRoad_DC (Gujarat),FTL,1.576036866359447,22,28.050862912845638,True
Rajpura_DC (Punjab),Khanna_DC (Punjab),FTL,1.5757575757575757,9,44.059440990922624,True
Gurgaon_Begumpur_CP (Haryana),Gurgaon_Bilaspur_P (Haryana),Carting,1.5757575757575757,171,22.985919934489377,True
Sikar_FatehpRd_I (Rajasthan),Bikaner_DC (Rajasthan),FTL,1.5757142857142856,90,111.80538232384217,True
Ghaziabad_Central_L_8 (Uttar Pradesh),Gurgaon_Bilaspur_HB (Haryana),Carting,1.574468085106383,9,46.13800190475094,True
Sikar_FatehpRd_I (Rajasthan),Bikaner_ITICollg_L (Rajasthan),FTL,1.5739130434782609,27,111.83054938063258,True
Molakalmuru_KnsgraRD_D (Karnataka),Challakere_Shivangr_D (Karnataka),FTL,1.5732142857142857,30,45.67247066601194,True
Una_Mamlatdr_DC (Gujarat),Talala_SsnRdDPP_D (Gujarat),Carting,1.5714285714285714,65,45.06057709097713,True
Chandigarh_Mehmdpur_H (Punjab),Chandigarh_Kharar_DC (Chandigarh),FTL,1.571256038647343,42,30.289694584840056,True
Tonk_DC (Rajasthan),SawaiMadhopur_Central_DPP_1 (Rajasthan),Carting,1.5686274509803921,7,36.0935813124564,True
Chitradurga_DC (Karnataka),Davangere_Central_I_1 (Karnataka),FTL,1.5684754521963824,30,45.027785282768924,True
Bhubaneshwar_Nayapalli (Orissa),Khurdha_JatniDPP_D (Orissa),Carting,1.5681818181818183,2,12.348741201722925,True
Bangalore_Nelmngla_H (Karnataka),Bengaluru_Bomsndra_HB (Karnataka),Carting,1.5681818181818181,429,27.609416102633848,True
Saundatti_ShanthiS_D (Karnataka),Bailhongal_NamoNagr_D (Karnataka),FTL,1.5666666666666667,4,23.995908022239945,True
Bangalore_Nelmngla_H (Karnataka),Pune_Tathawde_H (Maharashtra),FTL,1.5659748403559668,442,387.29170988173746,True
Delhi_Patparganj_DPC (Delhi),Gurgaon_Bilaspur_HB (Haryana),Carting,1.565625,40,38.817659172424385,True
Venktagiri_TirupthiRd_D (Andhra Pradesh),Gudur_Bngisheb_D (Andhra Pradesh),FTL,1.565217391304348,28,29.868970620365815,True
Madurai_Kappalur_H (Tamil Nadu),Kattappana_Palikval_D (Kerala),FTL,1.565217391304348,5,66.09875924753639,True
Narikkudi_MukkuRD_D (Tamil Nadu),Madurai_Kappalur_H (Tamil Nadu),FTL,1.5649213075060533,16,42.78666552157661,True
Villupuram_Thirumtr_IP (Tamil Nadu),Attur_KaaduRd_D (Tamil Nadu),FTL,1.5645833333333332,30,67.29653094792616,True
Talala_SsnRdDPP_D (Gujarat),Junagadh_DPC (Gujarat),Carting,1.563894523326572,56,38.829816889432706,True
Gurgaon_Bilaspur_HB (Haryana),GZB_Mohan_Nagar_DPC (Uttar Pradesh),Carting,1.5625,63,39.38053548503717,True
Ukkadagatri_Tuminkte_D (Karnataka),Davangere_Central_I_1 (Karnataka),Carting,1.5625,53,27.285212337247238,True
Basti_GndhiNgr_D (Uttar Pradesh),Khalilabad_MrgnjDPP_D (Uttar Pradesh),FTL,1.5625,4,27.069550240806777,True
Palanpur_DC (Gujarat),Deesa_HawaiPlr_DC (Gujarat),FTL,1.5625,19,22.590355958893856,True
Aranthangi_HsptlRod_D (Tamil Nadu),Karaikudi_Sbrmnprm_D (Tamil Nadu),FTL,1.5606060606060606,32,24.256064423702192,True
Jhansi_LVMColge_D (Uttar Pradesh),Lalitpur_RjghatRd_D (Uttar Pradesh),FTL,1.5593220338983051,27,66.44999293431118,True
Bangalore_Nelmngla_H (Karnataka),HBR Layout PC (Karnataka),Carting,1.5593073593073594,66,18.573286075885527,True
Dhrangadhra_NvygRDPP_D (Gujarat),Ahmedabad_East_H_1 (Gujarat),FTL,1.5591185130658816,54,78.53017212437476,True
Aluva_Peedika_H (Kerala),Bangalore_Nelmngla_H (Karnataka),FTL,1.5591130717436732,160,187.34211231688738,True
Ambur_Central_D_2 (Tamil Nadu),Bangalore_Nelmngla_H (Karnataka),FTL,1.5588235294117647,41,91.19759699530482,True
Tarnau_BsstdDPP_D (Rajasthan),Didwana_KatlaDPP_D (Rajasthan),FTL,1.558139534883721,9,44.45736148457102,True
Markapur_VidyaNgr_D (Andhra Pradesh),Vinukonda_Kothapet_D (Andhra Pradesh),FTL,1.5566239316239316,42,44.54068630421667,True
Hisar_IndstlAr_I (Haryana),Rawatsar_ShivmDPP_D (Rajasthan),FTL,1.5555555555555556,13,88.04593828907467,True
Virudhchlm_SelamRd_D (Tamil Nadu),Pennadam_EastmnRD_D (Tamil Nadu),Carting,1.5555555555555556,28,10.814713664841943,True
Sindagi_KalyanNg_D (Karnataka),Indi_SindgiRD_D (Karnataka),Carting,1.5555555555555556,71,27.492452823165312,True
Jaipur_Hub (Rajasthan),Delhi_Airport_H (Delhi),FTL,1.5544117647058824,154,133.71236265799558,True
Chomu_ShsmlDPP_D (Rajasthan),Sikar_FatehpRd_I (Rajasthan),FTL,1.5528601377657982,16,56.12939137634543,True
Jayamkondan_Chithbrm_D (Tamil Nadu),Perambalur_goplpurm_D (Tamil Nadu),FTL,1.552325581395349,6,44.51206408261095,True
Neyatinkra_Arlumodu_D (Kerala),Nedumangad_Arsprmbu_D (Kerala),Carting,1.5517241379310345,3,18.152582850591312,True
Goa_Ponda_Dc (Goa),Goa_ZuariNgr_IP (Goa),Carting,1.5517241379310345,3,18.87647781526324,True
Barjora_Central_DPP_1 (West Bengal),Bankura_BhowmDPP_D (West Bengal),Carting,1.5517241379310345,15,18.61257443288881,True
Hyderabad_Shamshbd_H (Telangana),Anantapur_KamaStrt_I (Andhra Pradesh),FTL,1.5507188284966062,126,171.86015304653674,True
Tirunelveli_VdkkuSrt_I (Tamil Nadu),Vallior_Radhaprm_D (Tamil Nadu),FTL,1.55,25,42.25883049391973,True
Nawanshahr_DC (Punjab),Ludhiana_MilrGanj_HB (Punjab),FTL,1.5495689655172413,2,29.30822923050043,True
Bargarh_GurpdDPP_D (Orissa),Balangir_Rjndpara_D (Orissa),FTL,1.548955108359133,4,55.95191235279461,True
Gonikoppal_Thomas_D (Karnataka),HDKote_BegurRD_D (Karnataka),FTL,1.5486205336951606,24,44.20127727955007,True
Vijayawada_Rynapadu_H (Andhra Pradesh),Nandigama_Chndrlpd_D (Andhra Pradesh),Carting,1.5476190476190474,6,32.72767343425929,True
Gwalior_HrihrNgr_I (Madhya Pradesh),Morena_Prjapati_D (Madhya Pradesh),FTL,1.5472972972972974,6,27.025760325750266,True
Dumraon_Nishangr_D (Bihar),Jagdishpur_Wardno13_D (Bihar),FTL,1.5472906403940887,32,24.461971182242074,True
Pangodu_Central_D_1 (Kerala),Trivandrum_Mnanthla_H (Kerala),Carting,1.5454545454545454,9,18.78351232836636,True
Perambalur_goplpurm_D (Tamil Nadu),Ariyalur_Kmrajngr_D (Tamil Nadu),FTL,1.5454545454545454,32,23.361527276748667,True
Gurgaon_Bilaspur_HB (Haryana),Ghaziabad_Central_L_8 (Uttar Pradesh),Carting,1.5454545454545454,36,45.27322345830851,True
Gurgaon_Bilaspur_HB (Haryana),Delhi_Rohini_DPC (Delhi),Carting,1.5454545454545454,165,37.32660876419211,True
Bobbili_ColegRd_D (Andhra Pradesh),Parvathipuram_Central_D_2 (Andhra Pradesh),FTL,1.5454545454545454,40,23.356388889123394,True
Visakhapatnam_VislkNgr_DC (Andhra Pradesh),Bheemunipatnam_SaiTempl_D (Andhra Pradesh),Carting,1.5454545454545454,35,18.261481024112182,True
Jammu_Central_I_1 (Jammu & Kashmir),Samba_Wardno13_D (Jammu & Kashmir),FTL,1.54502688172043,8,24.046816303877552,True
Bangalore_Nelmngla_H (Karnataka),Hassan_Pandrnga_I (Karnataka),FTL,1.5441520467836258,112,89.84950037367025,True
Cuddapah_DC (Andhra Pradesh),Badvel_Sidrd_D (Andhra Pradesh),FTL,1.5440729483282674,4,30.324186529999675,True
Bhubaneshwar_Hub (Orissa),Visakhapatnam_Gajuwaka_IP (Andhra Pradesh),FTL,1.544038538739462,176,242.8554878086672,True
Hubli_Adargchi_IP (Karnataka),Bhiwandi_Mankoli_HB (Maharashtra),FTL,1.5423946668990458,24,275.67788791690396,True
Kurnool_AbbasNgr_I (Andhra Pradesh),JoguGadwal_ColctrOf_D (Telangana),FTL,1.541958041958042,8,44.44920072381401,True
Pune_Tathawde_H (Maharashtra),Hyderabad_Shamshbd_H (Telangana),FTL,1.540785498489426,263,265.67304019492315,True
Nawalgarh_NavldiDPP_D (Rajasthan),Pilani (Rajasthan),FTL,1.54,39,44.27496031500918,True
Vadnagar_BsstdDPP_D (Gujarat),Palanpur_DC (Gujarat),FTL,1.5396349413298567,34,45.23868566700307,True
Khambhalia_JdswarRD_D (Gujarat),Bhatiya_Kalyanpr_D (Gujarat),FTL,1.5393145161290323,22,40.21793230319014,True
Chandigarh_Mehmdpur_H (Punjab),Chandigarh_Mullanpr_DC (Chandigarh),Carting,1.5384615384615385,105,27.688136363389862,True
Gurgaon_Bilaspur_HB (Haryana),Delhi_Kapshera_L (Delhi),Carting,1.5384615384615385,156,27.085794504909043,True
Ankola_Kakrmath_D (Karnataka),Honnavar_Prbhtngr_D (Karnataka),FTL,1.5384615384615385,3,44.27515906771261,True
Kulithalai_AnnaNGR_D (Tamil Nadu),Tiruchi_Manikndm_H (Tamil Nadu),FTL,1.5378787878787878,2,27.9616114321352,True
Krishnagiri_BnglorRd_D (Tamil Nadu),Bangalore_Nelmngla_H (Karnataka),FTL,1.5368508221933042,20,66.956811230483,True
MAA_Poonamallee_HB (Tamil Nadu),Nellore_DC (Andhra Pradesh),FTL,1.5364238410596027,97,90.290773956127,True
Hindupur_Parigi_D (Andhra Pradesh),Puttaprthi_Gokulam_D (Andhra Pradesh),Carting,1.535890073831009,30,32.02599965257888,True
Hindaun_MndwrRod_D (Rajasthan),Karauli_HnsChowk_D (Rajasthan),Carting,1.5357142857142858,55,19.64351788239392,True
Lalitpur_RjghatRd_D (Uttar Pradesh),Tikamgarh_MndiRoad_D (Madhya Pradesh),FTL,1.5341995841995844,4,34.90737163842768,True
Narsinghgarh_Central_D_1 (Madhya Pradesh),Pachore_Shop3DPP_D (Madhya Pradesh),FTL,1.534159159159159,22,33.535361527842895,True
Bangalore_Nelmngla_H (Karnataka),Hiriyur_TahurDPP_D (Karnataka),FTL,1.5339366515837103,60,79.46571519055993,True
HBR Layout PC (Karnataka),Bengaluru_NwYlhnka_DC (Karnataka),Carting,1.5313725490196077,76,9.843870535389362,True
Honnavar_Prbhtngr_D (Karnataka),Bhatkal_KmkshBul_D (Karnataka),FTL,1.530791788856305,2,27.169140061023434,True
Mumbai Hub (Maharashtra),Mumbai_East_L_23 (Maharashtra),Carting,1.5291666666666668,4,18.46173959142859,True
Sedam_DBRCmplx_D (Karnataka),Chincholi_Mainroad_D (Karnataka),Carting,1.5283347863993026,72,23.85115459168117,True
Gwalior_HrihrNgr_I (Madhya Pradesh),Gurgaon_Bilaspur_HB (Haryana),FTL,1.528301886792453,311,133.79399673743433,True
Balasore_Ganeshwr_D (Orissa),Jaleswar_NaturDPP_D (Orissa),FTL,1.5277777777777777,3,44.750627619410665,True
Shadnagar_Central_D_1 (Telangana),Hyderabad_Shamshbd_H (Telangana),Carting,1.5277777777777777,22,19.00826465162031,True
Khurai_Talaiya_D (Madhya Pradesh),Rehli_Ward7DPP_D (Madhya Pradesh),FTL,1.5276272207166515,24,60.34558977966245,True
Kottarakkara_Amankovl_D (Kerala),Punalur_PostofJN_D (Kerala),Carting,1.5263157894736843,41,12.750607391138242,True
Nagaur_KisanCo_D (Rajasthan),Tarnau_BsstdDPP_D (Rajasthan),FTL,1.5261984392419174,4,31.68021396694646,True
Pune_Tathawde_H (Maharashtra),Rajgurunagar_Chakan_D (Maharashtra),Carting,1.5258620689655173,14,12.067689259887773,True
Gulbarga_Nehrugnj_I (Karnataka),Sindagi_KalyanNg_D (Karnataka),Carting,1.5254237288135593,131,45.834006912603066,True
Kotputli_LXngrDPP_D (Rajasthan),Paota_SmClyDPP_D (Rajasthan),FTL,1.524731182795699,18,33.14297847424318,True
Bengaluru_Bomsndra_HB (Karnataka),Bangalore_Nelmngla_H (Karnataka),Carting,1.5247058823529411,368,27.55565833589381,True
Athani_VikrmMah_D (Karnataka),Bijapur_KirtiNgr_D (Karnataka),FTL,1.5238095238095237,27,66.47188410723125,True
Raiganj_SubrtDPP_D (West Bengal),Kaliyaganj_Central_DPP_1 (West Bengal),Carting,1.5238095238095237,9,18.43868818203765,True
Del_Okhla_PC (Delhi),Gurgaon_Bilaspur_HB (Haryana),Carting,1.5238095238095237,451,36.03823952872995,True
Mejia_Central_D_1 (West Bengal),Rghunthpur_barkarRd_D (West Bengal),FTL,1.5238095238095237,20,31.92914712784451,True
Hyderabad_Shamshbd_H (Telangana),Ongole_SubhVRTL_I (Andhra Pradesh),FTL,1.5238095238095237,143,154.3752793786771,True
Visakhapatnam_Gajuwaka_IP (Andhra Pradesh),Rajamundry_AtoNgrRd_I (Andhra Pradesh),FTL,1.5231481481481481,16,100.29845845667634,True
Manmad_Malegaon_D (Maharashtra),Malegaon_Rawlgaon_D (Maharashtra),FTL,1.5227743271221532,16,27.92495349788816,True
HBR Layout PC (Karnataka),Bengaluru_Bomsndra_HB (Karnataka),Carting,1.5227272727272727,66,18.854813710785855,True
Rishikesh_DC (Uttarakhand),SrinagarUK_Srikot_D (Uttarakhand),FTL,1.5218962585034013,12,44.39147993381481,True
Palakonda_VadaiDPP_D (Andhra Pradesh),Srikakulam_Kuslpram_I (Andhra Pradesh),FTL,1.5217391304347827,34,32.96695108647358,True
Dholpur_GtRoad_D (Rajasthan),Gurgaon_Bilaspur_HB (Haryana),FTL,1.5217357625333086,10,122.3566617047631,True
Ranipet_MBTRd_DC (Tamil Nadu),Sholinghur_ArkonmRD_D (Tamil Nadu),FTL,1.5208695652173914,22,22.800095689943507,True
Khedbrahma_Patelfli_D (Gujarat),Mehsana_Panchot_IP (Gujarat),FTL,1.520638629283489,36,66.05720738472877,True
Banswada_Menagrdn_D (Telangana),Yellareddy_JKRoad_D (Telangana),FTL,1.52,40,24.120812106914254,True
Bangalore_East_I_20 (Karnataka),Kolar_Ambedkar_D (Karnataka),Carting,1.5199692780337941,74,36.00606397038547,True
Puttaprthi_Gokulam_D (Andhra Pradesh),Kadiri_GVManu_D (Andhra Pradesh),FTL,1.519675925925926,16,32.8282486058191,True
Bhadrak_Central_I_2 (Orissa),Karanjia_Sarubali_D (Orissa),FTL,1.5196078431372548,4,83.4372986645313,True
Ludhiana_MilrGanj_HB (Punjab),Moga_DPC (Punjab),FTL,1.519091847265222,36,55.95505234164236,True
Sumerpur_BazarDPP_D (Rajasthan),Falna_SbhRDDPP_D (Rajasthan),FTL,1.5185185185185186,1,19.21291185585225,True
Panaji Goa (Goa),Goa_ZuariNgr_IP (Goa),Carting,1.5172413793103448,8,18.326229922259515,True
Jewar_SJRoad_D (Uttar Pradesh),Anupshahar_DcntCLY_D (Uttar Pradesh),FTL,1.5168539325842696,16,56.08144183241963,True
Vijayawada_Rynapadu_H (Andhra Pradesh),Gudivada_GvrCompx_D (Andhra Pradesh),FTL,1.5166666666666666,38,31.796275247275943,True
Pollachi_Venkatsa_DC (Tamil Nadu),Udumalpet_Artclgrd_D (Tamil Nadu),Carting,1.5161290322580645,4,22.558951768820975,True
Panipat_PC (Haryana),Karnal (Haryana),FTL,1.5142857142857142,4,29.13344328783834,True
Ludhiana_MilrGanj_HB (Punjab),Muktsar_DPC (Punjab),FTL,1.514018691588785,7,89.12080656843457,True
Hyderabad_Shamshbd_H (Telangana),Tandur_SnthiNGR_D (Telangana),Carting,1.5139762403913348,80,50.40138030693491,True
Amb_Adrshngr_D (Himachal Pradesh),DehraGopipur_Central_D_1 (Himachal Pradesh),FTL,1.5135135135135136,3,21.839965940193597,True
Sullia_Srirampt_D (Karnataka),Kadaba_AnugrDPP_D (Karnataka),FTL,1.5128205128205128,7,19.610509185212408,True
Anand_VUNagar_DC (Gujarat),Khambhat_MotvdDPP_D (Gujarat),Carting,1.5125,54,27.44774877669103,True
Porbandar_DC (Gujarat),Bhanvad_Mainroad_D (Gujarat),Carting,1.5121951219512195,41,27.051326498261183,True
Vijayawada_Rynapadu_H (Andhra Pradesh),Khammam_NSTRoad_I (Telangana),FTL,1.5116279069767442,67,67.15077322296833,True
Hanumangarh_DC (Rajasthan),Suratgarh_Central_DPP_2 (Rajasthan),Carting,1.5113636363636362,6,32.046617259057314,True
Batlagundu_RTOofice_D (Tamil Nadu),Vadipatti_lalaNGR_D (Tamil Nadu),FTL,1.5108695652173914,20,22.81759693936925,True
Solapur_Central_I_2 (Maharashtra),Osmanabad_Kakdepot_D (Maharashtra),FTL,1.5106382978723405,63,44.88321636089992,True
Bengaluru_Bomsndra_HB (Karnataka),Bengaluru_KGAirprt_HB (Karnataka),Carting,1.509433962264151,605,27.54763262792452,True
Pratapgarh_Nimachrd_D (Rajasthan),Mandsaur_YashDPP_D (Madhya Pradesh),FTL,1.5092592592592593,24,24.547601359043547,True
Maharajapuram_Krsnakcl_D (Tamil Nadu),Madurai_Kappalur_H (Tamil Nadu),FTL,1.5086232530478738,48,45.13218863741564,True
Amalner_Murtingr_D (Maharashtra),Erandol_BsStdDPP_D (Maharashtra),Carting,1.5086206896551724,4,22.974735962640615,True
Dholpur_GtRoad_D (Rajasthan),Gwalior_HrihrNgr_I (Madhya Pradesh),FTL,1.5076674737691687,18,47.19921329969388,True
Auraiya_AryaNagr_D (Uttar Pradesh),Etawah_MhraChng_D (Uttar Pradesh),FTL,1.5075757575757576,58,45.234636581933444,True
Goa_Hub (Goa),Pune_Tathawde_H (Maharashtra),FTL,1.5070422535211268,229,198.5744296016884,True
Lakhnadon_Central_DPP_1 (Madhya Pradesh),Chhindwara_NagpurRd_D (Madhya Pradesh),FTL,1.5052083333333335,28,68.47544744953123,True
Sonipat_Kundli_H (Haryana),Gajraula_JawaharN_D (Uttar Pradesh),FTL,1.505050505050505,125,88.06710352742722,True
Hyderabad_Shamshbd_H (Telangana),Mahabubnagar_DC (Telangana),FTL,1.5045454545454544,68,55.71196724235867,True
Jassur_AadiDPP_D (Himachal Pradesh),Dalhousie_Banikhet_D (Himachal Pradesh),FTL,1.5035135135135134,18,25.832347380275273,True
Kathua_BOB_D (Jammu & Kashmir),Jammu_TrnptNgr_L (Jammu & Kashmir),FTL,1.503420523138833,12,55.92855647295046,True
Karwar_Central_D_1 (Karnataka),Dandeli_RKComplx_D (Karnataka),FTL,1.5030141843971632,8,55.384772442634386,True
Pithorgarh_Kumud_D (Uttarakhand),Rudrapur_UdhamNgr_H (Uttarakhand),FTL,1.5000216422109682,40,66.33063683613435,True
Shoranur_KdrShrRd_D (Kerala),Pazhayannur_AlathurRD_D (Kerala),Carting,1.5,30,11.607074622322108,True
Pattukotai_anthniyr_D (Tamil Nadu),Peravurani_SH71_D (Tamil Nadu),FTL,1.5,16,19.354246629699,True
Dibrugarh_Bokule_H (Assam),Duliajan_StatonRd_D (Assam),Carting,1.5,48,27.358890322677738,True
Del_Okhla_PC (Delhi),Noida_Sec 02_DPC (Uttar Pradesh),Carting,1.5,23,9.442722443775711,True
Simrahi_Bazar_D (Bihar),Narpatganj_Central_DPP_1 (Bihar),FTL,1.5,1,22.263798575834507,True
Bengaluru_Peenya_L (Karnataka),Bangalore_Nelmngla_H (Karnataka),Carting,1.5,63,9.743117333902063,True
Jalandhar_DPC (Punjab),Phagwara_Lovely_D (Punjab),Carting,1.5,25,10.120330262680303,True
Bengaluru_Bomsndra_HB (Karnataka),Bengaluru_Peenya_IP (Karnataka),Carting,1.5,151,26.792777820176344,True
Kalluvathukal_Pariplly_D (Kerala),Kilimanoor_Krvnkuzy_D (Kerala),Carting,1.5,42,11.646362564993137,True
Anandnagar_LohiaDPP_D (Uttar Pradesh),Maharajganj_PakriDPP_D (Uttar Pradesh),Carting,1.5,3,18.91513152076986,True
Karimnagar_KamnHbRD_I (Telangana),Manthani_Chaitnya_D (Telangana),FTL,1.5,9,44.398134911476376,True
Kanpur_Central_H_6 (Uttar Pradesh),Auraiya_AryaNagr_D (Uttar Pradesh),FTL,1.5,58,45.135329634627695,True
Hyderabad_Shamshbd_H (Telangana),Gulbarga_Nehrugnj_I (Karnataka),FTL,1.5,164,89.61410835277442,True
Rayachoti_Madnpali_D (Andhra Pradesh),Pulivendula_RTCStand_D (Andhra Pradesh),FTL,1.5,59,49.64441951398057,True
Solapur_Central_I_2 (Maharashtra),Hyderabad_Shamshbd_H (Telangana),FTL,1.5,217,155.06999777441473,True
Nipani_AkkolRD_D (Karnataka),Chikodi_IndraNgr_D (Karnataka),FTL,1.5,5,22.02171692643177,True
Kolar_Ambedkar_D (Karnataka),Mulbagal_Sunku_D (Karnataka),Carting,1.5,50,27.194856656798024,True
Trivandrum_Mnanthla_H (Kerala),Kollam_Central_H_1 (Kerala),FTL,1.496031746031746,36,44.85703167111387,True
Naraingarh_Ward2DPP_D (Haryana),Lalru_OnkarDPP_D (Punjab),Carting,1.4935897435897436,56,23.318981786743215,True
Sikar_FatehpRd_I (Rajasthan),Sultana_Central_DPP_1 (Rajasthan),FTL,1.4932330827067668,8,55.88520747198069,True
Vijayawada_Rynapadu_H (Andhra Pradesh),Nuzvid_Ward17_D (Andhra Pradesh),FTL,1.490566037735849,41,23.72112418884753,True
Jalandhar_DPC (Punjab),Amritsar_DPC (Punjab),FTL,1.4903810580836108,68,55.80237457402479,True
Udupi (Karnataka),Kundapura_DC (Karnataka),FTL,1.4889643463497455,6,27.24987829371151,True
Saraiya_Wardno4_D (Bihar),Kanti_Central_DPP_2 (Bihar),Carting,1.488695652173913,6,20.922671044394,True
Tezu_Farmnala_D (Arunachal Pradesh),Roing_DibngVly_D (Arunachal Pradesh),Carting,1.4883720930232558,4,36.21291723168933,True
Aluva_Peedika_H (Kerala),Guruvayoor_ManhrBld_D (Kerala),FTL,1.4882928905917412,48,45.01557715683061,True
Parvathipuram_Central_D_2 (Andhra Pradesh),Palakonda_VadaiDPP_D (Andhra Pradesh),FTL,1.4880952380952381,34,31.60316835029382,True
Doddablpur_ChikaDPP_D (Karnataka),Chikblapur_ShntiSgr_D (Karnataka),Carting,1.486842105263158,36,19.05539030769793,True
Bengaluru_KGAirprt_HB (Karnataka),Kolar_Ambedkar_D (Karnataka),Carting,1.4868334430546413,30,32.81580840695343,True
Sirsi_Vidygiri_D (Karnataka),Sagara_Vardhard_D (Karnataka),FTL,1.4864864864864864,27,44.98790907404643,True
Pandharpur_RajCmplx_D (Maharashtra),Atapadi_Vidyangr_D (Maharashtra),Carting,1.485837922895358,36,32.40809419944857,True
Husnabad_Greenmkt_D (Telangana),Jammikunta_ConduDPP_D (Telangana),FTL,1.4854215918045703,26,27.154715323969093,True
Malavalli_SulthnRd_D (Karnataka),Tirumakudalu_Narasipr_D (Karnataka),FTL,1.4848484848484849,19,23.58821668765197,True
Yellareddy_JKRoad_D (Telangana),Medak_Dwaraka_D (Telangana),FTL,1.4821200510855683,38,28.970701864660334,True
Dharmavram_SaiNgr_D (Andhra Pradesh),Puttaprthi_Gokulam_D (Andhra Pradesh),FTL,1.4814814814814814,26,25.498745782611756,True
Tenkasi_RailwyRd_D (Tamil Nadu),Ambasamdrm_Solaiprm_D (Tamil Nadu),FTL,1.4810659186535764,20,27.92507197421765,True
Mandapeta_Mainrd_D (Andhra Pradesh),Kakinada_DC (Andhra Pradesh),FTL,1.4805194805194806,30,27.969402082905006,True
Bargarh_JJCpxDPP_D (Orissa),Balangir_Rjndpara_D (Orissa),FTL,1.4799616490891658,4,55.88897271796355,True
Coimbatore_Karayam_H (Tamil Nadu),Pollachi_Venkatsa_DC (Tamil Nadu),Carting,1.4797297297297298,6,31.762519491722394,True
Bengaluru_KGAirprt_HB (Karnataka),Bengaluru_Banshkri_DC (Karnataka),Carting,1.4797297297297298,72,23.026184563497534,True
Sonipat_Kundli_H (Haryana),Gurgaon_Bilaspur_HB (Haryana),Carting,1.479390175042349,756,45.90115663438873,True
Coimbatore_ElngoNgr_C (Tamil Nadu),Coimbatore_Karayam_H (Tamil Nadu),Carting,1.4782608695652173,13,18.01042732285967,True
Sundargarh_DiyoDPP_D (Orissa),Rajgangpur_Central_D_2 (Orissa),FTL,1.4777667984189722,18,44.591608648393034,True
Ghaziabad_MohanNgr_C (Uttar Pradesh),Del_Okhla_PC (Delhi),Carting,1.4761904761904763,30,19.338218186518034,True
Ongole_SubhVRTL_I (Andhra Pradesh),Kandukur_LICOffce_D (Andhra Pradesh),FTL,1.4761904761904763,3,35.39093551325081,True
Pilibhit_ViksClny_D (Uttar Pradesh),Puranpur_MdothdRD_D (Uttar Pradesh),Carting,1.475609756097561,20,27.44544464486944,True
Deoband_Ramvlg_D (Uttar Pradesh),Dehradun_Nirjanpur_L (Uttarakhand),FTL,1.4755808440018967,8,55.22474190539704,True
Palasa_Central_DPP_1 (Andhra Pradesh),Paralakhemundi_Ward14_D (Orissa),FTL,1.4745762711864407,21,32.201287733886545,True
Chandigarh_Mehmdpur_H (Punjab),Bhota_BpassDPP_D (Himachal Pradesh),FTL,1.4733386496544392,14,89.41646319541286,True
Puttur_Darbe_DC (Karnataka),Sullia_Srirampt_D (Karnataka),FTL,1.4727047146401984,12,26.453979899851674,True
JoguGadwal_ColctrOf_D (Telangana),Raichur_LSRoad_DC (Karnataka),FTL,1.472142857142857,6,44.69153048332455,True
Guruvayoor_ManhrBld_D (Kerala),Edappal_PonaniRD_D (Kerala),FTL,1.4705882352941178,21,21.921560453665705,True
MAA_Poonamallee_HB (Tamil Nadu),Chennai_Chrompet_DPC (Tamil Nadu),Carting,1.4705882352941178,21,18.68649747469327,True
Purnia_Central_H_2 (Bihar),Araria_Wardn13_D (Bihar),FTL,1.4705882352941178,41,24.90984951585545,True
Bengaluru_Hoodi_IP (Karnataka),Bengaluru_Bomsndra_HB (Karnataka),Carting,1.4705882352941178,65,18.129790970653143,True
Narsingpur_JrjolDPP_D (Madhya Pradesh),Gadarwara_MPward_D (Madhya Pradesh),FTL,1.47,8,30.926418934055988,True
Yellandu_Sudimala_D (Telangana),Rayaparthi_Perkadrd_D (Telangana),FTL,1.469794010732214,48,55.6925031109417,True
Bijnapally_nagar_D (Telangana),Jadcherla_Badeplly_D (Telangana),FTL,1.468864468864469,38,24.4012424282853,True
Palampur_Cnsrvila_D (Himachal Pradesh),Chandigarh_Mehmdpur_H (Punjab),FTL,1.4683875530410184,18,110.32932399432066,True
Ahmedabad_East_H_1 (Gujarat),Gandhidham_Sector1A_IP (Gujarat),FTL,1.4680851063829787,139,132.79960406745482,True
Del_Okhla_PC (Delhi),Delhi_Kishangarh_DPC (Delhi),Carting,1.4666666666666666,60,9.89167402895276,True
Khed_Mahad_D (Maharashtra),Kolhapur_Central_H_2 (Maharashtra),FTL,1.4666666666666666,7,88.12566468183525,True
Pilibhit_ViksClny_D (Uttar Pradesh),Rampur_RoshnBgh_I (Uttar Pradesh),Carting,1.4666666666666666,7,58.41899666288106,True
Delhi_Jhilmil_L (Delhi),Gurgaon_Bilaspur_HB (Haryana),Carting,1.4666666666666666,7,37.73789528224864,True
Dudu_NrainaRD_D (Rajasthan),Phulera_NarenaRD_D (Rajasthan),Carting,1.4666666666666666,15,19.154990923859067,True
Athani_VikrmMah_D (Karnataka),Bijapur_Central_D_2 (Karnataka),FTL,1.4664011946241913,16,59.195690353045464,True
Bijainagar_Central_DPP_1 (Rajasthan),Kekri_LxmntDPP_D (Rajasthan),FTL,1.4660714285714285,24,44.90378949993157,True
Goa_ZuariNgr_IP (Goa),Goa_Margao_Dc (Goa),Carting,1.4642857142857144,12,11.541338969431635,True
Chhindwara_NagpurRd_D (Madhya Pradesh),Seoni_Kidwai_D (Madhya Pradesh),FTL,1.4638655462184875,30,45.503176268996285,True
Khandala_Satara_D (Maharashtra),Pune_Tathawde_H (Maharashtra),FTL,1.4629629629629628,28,56.360829264093645,True
Karimnagar_KamnHbRD_I (Telangana),Mancherial_Hitech_D (Telangana),FTL,1.4628415300546447,34,45.77101465546137,True
Patiala_GainMrkt_L (Punjab),Nabha_Sahni_D (Punjab),FTL,1.4615384615384617,2,23.202318875083787,True
Chandigarh_Raiprkln_C (Chandigarh),Chandigarh_Mehmdpur_P (Punjab),Carting,1.4611111111111112,12,23.13935430661533,True
Aluva_Peedika_H (Kerala),Arimbur_Veluthur_D (Kerala),Carting,1.4594594594594594,55,27.97541053624508,True
Sonipat_Kundli_H (Haryana),Dehradun (Uttarakhand),FTL,1.4589539887454483,18,110.20060662544904,True
Betamcherla_CmtNgRod_D (Andhra Pradesh),Kurnool_AbbasNgr_I (Andhra Pradesh),FTL,1.457142857142857,3,42.03733791868632,True
Chhatarpur_Busstand_D (Madhya Pradesh),Tikamgarh_MndiRoad_D (Madhya Pradesh),FTL,1.4557571269900036,36,60.00020776234153,True
Gurgaon_Bilaspur_HB (Haryana),Delhi_Mayapuri_PC (Delhi),Carting,1.4555335968379448,286,36.09633336831587,True
Hubli_Adargchi_IP (Karnataka),Sirsi_Vidygiri_D (Karnataka),FTL,1.4549430599108764,60,56.54356578809942,True
Bodhan_SuryaDPP_D (Telangana),Banswada_Menagrdn_D (Telangana),FTL,1.4545454545454546,38,26.152294007196524,True
Warangal_Central_D_2 (Telangana),Husnabad_Greenmkt_D (Telangana),FTL,1.4545454545454546,26,29.65738002067743,True
Cochin_Kdvantra_D (Kerala),Aluva_Peedika_H (Kerala),Carting,1.4545454545454546,3,18.48982489812311,True
AhmedNagar_DC (Maharashtra),Parner_Hindcwk_D (Maharashtra),FTL,1.4533248081841432,2,28.480840634157097,True
Bhuvanagiri_HBColny_D (Telangana),Thirumalagiri_Xroad_D (Telangana),FTL,1.4516129032258065,3,44.48604762326669,True
Canacona_CharRsta_D (Goa),Ankola_Kakrmath_D (Karnataka),FTL,1.4516129032258065,3,45.06822523477148,True
Dhanbad_Kalynpur_I (Jharkhand),Deoghar_Barmasia_D (Jharkhand),FTL,1.4510567296996664,16,56.295282159975386,True
Chittapur_GlbrgaRD_D (Karnataka),Sedam_DBRCmplx_D (Karnataka),Carting,1.45,49,18.859137901339796,True
Thuraiyur_Mthrapuri_D (Tamil Nadu),Perambalur_goplpurm_D (Tamil Nadu),FTL,1.4491666666666667,32,27.703952263768308,True
Pthnmthitt_Klskhrpt_D (Kerala),Adoor_Town_D (Kerala),Carting,1.4491666666666667,30,11.75338355634152,True
Jaipur_Hub (Rajasthan),Alwar_Central_I_1 (Rajasthan),FTL,1.449000370233247,126,78.46561056826579,True
Arimbur_Veluthur_D (Kerala),Sankaramangalam_Central_D_1 (Kerala),Carting,1.4482758620689655,55,27.9667905929572,True
Kallachi_ZamQuatr_D (Kerala),Kuthuparamba_IdstrlAr_D (Kerala),Carting,1.4479166666666665,34,11.272662538323564,True
Delhi_Nangli_IP (Delhi),Janakpuri (Delhi),Carting,1.4472222222222222,66,11.608049714574491,True
Mehsana_Panchot_IP (Gujarat),Kadi_KaranNGR_D (Gujarat),FTL,1.4471153846153846,36,30.41721380356138,True
Sikar_FatehpRd_I (Rajasthan),Nawalgarh_NavldiDPP_D (Rajasthan),FTL,1.4460847240051349,28,25.119914407927297,True
Vinukonda_Kothapet_D (Andhra Pradesh),Addanki_Oilmilrd_D (Andhra Pradesh),FTL,1.4458064516129032,38,29.369272158182476,True
Chandigarh_Mehmdpur_H (Punjab),Zirakpur_DC (Punjab),Carting,1.4444444444444444,103,19.144965369687977,True
Guntakal_Verpatem_D (Andhra Pradesh),Rayadurgam_RailGate_D (Andhra Pradesh),FTL,1.4444444444444444,72,56.034135191200505,True
Manvi_APMCYard_D (Karnataka),Sindhanur_VasaviNg_D (Karnataka),Carting,1.4444444444444444,4,35.309410632257105,True
Barmer_Nehru3PL_D (Rajasthan),Pokhran_SttinDPP_D (Rajasthan),FTL,1.4444444444444444,21,90.7420157179201,True
Manjeshwar_Central_D_1 (Kerala),Kasaragod_Nullipad_D (Kerala),FTL,1.4419642857142856,2,24.46871503700764,True
Kurnool_AbbasNgr_I (Andhra Pradesh),Bangalore_Nelmngla_H (Karnataka),FTL,1.4417177914110428,155,176.209536029859,True
Kolar_Ambedkar_D (Karnataka),Chintamani_Central_D_2 (Karnataka),Carting,1.4415584415584415,4,23.06423513557419,True
Chandigarh_Raiprvlg_L (Chandigarh),Chandigarh_Mehmdpur_H (Punjab),Carting,1.4408045977011494,112,23.13392306549813,True
Kattappana_Palikval_D (Kerala),Madurai_Kappalur_H (Tamil Nadu),FTL,1.4404761904761905,45,66.5246732922678,True
Durg_Pulgaon_DC (Chhattisgarh),Kanker_KrisnKunj_D (Chhattisgarh),FTL,1.439252336448598,5,66.81485981424117,True
Bangalore_Nelmngla_H (Karnataka),Kurnool_AbbasNgr_I (Andhra Pradesh),FTL,1.4389429070057342,172,176.8548617136965,True
Ramagundam_Pdmavati_D (Telangana),Chinnur_AsnsdhRD_D (Telangana),FTL,1.438423645320197,10,26.844597257723894,True
Eral_Busstand_D (Tamil Nadu),Tirchchndr_Shnmgprm_D (Tamil Nadu),Carting,1.4375,34,11.415114601052837,True
Surat_Brpc (Gujarat),Surat_HUB (Gujarat),Carting,1.4375,2,9.38250490806535,True
Jagraon_DC (Punjab),Raikot_DC (Punjab),FTL,1.436904761904762,18,20.64253343694699,True
Rudrapur_UdhamNgr_H (Uttarakhand),Ramnagar_BhwniGnj_D (Uttarakhand),FTL,1.435897435897436,48,44.5069655188664,True
Ghaziabad_Central_L_8 (Uttar Pradesh),Delhi_Airport_H (Delhi),Carting,1.4356060606060606,8,22.74137551399655,True
Shahdol_Sohagpur_D (Madhya Pradesh),Dola_ChainDPP_D (Madhya Pradesh),FTL,1.435441370223979,16,55.2921617228859,True
Chomu_ShsmlDPP_D (Rajasthan),Reengus_Shop2DPP_D (Rajasthan),FTL,1.4352941176470588,16,26.08064178494409,True
Hassan_Pandrnga_I (Karnataka),Tiptur_YTRd_D (Karnataka),FTL,1.434782608695652,33,44.57956488818888,True
Almora_SuzkiSrv_D (Uttarakhand),Rudrapur_UdhamNgr_H (Uttarakhand),FTL,1.4342105263157894,4,55.491720223742774,True
Etah_CivlLine_D (Uttar Pradesh),Jalesar_ChngiDPP_D (Uttar Pradesh),Carting,1.4333333333333333,25,27.54360560691595,True
Machhiwara_MnBzrDPP_D (Punjab),Ludhiana_MilrGanj_HB (Punjab),FTL,1.4333333333333333,27,23.812932041550603,True
Aligarh_KhirByps_I (Uttar Pradesh),Kasganj_BnkrGate_D (Uttar Pradesh),FTL,1.4321946169772257,6,44.42655953712949,True
Kaghaznagar_Central_DPP_1 (Telangana),Mancherial_Hitech_D (Telangana),FTL,1.4318181818181819,3,44.08580001032597,True
Dindigul_Central_D_1 (Tamil Nadu),Oddnchtram_Palani_D (Tamil Nadu),FTL,1.4316770186335404,20,23.82569222254681,True
Chandauli_ShubsNGR_D (Uttar Pradesh),Aunrihar_Central_D_1 (Uttar Pradesh),Carting,1.430607043558851,6,27.28146391524313,True
Kamareddy_Devenply_I (Telangana),Karimnagar_KamnHbRD_I (Telangana),FTL,1.429897567221511,4,55.98667772884956,True
Chandpur_NorprRD_D (Uttar Pradesh),Bijnor_NaginaRd_D (Uttar Pradesh),FTL,1.4285714285714286,20,25.513477201191762,True
Sikandarpur_Central_D_3 (Uttar Pradesh),Sahatwar_PnchmDPP_D (Uttar Pradesh),FTL,1.4283333333333332,12,27.220706695397638,True
Chandigarh (Chandigarh),Chandigarh_Mehmdpur_H (Punjab),Carting,1.4268115942028985,4,22.77839736004347,True
Chincholi_Mainroad_D (Karnataka),Sedam_DBRCmplx_D (Karnataka),Carting,1.42674253200569,16,23.137901042847282,True
Muktsar_DPC (Punjab),Abohar_DC (Punjab),FTL,1.4252657911194495,6,44.68770689708987,True
JognderNgr_Dhelu_D (Himachal Pradesh),BilaspurHP_Indsarea_D (Himachal Pradesh),FTL,1.4252657911194495,12,23.66867766419672,True
Jodhpur_Basni_I (Rajasthan),Balotra_BsnoiHPL_D (Rajasthan),FTL,1.424924924924925,18,66.57526003506601,True
Pachore_Shop3DPP_D (Madhya Pradesh),Shajapur_MhpraRD_D (Madhya Pradesh),FTL,1.4244306418219463,38,44.50725044585309,True
Khammam_NSTRoad_I (Telangana),Manuguru_AskNagar_D (Telangana),FTL,1.4242424242424243,5,66.75670237049174,True
Kathua_BOB_D (Jammu & Kashmir),Jammu_Central_I_1 (Jammu & Kashmir),FTL,1.4240816326530612,8,56.23359627483063,True
AnandprShb_PnjPiara_D (Punjab),Chandigarh_Mehmdpur_H (Punjab),FTL,1.42,85,66.19707812457436,True
Kherli_GodamDPP_D (Rajasthan),Bharatpur_DC (Rajasthan),FTL,1.41890440386681,6,33.46560521419225,True
Tirpur_Palladam_DC (Tamil Nadu),Dharapuram_Techrcly_D (Tamil Nadu),Carting,1.418859649122807,74,27.770405413559693,True
Bhatkal_KmkshBul_D (Karnataka),Honnavar_Prbhtngr_D (Karnataka),FTL,1.4173684210526316,8,29.20883717390629,True
PNQ Pashan DPC (Maharashtra),Pune_Tathawde_H (Maharashtra),Carting,1.4166666666666667,51,9.714325610329194,True
Tiruvalla_TKRoad_D (Kerala),Haripad_Kumrpurm_D (Kerala),Carting,1.4166666666666667,11,18.36636564170055,True
Raichur_LSRoad_DC (Karnataka),JoguGadwal_ColctrOf_D (Telangana),FTL,1.41663807890223,42,44.267923356580056,True
Karimnagar_KamnHbRD_I (Telangana),Kamareddy_Devenply_I (Telangana),FTL,1.4152777777777779,8,56.00892618260639,True
Bhadrak_Central_I_2 (Orissa),Soro_UttarDPP_D (Orissa),FTL,1.4147286821705427,2,31.023432658581562,True
Bangalore_East_I_20 (Karnataka),Chintamani_Central_D_2 (Karnataka),Carting,1.4134295227524971,6,33.10661188147014,True
Pune_Tathawde_H (Maharashtra),Solapur_Central_I_2 (Maharashtra),FTL,1.413322671319182,324,147.43932395937887,True
Jabalpur_Adhartal_IP (Madhya Pradesh),Narsinghpur_KndliDPP_D (Madhya Pradesh),FTL,1.4118683901292597,20,56.23925137422761,True
Hyderabad_Shamshbd_H (Telangana),Kadthal_GndhiDPP_D (Telangana),FTL,1.411764705882353,33,23.72384038553496,True
Metpally_GunjRDPP_D (Telangana),Jagtial_Aravind_D (Telangana),FTL,1.411764705882353,9,23.410538082281683,True
Chennai_Chnglptu_DC (Tamil Nadu),Malemruvathur_Achipkam_D (Tamil Nadu),Carting,1.411764705882353,49,27.07951725142831,True
Karnaprayag_Umalodge_D (Uttarakhand),Chamoli_CGRoad_D (Uttarakhand),FTL,1.4090909090909092,15,17.409267900346382,True
MAA_Poonamallee_HB (Tamil Nadu),Pondicherry_Vasanthm_I (Pondicherry),FTL,1.4087396749267254,78,78.60378152060261,True
Chhindwara_NagpurRd_D (Madhya Pradesh),Mandla_Mharajpr_D (Madhya Pradesh),FTL,1.4087235228539576,16,104.96253370158783,True
NeemKaThana_War5DPP_D (Rajasthan),Khandela_PlsrdDPP_D (Rajasthan),FTL,1.4076246334310851,12,25.58754211363435,True
Shirdi_SaiBansi_D (Maharashtra),Shrirampur_DavkharRd_D (Maharashtra),Carting,1.4074074074074074,3,19.068393052789546,True
Bengaluru_Bnnrghta_L (Karnataka),Bengaluru_Peenya_L (Karnataka),Carting,1.4074074074074074,3,18.61380620666307,True
Kathua_BOB_D (Jammu & Kashmir),Samba_Wardno13_D (Jammu & Kashmir),FTL,1.4065476190476192,6,31.91957343029315,True
Belgaum_Dc (Karnataka),Khanapur_StatinRD_D (Karnataka),FTL,1.4061059907834101,10,23.464664140447766,True
Malegaon_Rawlgaon_D (Maharashtra),Satana_ThrbadRD_D (Maharashtra),FTL,1.4059561128526645,14,27.202791898817,True
Bengaluru_Bnnrghta_L (Karnataka),Bangalore_Nelmngla_H (Karnataka),Carting,1.4058823529411764,108,27.036248894920597,True
Bilimora_DC (Gujarat),Valsad_DC (Gujarat),Carting,1.4058823529411764,22,19.486713505353713,True
Rajpura_DC (Punjab),Mandi_Gobindgarh_DC (Punjab),FTL,1.4057971014492754,2,27.369056056248436,True
Samana_PODPP_D (Punjab),Patran_MheshNGR_D (Punjab),FTL,1.403985507246377,16,22.91750722455319,True
Mothkur_Mainroad_D (Telangana),Thirumalagiri_Xroad_D (Telangana),FTL,1.4038461538461537,12,20.611915400679706,True
Bngnpalle_Enkndla_D (Andhra Pradesh),Kurnool_AbbasNgr_I (Andhra Pradesh),FTL,1.4035087719298245,3,44.87095531289255,True
Hyderabad_Shamshbd_H (Telangana),Kamareddy_Devenply_I (Telangana),FTL,1.403241412675375,12,77.82971472241094,True
Krishnagiri_BnglorRd_D (Tamil Nadu),Dharmapuri_Central_D_2 (Tamil Nadu),FTL,1.402972027972028,12,45.922941853717525,True
Kurnool_AbbasNgr_I (Andhra Pradesh),Nandyal_SrnvsNgr_D (Andhra Pradesh),FTL,1.4022198731501057,54,45.485964052117,True
Challakere_Shivangr_D (Karnataka),Bangalore_Nelmngla_H (Karnataka),FTL,1.402127659574468,80,101.41283444851862,True
Gurgaon_Bilaspur_HB (Haryana),Noida_Sec 02_DPC (Uttar Pradesh),Carting,1.4010741510741511,62,38.779102121106476,True
Hunsur_RatnaDPP_D (Karnataka),HDKote_BegurRD_D (Karnataka),FTL,1.4,1,22.441991921793477,True
Shajapur_MhpraRD_D (Madhya Pradesh),Shujalpur_AstrdDPP_D (Madhya Pradesh),FTL,1.3955665024630541,6,33.61494539422421,True
Kanigiri_Tiglgndi_D (Andhra Pradesh),Kandukur_LICOffce_D (Andhra Pradesh),FTL,1.3953488372093024,57,44.66304868537435,True
Sirsi_Vidygiri_D (Karnataka),Shimoga_DC (Karnataka),FTL,1.394894894894895,6,78.08117701979288,True
Gulbarga_Nehrugnj_I (Karnataka),Chincholi_Mainroad_D (Karnataka),Carting,1.3943452380952381,28,36.14543192522449,True
Jaipur_Central_I_7 (Rajasthan),Dausa_IndraCln_D (Rajasthan),Carting,1.3928571428571428,18,32.78240301411785,True
Kapurthala_DC (Punjab),Nakodar_ChowkDPP_D (Punjab),FTL,1.3924682395644283,2,25.19688920850983,True
Muzaffrpur_Bbganj_I (Bihar),Pupri_SngihiRD_D (Bihar),FTL,1.391304347826087,1,22.25768213615405,True
Malerkotla_DC (Punjab),Sangrur_DC (Punjab),FTL,1.3908045977011494,4,27.402525176590068,True
Gurgaon_Bilaspur_HB (Haryana),GGN_DPC (Haryana),Carting,1.3888888888888888,223,26.977423648695957,True
Dharapuram_Techrcly_D (Tamil Nadu),Kangayam_Thvlrsrt_D (Tamil Nadu),Carting,1.3888888888888888,63,27.011936960063345,True
Karimnagar_KamnHbRD_I (Telangana),Vemulawada_Central_DPP_2 (Telangana),FTL,1.3888888888888888,8,25.804750796076096,True
Coimbatore_Ukkadam_D (Tamil Nadu),Coimbatore_Karayam_H (Tamil Nadu),Carting,1.3875,10,18.73645551905529,True
Aluva_Peedika_H (Kerala),Cochin_Kdvantra_D (Kerala),Carting,1.3875,38,18.188411919386816,True
Bengaluru_Bomsndra_HB (Karnataka),Bengaluru_Hoodi_IP (Karnataka),Carting,1.3870967741935485,87,18.04746175896471,True
Kurukshetra_DC (Haryana),Pehowa_WdN14DPP_D (Haryana),FTL,1.3869047619047619,44,24.485673785708222,True
Tilhar_SingCLNY_D (Uttar Pradesh),Jalalabad_farukngr_D (Uttar Pradesh),FTL,1.386178861788618,10,26.516862460754083,True
Avinashi_Valluvar_D (Tamil Nadu),Tirpur_Palladam_DC (Tamil Nadu),Carting,1.3846153846153846,33,18.34159045565532,True
Sivaganga_Wardno3_D (Tamil Nadu),Paramakudi_VagaiNgr_D (Tamil Nadu),FTL,1.3846153846153846,10,28.212731217047303,True
Sedam_DBRCmplx_D (Karnataka),Chittapur_GlbrgaRD_D (Karnataka),Carting,1.3846153846153846,12,19.589381080007946,True
Ponnamaravathi_Puduvalvu_D (Tamil Nadu),Pudukkotti_Mrthndpr_D (Tamil Nadu),FTL,1.3846153846153846,28,28.09076137331801,True
Dumka_Dudhani_D (Jharkhand),Pakur_Hatpada_D (Jharkhand),FTL,1.3846153846153846,44,57.81359923153098,True
Raichur_LSRoad_DC (Karnataka),Manvi_APMCYard_D (Karnataka),Carting,1.3818849449204407,10,27.39117882481414,True
Lakhnadon_Central_DPP_1 (Madhya Pradesh),Seoni_Kidwai_D (Madhya Pradesh),FTL,1.3816526610644257,6,44.37678069277531,True
Banswara_KhandDPP_D (Rajasthan),Pratapgarh_Nimachrd_D (Rajasthan),FTL,1.381578947368421,14,45.46615851005296,True
Bhatinda_DPC (Punjab),RampuraPhul_DC (Punjab),FTL,1.380952380952381,9,23.73703288337685,True
Osmanabad_Kakdepot_D (Maharashtra),Barshi_Kurduwdi_D (Maharashtra),FTL,1.380952380952381,42,30.64958843074676,True
Tirurangadi_Kooriyad_D (Kerala),Malappuram_Munduprm_D (Kerala),Carting,1.380952380952381,14,10.981608161745207,True
Junagadh_DPC (Gujarat),Porbandar_DC (Gujarat),Carting,1.3803496081977094,112,54.443951991175865,True
Ramnagar_BhwniGnj_D (Uttarakhand),Kashipur_BajprDPP_D (Uttarakhand),FTL,1.380327868852459,2,24.64457987543595,True
Dindigul_Central_D_1 (Tamil Nadu),Madurai_Kappalur_H (Tamil Nadu),FTL,1.38,25,46.77333246410073,True
Chikodi_IndraNgr_D (Karnataka),Athani_VikrmMah_D (Karnataka),FTL,1.38,30,44.83745327046004,True
Bangalore_Nelmngla_H (Karnataka),Bengaluru_Kengeri_IP (Karnataka),Carting,1.3793103448275863,70,18.51448137303624,True
Goa_ZuariNgr_IP (Goa),Central Goa (Goa),Carting,1.3791666666666667,8,10.64526306667279,True
Gondal_DC (Gujarat),Jasdan_MotiDPP_D (Gujarat),Carting,1.3777777777777778,5,27.66883417048127,True
Usilampatti_MrutiNGR_D (Tamil Nadu),Theni_Rathnam_D (Tamil Nadu),FTL,1.3774703557312251,12,34.96084631634777,True
Balotra_BsnoiHPL_D (Rajasthan),Barmer_Nehru3PL_D (Rajasthan),FTL,1.3764705882352941,36,55.83349854007289,True
Rampur_RoshnBgh_I (Uttar Pradesh),Chandpur_NorprRD_D (Uttar Pradesh),FTL,1.37627197039778,56,55.88746003791336,True
Chandigarh_Mehmdpur_H (Punjab),Baddi_ByePass_D (Himachal Pradesh),FTL,1.3725490196078431,3,45.142669296287536,True
Patran_MheshNGR_D (Punjab),Samana_PODPP_D (Punjab),FTL,1.3706293706293706,2,24.799353242175563,True
Samba_Wardno13_D (Jammu & Kashmir),Jammu_Central_I_1 (Jammu & Kashmir),FTL,1.3696236559139785,2,23.71245250009585,True
Reengus_Shop2DPP_D (Rajasthan),Sikar_FatehpRd_I (Rajasthan),FTL,1.368421052631579,36,44.766917217546336,True
Bangalore_Nelmngla_H (Karnataka),Bengaluru_Bnnrghta_L (Karnataka),Carting,1.368421052631579,197,20.48915254083377,True
Jagtial_Aravind_D (Telangana),DhrmpuriTS_HanumDPP_D (Telangana),FTL,1.368421052631579,18,22.646144731006178,True
Chandigarh_Mehmdpur_H (Punjab),Bangana_Bhaleti_D (Himachal Pradesh),FTL,1.36810806218673,98,89.35458375518921,True
Pollachi_Venkatsa_DC (Tamil Nadu),Coimbatore_Karayam_H (Tamil Nadu),Carting,1.3675324675324676,102,32.92242975933921,True
Jalalabad_Muktsar_D (Punjab),Fazilka_GndhiChk_D (Punjab),FTL,1.3666666666666667,4,26.19041545725367,True
Karaikudi_Sbrmnprm_D (Tamil Nadu),Ponnamaravathi_Puduvalvu_D (Tamil Nadu),FTL,1.366600790513834,28,28.659999494480843,True
Pandhurna_Mataward_D (Madhya Pradesh),Sausar_Central_DPP_1 (Madhya Pradesh),FTL,1.363756613756614,42,24.911422378434082,True
Tirunelveli_VdkkuSrt_I (Tamil Nadu),Eral_Busstand_D (Tamil Nadu),Carting,1.3636363636363635,85,27.63105187853076,True
Tiruvalla_TKRoad_D (Kerala),Kozhenchery_Cherukole_D (Kerala),Carting,1.3636363636363635,11,13.412127875658404,True
Bikramgang_Dehrird_D (Bihar),Sasaram_Central_I_2 (Bihar),FTL,1.3590909090909091,8,26.4734992927184,True
Gwalior_HrihrNgr_I (Madhya Pradesh),Shivpuri_BypassRD_D (Madhya Pradesh),FTL,1.3584905660377358,5,67.02820168764718,True
Rawatsar_ShivmDPP_D (Rajasthan),Nohar_Central_DPP_2 (Rajasthan),FTL,1.357076780758557,2,29.37522320726964,True
Raniganj_Central_DPP_1 (Bihar),Narpatganj_Central_DPP_1 (Bihar),FTL,1.3563218390804597,4,26.588683249593974,True
Chanchal_BargaDPP_D (West Bengal),Samsi_RatuaDPP_D (West Bengal),Carting,1.3550420168067228,2,10.093514251361478,True
Morbi_DC (Gujarat),Rajkot_PedakRd_P (Gujarat),Carting,1.3529411764705883,7,36.50103286210508,True
Kekri_LxmntDPP_D (Rajasthan),Nasirabad_Central_DPP_2 (Rajasthan),FTL,1.3518518518518519,37,44.74698154870175,True
Dhone_RmNyrDPP_D (Andhra Pradesh),Kurnool_AbbasNgr_I (Andhra Pradesh),FTL,1.3513513513513513,15,45.29883783933248,True
Noida_Sec 02_DPC (Uttar Pradesh),Dadri_ICDCant_D (Uttar Pradesh),Carting,1.3511904761904763,2,13.667515744626968,True
BLR_JPNagar_Pc (Karnataka),Bangalore_Nelmngla_H (Karnataka),Carting,1.3488372093023255,47,19.539309158084308,True
Angamaly_CivilStn_D (Kerala),Chalakudy_SurbhiTh_D (Kerala),Carting,1.3484848484848484,22,10.830928999398289,True
Sirohi_Ricco_D (Rajasthan),Sumerpur_BazarDPP_D (Rajasthan),FTL,1.3482905982905984,4,28.129184003163786,True
Khurja_Pnjbiyon_D (Uttar Pradesh),Jewar_SJRoad_D (Uttar Pradesh),FTL,1.3480769230769232,32,27.525198493716047,True
Polur_StationRD_D (Tamil Nadu),Chetpet_Blmrgnst_D (Tamil Nadu),FTL,1.3478260869565217,22,23.352317509798006,True
Mainaguri_MilpaDPP_D (West Bengal),Mathabhang_Pshimpra_D (West Bengal),FTL,1.3475177304964538,24,44.27356007254045,True
Haldwani_PiliKoti_D (Uttarakhand),Rudrapur_UdhamNgr_H (Uttarakhand),FTL,1.3472222222222223,12,25.462007560656698,True
Kollam_Central_H_1 (Kerala),Trivandrum_Mnanthla_H (Kerala),FTL,1.34375,3,44.52633722876947,True
Rampur_RoshnBgh_I (Uttar Pradesh),Amroha_SamitiRd_D (Uttar Pradesh),FTL,1.3435314685314685,60,44.734454940816455,True
Bharatpur_NraynDPP_D (Rajasthan),Bharatpur_DC (Rajasthan),FTL,1.3426724137931034,12,25.035846782043023,True
Samba_Wardno13_D (Jammu & Kashmir),Jammu_TrnptNgr_L (Jammu & Kashmir),FTL,1.3413461538461537,2,25.336946046057335,True
Bangalore_Nelmngla_H (Karnataka),Anantapur_KamaStrt_I (Andhra Pradesh),FTL,1.339804994868286,108,110.7516325962777,True
Shahdol_Sohagpur_D (Madhya Pradesh),Anuppur_JthriDPP_DC (Madhya Pradesh),FTL,1.3357142857142856,4,31.137651327469886,True
Mungeli_Panderia_D (Chhattisgarh),Kawardha_TrnsptNGR_D (Chhattisgarh),Carting,1.3341463414634145,54,29.13595903286823,True
Mahabubnagar_DC (Telangana),Bijnapally_nagar_D (Telangana),FTL,1.3333333333333333,38,27.588023658333704,True
Narsiptnm_Wardno8_D (Andhra Pradesh),Anakapalle_Kothuru_D (Andhra Pradesh),Carting,1.3333333333333333,5,27.03334274771469,True
Nagamangala_MandyaRD_D (Karnataka),Krishnarajpet_MuruPost_D (Karnataka),FTL,1.3333333333333333,34,26.021688679740173,True
Delhi_Airport_H (Delhi),Noida_Sector02_C (Uttar Pradesh),FTL,1.3333333333333333,21,23.51240285417701,True
Mandsaur_YashDPP_D (Madhya Pradesh),Sitamau_Central_DPP_1 (Madhya Pradesh),FTL,1.3333333333333333,21,25.223616275781552,True
Farrukhbad_Pnchlght_D (Uttar Pradesh),Shahabad_KDRoad_D (Uttar Pradesh),FTL,1.3333333333333333,30,44.133875597620914,True
Bina_Srvdycwk_D (Madhya Pradesh),Rehli_Ward7DPP_D (Madhya Pradesh),FTL,1.3333333333333333,5,66.08218985486991,True
Chhibramau_Bhainpura_D (Uttar Pradesh),Farrukhbad_Pnchlght_D (Uttar Pradesh),FTL,1.3333333333333333,20,23.525849589219536,True
Gurgaon_Bilaspur_HB (Haryana),Delhi_Wazirpur_L (Delhi),Carting,1.3333333333333333,14,38.38918021035841,True
Raniganj_Central_DPP_1 (Bihar),Forbesganj_JhumanCk_D (Bihar),FTL,1.3333333333333333,7,22.94226172982814,True
Delhi_Gateway_HB (Delhi),Sonipat_Kundli_H (Haryana),Carting,1.3333333333333333,175,27.231221874185174,True
Bassi_DmodrNGR_D (Rajasthan),Dausa_IndraCln_D (Rajasthan),Carting,1.3333333333333333,47,20.497117692216182,True
Delhi_Palam (Delhi),Delhi_Nangli_IP (Delhi),Carting,1.3333333333333333,1,9.143720141341898,True
Maihar_MngalDPP_D (Madhya Pradesh),Churhat_Central_DPP_1 (Madhya Pradesh),FTL,1.3333333333333333,1,22.293548407948343,True
Manbazar_Central_DPP_1 (West Bengal),Khatra_KoralDPP_D (West Bengal),FTL,1.333165322580645,12,21.378163234572746,True
Jaisalmer_Gopa3PL_D (Rajasthan),Pokhran_SttinDPP_D (Rajasthan),FTL,1.3305958747135218,20,66.39804156304584,True
Asifabad_PaikjNGR_D (Telangana),Mancherial_Hitech_D (Telangana),FTL,1.3295454545454546,6,44.39738806051197,True
Satara_DC (Maharashtra),Pune_Tathawde_H (Maharashtra),FTL,1.3292857142857142,10,66.13267637401208,True
Bengaluru_Bomsndra_HB (Karnataka),Anantapur_KamaStrt_I (Andhra Pradesh),FTL,1.3285714285714285,10,121.80285977010057,True
Dalhousie_Banikhet_D (Himachal Pradesh),Chamba_Bangotu_D (Himachal Pradesh),FTL,1.328125,9,16.652285013377213,True
Vellore_GndhiNgr_IP (Tamil Nadu),Ambur_Central_D_2 (Tamil Nadu),FTL,1.3255813953488371,7,42.95444554315362,True
Vidisha_ShrprDPP_D (Madhya Pradesh),GanjBasoda_MnRDDPP_D (Madhya Pradesh),FTL,1.3254643962848296,2,31.080716069737385,True
Erandol_BsStdDPP_D (Maharashtra),Pachora_PcrrdDPP_D (Maharashtra),Carting,1.3250000000000002,4,23.261464116759406,True
Coimbatore_Karayam_H (Tamil Nadu),Udumalpet_Artclgrd_D (Tamil Nadu),Carting,1.324653312788906,118,37.30036853935759,True
Kottayam_Central_H_1 (Kerala),Tiruvalla_TKRoad_D (Kerala),Carting,1.3245614035087718,46,19.0868995839161,True
Dharmapuri_Central_D_2 (Tamil Nadu),Krishnagiri_BnglorRd_D (Tamil Nadu),FTL,1.3232739904472428,12,46.55518749092765,True
Muzaffrpur_Bbganj_I (Bihar),Sheohar_Ward9DPP_D (Bihar),FTL,1.3225806451612903,39,44.8256987453818,True
Islampure_ShbdnDPP_D (West Bengal),Lodhan_GoalpDPP_D (West Bengal),FTL,1.3225806451612903,1,20.82010326970104,True
Guna_Raghogrh_D (Madhya Pradesh),Guna_HnumnDPP_D (Madhya Pradesh),FTL,1.3205128205128205,20,23.72411617394991,True
Pauri_Khndyusn_D (Uttarakhand),Rishikesh_DC (Uttarakhand),FTL,1.3198924731182795,12,44.85187462989636,True
Balasore_Ganeshwr_D (Orissa),Basta_Central_DPP_1 (Orissa),FTL,1.3157894736842106,1,23.09020646725568,True
Seoni_Kidwai_D (Madhya Pradesh),Mandla_Mharajpr_D (Madhya Pradesh),FTL,1.3111111111111111,27,67.54365054330944,True
Attur_KaaduRd_D (Tamil Nadu),Villupuram_Thirumtr_IP (Tamil Nadu),FTL,1.3103448275862069,25,67.13799917840844,True
Jaipur_Central_I_7 (Rajasthan),Bassi_DmodrNGR_D (Rajasthan),Carting,1.3095238095238095,26,20.187591179950353,True
Orai_Ajnari_D (Uttar Pradesh),Konch_Central_D_2 (Uttar Pradesh),FTL,1.3077651515151514,42,26.69208203557694,True
Aluva_Peedika_H (Kerala),Thrissur_Poothole_D (Kerala),FTL,1.3076923076923077,29,43.9213107737848,True
Udala_NagplDPP_D (Orissa),Balasore_Ganeshwr_D (Orissa),FTL,1.3075489282385835,6,28.631301494096626,True
Anthiyour_TherSRT_D (Tamil Nadu),Coimbatore_Karayam_H (Tamil Nadu),Carting,1.305084745762712,87,45.43876426694838,True
Samsi_RatuaDPP_D (West Bengal),Chanchal_BargaDPP_D (West Bengal),Carting,1.304953560371517,2,10.87854243306652,True
Bengaluru_Bomsndra_HB (Karnataka),Bengaluru_Kengeri_IP (Karnataka),Carting,1.303030303030303,93,19.121616365933512,True
Kollam_Central_H_1 (Kerala),Aluva_Peedika_H (Kerala),FTL,1.303030303030303,63,88.90485993084968,True
GGN_DPC (Haryana),Gurgaon_SohnaRd_D (Haryana),Carting,1.3028846153846154,2,10.01616817682125,True
Jammu_TrnptNgr_L (Jammu & Kashmir),Samba_Wardno13_D (Jammu & Kashmir),FTL,1.3024193548387095,10,23.164948419395216,True
Patiala (Punjab),Nabha_Sahni_D (Punjab),FTL,1.301994301994302,12,23.378687458545635,True
Pahasu_Kanongyn_D (Uttar Pradesh),Anupshahar_DcntCLY_D (Uttar Pradesh),FTL,1.3009049773755657,30,25.878250207082505,True
Pilibanga_BsstdDPP_D (Rajasthan),Suratgarh_Central_DPP_2 (Rajasthan),Carting,1.3,17,19.32612259912126,True
Bagepalli_TBCross_D (Karnataka),Gauribidanur_Gurukrpa_D (Karnataka),Carting,1.3,47,27.046584885901293,True
Udumalpet_Artclgrd_D (Tamil Nadu),Pollachi_Venkatsa_DC (Tamil Nadu),Carting,1.3,65,19.75501503230053,True
Kallikkad_Mutyvila_D (Kerala),Nedumangad_Arsprmbu_D (Kerala),Carting,1.297979797979798,26,11.094128861398417,True
Modasa_Central_D_1 (Gujarat),Mehsana_Panchot_IP (Gujarat),FTL,1.296875,5,67.4503458920141,True
Tirchngode_Mhdhvpur_D (Tamil Nadu),Mettur_RTOroad_D (Tamil Nadu),Carting,1.2958333333333334,96,35.08739918282471,True
Karimnagar_DC (Telangana),Vemulawada_Central_DPP_2 (Telangana),FTL,1.2941176470588236,18,24.37111139139619,True
Bengaluru_Peenya_IP (Karnataka),Bengaluru_Kengeri_IP (Karnataka),Carting,1.2941176470588236,87,11.268949041972135,True
Karwar_Central_D_1 (Karnataka),Mallapur_ShtDRDPP_D (Karnataka),FTL,1.2932372505543237,24,23.794090872987937,True
Jhunir_BhaRDDPP_D (Punjab),Bhatinda_DPC (Punjab),FTL,1.293103448275862,47,44.51022738575682,True
Harraiya_MahuGDPP_D (Uttar Pradesh),Basti_GndhiNgr_D (Uttar Pradesh),FTL,1.2916666666666667,6,24.88681153803072,True
MAA_Poonamallee_HB (Tamil Nadu),Villupuram_Thirumtr_IP (Tamil Nadu),FTL,1.2899159663865547,40,89.2093762226765,True
Aonla_KdidmCLY_D (Uttar Pradesh),Rampur_RoshnBgh_I (Uttar Pradesh),FTL,1.2899159663865547,28,44.41390371757967,True
Kilimanoor_Krvnkuzy_D (Kerala),Pangodu_Central_D_1 (Kerala),Carting,1.2894736842105263,6,10.192094424724436,True
Jhunjhunu_DC (Rajasthan),Sultana_Central_DPP_1 (Rajasthan),FTL,1.2891891891891891,6,22.21266066468082,True
Gwalior_HrihrNgr_I (Madhya Pradesh),Dholpur_GtRoad_D (Rajasthan),FTL,1.2884615384615385,3,45.50819250063014,True
Balasore_Ganeshwr_D (Orissa),Udala_NagplDPP_D (Orissa),FTL,1.2869791666666668,2,28.510979869360963,True
Hanumangarh_DC (Rajasthan),Pilibanga_BsstdDPP_D (Rajasthan),Carting,1.2857142857142858,25,20.3799387082527,True
Delhi_Mayapuri_PC (Delhi),Gurgaon_Bilaspur_HB (Haryana),Carting,1.2857142857142858,175,27.162326583741866,True
Ghaziabad_MohanNgr_C (Uttar Pradesh),GZB_Mohan_Nagar_DPC (Uttar Pradesh),Carting,1.2857142857142858,2,9.861908481877691,True
Kanpur_Central_H_6 (Uttar Pradesh),Ghatampur_StatinRD_D (Uttar Pradesh),Carting,1.2857142857142858,67,27.11409754909041,True
Pokhran_SttinDPP_D (Rajasthan),Phalodi_PalikDPP_D (Rajasthan),FTL,1.284313725490196,30,45.072613551749996,True
Balipara_EragnDPP_D (Assam),Bhalukpong_Khenewa_D (Arunachal Pradesh),Carting,1.28125,3,18.30880101410902,True
Chandigarh_Mullanpr_DC (Chandigarh),Chandigarh_Mehmdpur_H (Punjab),Carting,1.2778327560613558,84,27.78625888661614,True
Thirthurpondi_Madaprum_D (Tamil Nadu),Pushpavanam_Thmpulam_D (Tamil Nadu),Carting,1.2777777777777777,46,19.154934298068824,True
Bengaluru_Peenya_IP (Karnataka),Bengaluru_Bomsndra_HB (Karnataka),Carting,1.2777777777777777,81,27.00179897274574,True
Dhule_MIDCAvdn_I (Maharashtra),Manmad_Malegaon_D (Maharashtra),FTL,1.2758620689655173,20,55.810537443018994,True
Chamarjngr_BrDbleRd_D (Karnataka),Kollegala_NarsipuraRd_D (Karnataka),FTL,1.2734767025089606,20,26.394453259446415,True
Del_Okhla_PC (Delhi),Sonipat_Kundli_H (Haryana),Carting,1.2732780612244898,200,27.787943783357907,True
Dwarka_StnRoad_DC (Gujarat),Rajkot_PedakRd_P (Gujarat),FTL,1.2727272727272727,9,110.58974470611358,True
Kollam_Central_H_1 (Kerala),Kottarakkara_Amankovl_D (Kerala),Carting,1.2727272727272727,62,18.411497948610254,True
Gandhinagar_DC (Gujarat),Gandhinagar_Kalol_DC (Gujarat),Carting,1.2727272727272727,28,10.871541910140493,True
Bengaluru_Kengeri_IP (Karnataka),Bengaluru_Bomsndra_HB (Karnataka),Carting,1.2727272727272727,43,19.098827924077582,True
Salem (Tamil Nadu),Mettur_RTOroad_D (Tamil Nadu),Carting,1.272461814914645,6,34.06624916241735,True
Muthukulathur_VaiklSRT_D (Tamil Nadu),Narikkudi_MukkuRD_D (Tamil Nadu),FTL,1.271780303030303,14,26.637492415136315,True
Radhanpur_Santalpr_D (Gujarat),Mehsana_Panchot_IP (Gujarat),FTL,1.2717627401837928,16,60.264701201245316,True
Tarkeshwar_Naraynpr_D (West Bengal),Khanakul_Ramnagar_D (West Bengal),FTL,1.267650834403081,12,22.39992935164362,True
Koyilandy_Pshrikvu_D (Kerala),Vadakara_Mandodi_D (Kerala),Carting,1.266798418972332,40,18.158753698222,True
Medak_Dwaraka_D (Telangana),Narsapur_Xroad_D (Telangana),FTL,1.266798418972332,38,27.637232095041153,True
Aonla_KdidmCLY_D (Uttar Pradesh),Rampur_ThanaDPP_D (Uttar Pradesh),FTL,1.2666666666666666,6,45.361592678661125,True
Abohar_DC (Punjab),Malout_DC (Punjab),FTL,1.2666666666666666,1,22.113336435381093,True
Sikar_FatehpRd_I (Rajasthan),Jhunjhunu_DC (Rajasthan),FTL,1.2666666666666666,9,44.7086410632361,True
DehraGopipur_Central_D_1 (Himachal Pradesh),Kangra_Central_D_2 (Himachal Pradesh),FTL,1.2657250470809793,2,26.36476279362323,True
Satara_DC (Maharashtra),Wai_Central_DPP_3 (Maharashtra),FTL,1.2645348837209303,14,28.750870990029355,True
Mulugu_LaxmiNGR_D (Telangana),Bhupalpally_JwahrNGR_D (Telangana),FTL,1.2642276422764227,4,26.578968166045136,True
Mandi_Gobindgarh_DC (Punjab),Rajpura_DC (Punjab),FTL,1.2619047619047619,2,29.041325129025736,True
Madhupur_Sitarmrd_D (Jharkhand),Deoghar_Barmasia_D (Jharkhand),FTL,1.2564102564102564,4,24.134745857180718,True
Peravurani_SH71_D (Tamil Nadu),Aranthangi_HsptlRod_D (Tamil Nadu),FTL,1.2546296296296298,30,23.650132114091853,True
Patiala_GainMrkt_L (Punjab),Malerkotla_DC (Punjab),FTL,1.253968253968254,3,44.91851835404111,True
Theni_Rathnam_D (Tamil Nadu),Cumbum_LFRoad_D (Tamil Nadu),FTL,1.253384912959381,14,30.761913751902924,True
Srirangapatna_Bburynkpl_D (Karnataka),Mandya_Dc (Karnataka),FTL,1.25,17,22.971113619674387,True
Mehsana_Panchot_IP (Gujarat),Unjha_DC (Gujarat),FTL,1.25,8,21.209399743144502,True
Goa_ZuariNgr_IP (Goa),Panaji Goa (Goa),Carting,1.25,15,18.801789432303924,True
Ahmedabad_East_H_1 (Gujarat),Mehsana_Panchot_IP (Gujarat),FTL,1.25,74,66.00287141570706,True
Kodad_VidyaNgr_D (Telangana),Kusumnchi_SKRoad_D (Telangana),FTL,1.25,23,23.123698631196223,True
Ludhiana_MilrGanj_HB (Punjab),Nawanshahr_DC (Punjab),FTL,1.2487179487179487,24,27.596847248208814,True
Kozhikode_Central_H_4 (Kerala),Vadakara_Mandodi_D (Kerala),Carting,1.2486772486772488,6,32.479258537348656,True
Rudrapur_UdhamNgr_H (Uttarakhand),Nainital_Sookhtal_D (Uttarakhand),FTL,1.2475247524752475,37,44.484278635543625,True
Dindigul_Central_D_1 (Tamil Nadu),Gujiliam_Parai_D (Tamil Nadu),FTL,1.2428571428571429,4,29.636140316971332,True
Malegaon_Rawlgaon_D (Maharashtra),Manmad_Malegaon_D (Maharashtra),FTL,1.241687979539642,2,29.369090207620076,True
Bengaluru_Bomsndra_HB (Karnataka),Bengaluru_Peenya_L (Karnataka),Carting,1.241025641025641,8,22.792711487843945,True
Rajpalayam_AshkTalk_D (Tamil Nadu),Maharajapuram_Krsnakcl_D (Tamil Nadu),FTL,1.24,9,18.945088775844763,True
Oddnchtram_Palani_D (Tamil Nadu),Palani_RjndraRd_D (Tamil Nadu),FTL,1.2307692307692308,17,23.82024438445657,True
Unjha_DC (Gujarat),Patan_Central_D_2 (Gujarat),FTL,1.2272727272727273,17,22.624039996532648,True
Haripad_Kumrpurm_D (Kerala),Alappuzha_Pazhvedu_D (Kerala),Carting,1.2272727272727273,45,18.556908497119416,True
Basti_GndhiNgr_D (Uttar Pradesh),Gorakhpur_Matriprm_IP (Uttar Pradesh),FTL,1.2266666666666666,13,44.51942264810683,True
Rghunthpur_barkarRd_D (West Bengal),Hura_Central_D_1 (West Bengal),FTL,1.2242424242424241,26,25.362384487392333,True
Chittaurgarh_DC (Rajasthan),Nimbahera_MsjidDPP_D (Rajasthan),FTL,1.223474801061008,12,24.916265085597637,True
Bhanvad_Mainroad_D (Gujarat),Jamjodhpur_Court_D (Gujarat),Carting,1.2222222222222223,37,19.00126079955839,True
Samba_Wardno13_D (Jammu & Kashmir),Kathua_BOB_D (Jammu & Kashmir),FTL,1.2216117216117217,6,31.23470882030289,True
Sultana_Central_DPP_1 (Rajasthan),Buhana_CourtDPP_D (Rajasthan),FTL,1.221526908635795,2,23.6654079546202,True
MAA_Poonamallee_HB (Tamil Nadu),Chennai_Madhavaram_DPC (Tamil Nadu),Carting,1.21875,61,27.01026087582845,True
Hyderabad_Shamshbd_H (Telangana),Karimnagar_KamnHbRD_I (Telangana),FTL,1.2152298850574712,16,107.85612672836828,True
Dadri_ICDCant_D (Uttar Pradesh),Noida_Chukhndi_D (Uttar Pradesh),Carting,1.2142857142857144,10,12.51387860953873,True
Suratgarh_Central_DPP_2 (Rajasthan),Anupgarh_PrmNrDPP_D (Rajasthan),Carting,1.2132034632034632,16,41.2583972745962,True
Nashik_TgrniaRD_I (Maharashtra),Sinnar_Central_D_1 (Maharashtra),Carting,1.2108927108927108,32,19.21467030068863,True
Dausa_IndraCln_D (Rajasthan),Hindaun_MndwrRod_D (Rajasthan),Carting,1.2108333333333334,122,45.15937162793129,True
Jalore_RoopNgr_D (Rajasthan),Bhinmal_RwStnDPP_D (Rajasthan),FTL,1.209090909090909,6,44.6801861466253,True
Akbarpur_NehruNGR_D (Uttar Pradesh),Pukhrayan_Arulimod_D (Uttar Pradesh),FTL,1.2086956521739132,26,22.475417833592054,True
Morbi_DC (Gujarat),Wankaner_JivanDPP_D (Gujarat),Carting,1.2062937062937062,18,18.87198863006917,True
Nimbahera_MsjidDPP_D (Rajasthan),Neemuch_KarjuDPP_D (Madhya Pradesh),FTL,1.205128205128205,12,23.398053249012175,True
Guwahati_North (Assam),Guwahati_Hub (Assam),Carting,1.2032828282828283,18,10.120153444796573,True
Shrirampur_DavkharRd_D (Maharashtra),Kopargaon_NkshtrPz_D (Maharashtra),Carting,1.2023809523809523,4,23.105984965461793,True
