hub,city,hub_type,avg_dwell_min,trip_volume,betweenness_centrality,pagerank,in_degree,out_degree,clustering_coeff,sla_breach_score,sla_breach_pct
Gurgaon_Bilaspur_HB (Haryana),Gurgaon,unknown,15.965054803352675,23265,0.2307625795874367,0.010619130686015206,45,47,0.03798947983635301,0.22182661718667288,9.04
Kolkata_Dankuni_HB (West Bengal),Kolkata,unknown,22.488081281750684,2559,0.0837126954360512,0.0056079950891049545,20,22,0.04597701149425287,0.11641713986742845,4.74
Bangalore_Nelmngla_H (Karnataka),Bangalore,last_mile_hub,14.038372677046711,9955,0.13815443237921987,0.009348584337067378,36,35,0.05357142857142857,0.10874037490707042,4.43
Hyderabad_Shamshbd_H (Telangana),Hyderabad,unknown,16.34174932371506,3327,0.08983975834615342,0.008953095562473305,30,26,0.04358974358974359,0.07342505402950093,2.99
Bhiwandi_Mankoli_HB (Maharashtra),Bhiwandi,unknown,18.035864978902953,9006,0.04331390669975558,0.006293166557686438,29,29,0.06156156156156156,0.05155180099867026,2.1
Guwahati_Hub (Assam),Guwahati,unknown,30.080697224015495,1549,0.04308071223503607,0.004317187632554391,17,15,0.03162055335968379,0.04639215919849297,1.89
Sonipat_Kundli_H (Haryana),Kundli,unknown,13.528358208955224,1675,0.04632597067663826,0.005934109733481067,20,19,0.03908045977011494,0.046254847834285,1.88
Kanpur_Central_H_6 (Uttar Pradesh),,unknown,14.76554054054054,1480,0.04042124727222366,0.005082915129249405,16,13,0.03463203463203463,0.04527230094596425,1.84
Delhi_Airport_H (Delhi),Delhi,unknown,18.878726629610913,1979,0.04269143094561666,0.004960169569359543,20,22,0.06896551724137931,0.044913733668184554,1.83
Chandigarh_Mehmdpur_H (Punjab),Chandigarh,unknown,16.42565359477124,2448,0.0525323870803529,0.008623216998180007,32,29,0.03433001107419712,0.044533803639855464,1.81
Pune_Tathawde_H (Maharashtra),Pune,transit_hub,16.249751243781095,4020,0.041361511309744386,0.006439178485306243,23,20,0.06157635467980296,0.04027976356509141,1.64
Jaipur_Hub (Rajasthan),Jaipur,transit_hub,16.169405815423513,791,0.042165901204900456,0.0028748512357844236,9,8,0.07692307692307693,0.039973796340405876,1.63
Bhopal_Trnsport_H (Madhya Pradesh),Bhopal,unknown,17.509002770083104,1444,0.028238614458056813,0.004448211855558478,12,9,0.0661764705882353,0.039447967141304045,1.61
Muzaffrpur_Bbganj_I (Bihar),,unknown,18.04564907275321,701,0.02420056969819471,0.00514513068219193,12,15,0.057971014492753624,0.032987578426063806,1.34
Visakhapatnam_Gajuwaka_IP (Andhra Pradesh),Visakhapatnam,unknown,12.46351931330472,699,0.018574706448219975,0.002999973430033842,9,11,0.054945054945054944,0.02748850384401284,1.12
MAA_Poonamallee_HB (Tamil Nadu),,unknown,12.069360675512666,1658,0.038386503917142975,0.004334135614563616,18,18,0.05533596837944664,0.027333286082531574,1.11
Purnia_Central_H_2 (Bihar),,unknown,18.951242829827915,1046,0.018206012150067938,0.001692653367422167,7,8,0.14102564102564102,0.025981739623162,1.06
Bhubaneshwar_Hub (Orissa),Bhubaneswar,unknown,19.878031878031877,1443,0.021352078724654607,0.002890146478730476,13,6,0.10833333333333334,0.024687911656939506,1.01
Ahmedabad_East_H_1 (Gujarat),Ahmedabad,unknown,15.70166379804934,1743,0.029974659285294525,0.003938305385463297,17,13,0.03985507246376811,0.02299883244201534,0.94
Allahabad_Central_H_1 (Uttar Pradesh),,unknown,18.6734693877551,245,0.008815723969621088,0.0018309476533817318,6,4,0.027777777777777776,0.020366384116215903,0.83
Durgapur_Central_I_1 (West Bengal),Bengaluru,unknown,24.093525179856115,139,0.014385440879775715,0.0027510069300502116,7,11,0.054945054945054944,0.018075792876570945,0.74
Hassan_Pandrnga_I (Karnataka),,unknown,26.96987951807229,166,0.013989047720645758,0.0016688789331558633,4,5,0.14285714285714285,0.014620065366715675,0.6
Baharampur_Chuanpur_I (West Bengal),Bengaluru,unknown,20.257142857142856,140,0.009193775991076476,0.0018603193056802923,6,6,0.05454545454545454,0.013949336335843028,0.57
Hubli_Adargchi_IP (Karnataka),,unknown,20.91348600508906,393,0.01320861359714627,0.0038371288293724696,9,8,0.0989010989010989,0.01320063578782966,0.54
Mangalore_Kuntikna_H (Karnataka),Bangalore,unknown,20.214285714285715,84,0.012217069235923177,0.0016142272220073292,5,7,0.09090909090909091,0.012947073083848954,0.53
Dibrugarh_Bokule_H (Assam),,unknown,10.43157894736842,190,0.011216541460328869,0.0021615054816304913,6,7,0.10606060606060606,0.012709436163874384,0.52
Pali_Nayagaon_I (Rajasthan),,transit_hub,13.857142857142858,616,0.01157924681556676,0.0013382500070417004,3,4,0.2,0.012698703565023423,0.52
Anantapur_KamaStrt_I (Andhra Pradesh),,unknown,13.365239294710328,397,0.012896814256678608,0.0026828941503046844,6,6,0.08888888888888889,0.012476979077069055,0.51
Varanasi_Central_H_4 (Uttar Pradesh),Varanasi,unknown,34.12,50,0.007236140276015407,0.00045543654285188484,1,5,0.06666666666666667,0.011473470390238185,0.47
Jabalpur_Adhartal_IP (Madhya Pradesh),,unknown,18.93846153846154,130,0.011209429590618322,0.002531808826797956,4,7,0.07272727272727272,0.010786631518197268,0.44
Sivasagar_Babupaty_D (Assam),,unknown,22.2,40,0.007164647269977804,0.0009228779916448157,2,2,0.0,0.010558019671064097,0.43
Silchar_Sirikona_H (Assam),,unknown,41.3757225433526,173,0.004824093517343604,0.0012054337084837316,3,4,0.13333333333333333,0.01047517700306118,0.43
Aluva_Peedika_H (Kerala),,unknown,14.244332493702771,397,0.021984660819961147,0.003036513351438481,13,7,0.029411764705882353,0.01041171833458586,0.42
Rampur_RoshnBgh_I (Uttar Pradesh),Raipur,gateway_hub,12.87793427230047,213,0.013996159590356305,0.003784867157410214,10,7,0.08333333333333333,0.010352212798586724,0.42
Jorhat_RicMilRd_D (Assam),,intercity_hub,18.775510204081634,49,0.007962673913287593,0.0015839701581519753,3,3,0.1,0.010299297882590278,0.42
Udaipur_Mangri_I (Rajasthan),Udaipur,transit_hub,21.3828125,384,0.00834147455260725,0.001964354807365599,4,5,0.14285714285714285,0.010188106944439968,0.42
Dhanbad_Kalynpur_I (Jharkhand),,unknown,15.41409691629956,227,0.009717434187132008,0.0024317114601848664,7,9,0.07692307692307693,0.00953056817499067,0.39
Kolhapur_Shivaji_I (Maharashtra),,unknown,17.35758835758836,481,0.00972604329257109,0.00205705709182609,5,5,0.1111111111111111,0.00941118024569551,0.38
Surat_HUB (Gujarat),Surat,unknown,16.698121850664222,2183,0.009376813058890024,0.0019131296411842777,8,8,0.16363636363636364,0.009323705864973216,0.38
Hyderabad_Uppal_I (Telangana),Hyderabad,pickup_point,17.27536231884058,69,0.004831954004918419,0.001746314834206028,5,4,0.047619047619047616,0.009161143391312666,0.37
Ajmer_FoySGRRD_I (Rajasthan),,transit_hub,18.07103825136612,183,0.010018378568567783,0.0027531568686174853,5,4,0.10714285714285714,0.00898550760018074,0.37
Vijayawada_Rynapadu_H (Andhra Pradesh),Vijayawada,unknown,19.179153094462542,307,0.01157737527090609,0.002663903101856302,8,8,0.10256410256410256,0.008556472441740796,0.35
Srikakulam_Kuslpram_I (Andhra Pradesh),,unknown,11.012820512820513,312,0.007226782552712056,0.00168361593447514,5,4,0.17857142857142858,0.00838580060343348,0.34
Moranhat_TiloiDPP_D (Assam),,pickup_point,20.714285714285715,7,0.00680643362192552,0.00038289739591849926,1,1,0.0,0.008362593061445949,0.34
Sasaram_Central_I_2 (Bihar),,unknown,15.151851851851852,540,0.0080704748857422,0.0021660056004011337,6,5,0.1388888888888889,0.008221599641823273,0.34
Bareli_SourvDPP_D (Madhya Pradesh),,pickup_point,27.375,8,0.006406297373474224,0.0007475625302635041,1,1,0.0,0.008165413850073116,0.33
Berhampore_Central_I_2 (West Bengal),Bengaluru,unknown,16.439252336448597,214,0.005586186503168525,0.0014904217542198565,5,5,0.027777777777777776,0.007686099839339213,0.31
Gohpur_Central_D_1 (Assam),Jodhpur,unknown,23.19047619047619,21,0.004043659393844115,0.0010867300265730582,3,2,0.3,0.007488659971478188,0.31
Mumbai Hub (Maharashtra),Mumbai,unknown,14.651840490797547,652,0.005061031071384457,0.002062460257274168,11,11,0.07692307692307693,0.0074709281907462954,0.3
Hisar_IndstlAr_I (Haryana),,unknown,16.7125,80,0.0077781396097455074,0.001093944650454492,4,5,0.14285714285714285,0.007469442016848972,0.3
Hisar_ModelTwn_P (Haryana),,unknown,26.445283018867926,265,0.006608798505758743,0.0032506343258763047,7,8,0.10606060606060606,0.007355651269967116,0.3
Karimnagar_KamnHbRD_I (Telangana),,unknown,19.43010752688172,93,0.010815656594013304,0.002732748657893198,10,8,0.14102564102564102,0.00732874398702454,0.3
Gorakhpur_Matriprm_IP (Uttar Pradesh),,unknown,19.660714285714285,224,0.006145029738844658,0.002187336396095271,5,6,0.0,0.007078698575824963,0.29
Rajamundry_AtoNgrRd_I (Andhra Pradesh),,unknown,25.493006993006993,286,0.005634846664345951,0.0020176752532856026,8,8,0.15555555555555556,0.007058856902960014,0.29
Mumbai_Sanpada_I (Maharashtra),Mumbai,unknown,11.242038216560509,157,0.004822596281615068,0.001158983612535619,5,8,0.07142857142857142,0.006874789827935348,0.28
Rangia_HosptlRd_D (Assam),,unknown,32.0,2,0.0032010899876103744,0.00031827052401258566,1,1,0.0,0.006829086047833328,0.28
Rudrapur_UdhamNgr_H (Uttarakhand),,unknown,20.50853242320819,293,0.007232022877761932,0.0019736520893413054,6,7,0.14545454545454545,0.006765345804063848,0.28
Bokakhat_MlnprDPP_D (Assam),,pickup_point,19.454545454545453,11,0.007205072634648281,0.0006967374995604984,2,2,0.3333333333333333,0.006715396717712124,0.27
Aurangabad_Central_H_1 (Maharashtra),Aurangabad,unknown,14.287878787878787,330,0.0056284834124996725,0.0015360224290983894,5,5,0.047619047619047616,0.006659695771225233,0.27
Amroha_SamitiRd_D (Uttar Pradesh),,unknown,17.072,125,0.007580878802510864,0.00047679163787347405,1,1,0.0,0.0066239257030660135,0.27
Kharagpur_DC (West Bengal),Bengaluru,fulfillment_center,32.6,35,0.00482371920841147,0.001128428909715046,4,4,0.09523809523809523,0.006558533824451814,0.27
Mainpuri_Agraroad_I (Uttar Pradesh),,unknown,25.918032786885245,61,0.0036203159916005077,0.0006220906226988494,2,5,0.19047619047619047,0.006519055750773902,0.27
Sujangarh_LdnunDPP_D (Rajasthan),,pickup_point,27.375,32,0.005214123424627282,0.000803730322472803,1,1,0.0,0.0063875350408647,0.26
Nanded_Aswningr_I (Maharashtra),,unknown,16.184782608695652,92,0.004819601810157996,0.0011329453363926568,4,4,0.09523809523809523,0.006260311108145264,0.26
Parli_JirgeNgr_D (Maharashtra),,unknown,30.642857142857142,14,0.0032224255967420153,0.00046167902920506577,1,1,0.0,0.0062306235816105004,0.25
Ranchi_Hub (Jharkhand),Ranchi,unknown,16.53543307086614,1016,0.004420214179570967,0.0015430216939872929,5,7,0.15555555555555556,0.00619044183880451,0.25
Gwalior_HrihrNgr_I (Madhya Pradesh),,gateway_hub,12.355113636363637,352,0.007615689533199331,0.0019203469359522437,7,6,0.09090909090909091,0.006165995976155682,0.25
Chennai_Chrompet_DPC (Tamil Nadu),Chennai,unknown,10.947761194029852,134,0.0036244333898539823,0.00197580602051251,5,5,0.2,0.00613248520207658,0.25
Hoshangabad_MnRDDPP_D (Madhya Pradesh),,pickup_point,53.0,1,0.0016095284081764044,0.0005604382788286865,1,1,0.0,0.006093256657298623,0.25
Sikar_FatehpRd_I (Rajasthan),,transit_hub,12.627906976744185,172,0.009613001995066608,0.0015525529246701397,3,6,0.08333333333333333,0.0060890910262130764,0.25
Kaptanganj_Subshngr_D (Uttar Pradesh),,unknown,48.15,20,0.002046721240908972,0.0009353918536493215,3,1,0.3333333333333333,0.0060835013054460416,0.25
Kurnool_AbbasNgr_I (Andhra Pradesh),,unknown,11.972568578553616,401,0.009220351925257993,0.002748042600854954,9,8,0.10909090909090909,0.006034452062684009,0.25
Karaikal_Thalthru_DC (Pondicherry),,fulfillment_center,34.0,11,0.002812557316055233,0.0005577652031228472,1,1,0.0,0.0059380708730048335,0.24
Gadarwara_MPward_D (Madhya Pradesh),,unknown,22.38095238095238,21,0.006402928593085017,0.0007365757539428358,2,1,0.0,0.005925955137081204,0.24
Bhadrak_Central_I_2 (Orissa),,unknown,35.65384615384615,104,0.0060076583607514625,0.0011219295655724147,3,4,0.3,0.005875338470964594,0.24
Akola_Gaurkshn_I (Maharashtra),,unknown,24.090293453724605,443,0.003621813227329044,0.0009583625119698127,3,3,0.1,0.005746176452290587,0.23
Midnapore_Talkui_D (West Bengal),Bengaluru,unknown,23.0,4,0.002416538465857411,0.00031955153236221616,1,1,1.0,0.005476669169688108,0.22
CCU_New Alipore_DPC (West Bengal),Bengaluru,unknown,26.551724137931036,29,0.00362143891839691,0.0011480976423276857,3,4,0.2,0.00520621265571766,0.21
Ambajogai_BnsllNgr_D (Maharashtra),,unknown,29.276315789473685,152,0.003225794377131222,0.0005143469020776395,1,1,0.0,0.005144712617261446,0.21
GZB_Mohan_Nagar_DPC (Uttar Pradesh),,unknown,9.540983606557377,61,0.00362143891839691,0.0018926031322465688,8,5,0.17857142857142858,0.005060982579194516,0.21
Goa_Hub (Goa),,unknown,22.4024024024024,333,0.006141286649523318,0.0015605745528573245,4,6,0.1388888888888889,0.005041665726737617,0.21
Ongole_SubhVRTL_I (Andhra Pradesh),,unknown,15.193548387096774,217,0.006257696727417007,0.0011388614776062379,3,5,0.17857142857142858,0.004943015823968197,0.2
FBD_Balabhgarh_DPC (Haryana),,unknown,8.900163666121113,611,0.004429571902874318,0.0017343985100571294,8,7,0.05555555555555555,0.004873149172402082,0.2
Chidambaram_ARBNorth_DC (Tamil Nadu),,fulfillment_center,24.285714285714285,7,0.0028058197552768204,0.0004609980662290232,1,1,0.0,0.004863655399041064,0.2
Barwala_Central_DPP_1 (Haryana),,pickup_point,35.0,6,0.0016177632046833533,0.0010208737702881569,1,1,0.0,0.004826526352320184,0.2
Lakhipur_WrdN4DPP_D (Assam),,pickup_point,25.75,4,0.003630422332768127,0.0007293171958479486,1,1,0.0,0.004775168613551558,0.19
Anand_Vaghasi_IP (Gujarat),,gateway_hub,9.837209302325581,43,0.0032811920990870607,0.0016764627232936909,4,4,0.2,0.00475834408221568,0.19
Haridwar (Uttarakhand),,unknown,44.04761904761905,168,0.004023446711508877,0.0019257019446108892,5,3,0.2,0.004722684555067215,0.19
Barpeta_ShivBari_D (Assam),,unknown,22.583333333333332,24,0.0032078275483887874,0.00045552452682667545,1,1,0.0,0.004709956596552323,0.19
SundarNgr_Bhogpur_D (Himachal Pradesh),,unknown,31.875,16,0.002419907246246617,0.0007332094550591322,1,1,0.0,0.004679002938904746,0.19
Vadodara_Karelibaug_DPC (Gujarat),Vadodara,unknown,10.195402298850574,261,0.006566127287495462,0.001261083397936411,5,4,0.26666666666666666,0.004651570091303471,0.19
Aligarh_KhirByps_I (Uttar Pradesh),,unknown,23.858585858585858,99,0.005216369278220086,0.0007120643381783743,3,3,0.1,0.004623187800049892,0.19
Ghazipur_Kaithwal_D (Uttar Pradesh),,gateway_hub,35.22222222222222,9,0.0020212682335238566,0.0003963207484054264,1,2,0.3333333333333333,0.004603182327656304,0.19
Pasighat_MissonRd_D (Arunachal Pradesh),,gateway_hub,36.0,10,0.002434505294599845,0.0006187528581965396,2,1,0.0,0.004584765097162161,0.19
Dhulian_RatanDPP_D (West Bengal),Bengaluru,pickup_point,37.22727272727273,22,0.0020100389655598352,0.00035827147363891727,1,2,0.3333333333333333,0.004572280026358844,0.19
Jalandhar_DPC (Punjab),,unknown,15.041420118343195,169,0.0036244333898539823,0.0025627472253126117,5,5,0.26666666666666666,0.004548365219826873,0.19
Kolkata_North_I_4 (West Bengal),Kolkata,transit_hub,15.97278911564626,147,0.003229163157520428,0.001429557463324779,5,4,0.09523809523809523,0.004535576516245617,0.18
Balasore_Ganeshwr_D (Orissa),,unknown,13.12,25,0.006030116896679505,0.000923589634459044,3,5,0.09523809523809523,0.004484798995784809,0.18
Sirsa_AnprnDPP_D (Haryana),,pickup_point,21.428571428571427,7,0.00282154073042645,0.0005907117744872502,1,1,0.0,0.0044784411136768185,0.18
Bidar (Karnataka),,unknown,24.40909090909091,44,0.004018580695391134,0.0004825610804001527,1,1,0.0,0.0044431290272687616,0.18
Khammam_NSTRoad_I (Telangana),,unknown,16.82857142857143,105,0.004284340037206308,0.0014770993870890953,5,7,0.1388888888888889,0.004439988784091148,0.18
Tura_Sracmplx_D (Meghalaya),,gateway_hub,27.291666666666668,72,0.0036337911131573333,0.000743689587263194,1,1,0.0,0.004368138103357596,0.18
Nagapttinm_Sttyapar_D (Tamil Nadu),,unknown,20.583333333333332,12,0.0028159260964444395,0.0005973780331689106,1,1,0.0,0.00434848056926849,0.18
Gulbarga_Nehrugnj_I (Karnataka),,unknown,7.866449511400652,307,0.006419398186098915,0.0016856310664668977,5,5,0.0,0.004347334714508701,0.18
Gotan_DKLogDPP_D (Rajasthan),,pickup_point,24.96,50,0.00282154073042645,0.0007565233097487012,2,1,0.3333333333333333,0.004306932878885413,0.18
Mehsana_Panchot_IP (Gujarat),,unknown,11.118181818181819,110,0.008426068371269545,0.0019354479256256255,6,6,0.1111111111111111,0.00430034422806901,0.18
Ludhiana_MilrGanj_HB (Punjab),Ludhiana,unknown,16.01508620689655,464,0.006879049554759526,0.0030415679811313834,13,9,0.11666666666666667,0.00420395516559519,0.17
Varanasi_MahmurGj_IP (Uttar Pradesh),Varanasi,unknown,20.0,7,0.002842127721693823,0.0008159267782512867,2,3,0.1,0.004112235198210863,0.17
Jodhpur_Basni_I (Rajasthan),Jodhpur,transit_hub,23.71014492753623,69,0.004821099045886532,0.0009125925589352855,2,3,0.2,0.004016377999431286,0.16
Bellary_Dc (Karnataka),,fulfillment_center,22.5,84,0.004018580695391134,0.0009890141941603404,3,2,0.16666666666666666,0.004009312560998879,0.16
Mumbai_East_I_21 (Maharashtra),Mumbai,unknown,14.699029126213592,103,0.001614394424294147,0.001460789688492287,5,4,0.0,0.003992521410556524,0.16
Ghosi_Jamalpur_D (Uttar Pradesh),,gateway_hub,42.0,4,0.0012194985008927269,0.0005384728813690344,2,1,0.3333333333333333,0.003986931864817441,0.16
DhrmpuriTS_HanumDPP_D (Telangana),,pickup_point,21.0,4,0.0024232760266358236,0.0007448458831519745,2,2,0.16666666666666666,0.003978321082495743,0.16
GGN_DPC (Haryana),,unknown,6.637362637362638,91,0.0020145306727454436,0.0004591613642301165,2,5,0.13333333333333333,0.003951773708923014,0.16
Bengaluru_KGAirprt_HB (Karnataka),Bengaluru,unknown,9.870356330553449,1319,0.00561800276239992,0.000985868543869906,4,12,0.21794871794871795,0.0038999445092751236,0.16
Malda_Central_I_3 (West Bengal),Bengaluru,unknown,14.53125,64,0.0032471299862628623,0.0024631018258801153,4,3,0.047619047619047616,0.0038527703864377127,0.16
MughalSarai_Central_D_2 (Uttar Pradesh),,gateway_hub,12.923076923076923,13,0.004434063610059927,0.0003409009368685051,2,1,0.3333333333333333,0.0038431992262828733,0.16
Warangal_HunterRd_I (Telangana),,unknown,7.846153846153846,78,0.0068266463042607585,0.001128967263743942,3,3,0.0,0.0038318210013999687,0.16
Margherita_CivilHPL_D (Assam),,gateway_hub,16.54140127388535,157,0.0020167765263382482,0.0014098690838684456,3,3,0.16666666666666666,0.0038285858659415097,0.16
Kokrajhar_PigonDPP_D (Assam),,pickup_point,27.625,24,0.0032145651091672,0.0005548847869323159,1,1,0.0,0.0037831774657729462,0.15
Narsinghpur_KndliDPP_D (Madhya Pradesh),,gateway_hub,14.125,8,0.005994183239194637,0.00034290224745681303,1,1,0.0,0.0037625138150833115,0.15
Chomu_ShsmlDPP_D (Rajasthan),,pickup_point,8.21875,32,0.0075853705096964735,0.0004693602238805408,1,2,0.6666666666666666,0.0037485841229262166,0.15
Bishwanath_ChrliDPP_D (Assam),,pickup_point,29.15625,32,0.004044033702776249,0.0004873515886321076,1,1,1.0,0.0037116495876714645,0.15
Fatehabad_BhunaDPP_D (Haryana),,pickup_point,30.75,4,0.001614394424294147,0.0010587638061276556,1,1,0.0,0.0037065368971636787,0.15
BilaspurHP_Indsarea_D (Himachal Pradesh),,unknown,41.6875,16,0.002416538465857411,0.0007189382245889557,2,1,0.0,0.003694062010503813,0.15
Delhi_Rohini_DPC (Delhi),Delhi,unknown,11.932203389830509,59,0.0024150412301288744,0.0010244332554798443,4,5,0.06666666666666667,0.0036426187848805185,0.15
Muktsar_DPC (Punjab),,unknown,14.097402597402597,154,0.004060877604722282,0.0017026152374368187,6,7,0.19444444444444445,0.0036380448887680526,0.15
Alwar_Central_I_1 (Rajasthan),,transit_hub,17.239436619718308,71,0.0032194311252849426,0.0009498676753703684,5,3,0.26666666666666666,0.0036222419204109415,0.15
Villupuram_Thirumtr_IP (Tamil Nadu),,transit_hub,10.518518518518519,108,0.004824842135207873,0.0011931782306606163,3,3,0.0,0.0036195899830474784,0.15
Chandauli_ShubsNGR_D (Uttar Pradesh),,unknown,12.764705882352942,17,0.004033178743744362,0.0004115729016710448,1,3,0.16666666666666666,0.003608692931223665,0.15
Nashik_TgrniaRD_I (Maharashtra),Nashik,unknown,17.79874213836478,159,0.004821847663750801,0.0011307012103500625,2,4,0.3,0.0036057854147983387,0.15
Sidhi_Padra_D (Madhya Pradesh),,unknown,59.666666666666664,15,0.0012296048420603462,0.0006355012741391748,1,1,0.0,0.003557438659301839,0.14
Trivandrum_Mnanthla_H (Kerala),,transit_hub,11.404761904761905,42,0.004097185571139284,0.0018747194770866516,5,2,0.0,0.0035385353902842335,0.14
Kamareddy_Devenply_I (Telangana),,unknown,15.496402877697841,139,0.004021949475780341,0.0011149826841189933,3,3,0.16666666666666666,0.00351384967814801,0.14
Mysore_Yadvgiri_IP (Karnataka),,unknown,23.680851063829788,47,0.0028323956894583378,0.0014989222825461733,3,3,0.06666666666666667,0.0034865485840696693,0.14
Dhubri_Tetultol_D (Assam),,unknown,17.681818181818183,22,0.003623684771989714,0.0006969532455451148,2,1,0.0,0.003459495975816132,0.14
Satna_Central_I_2 (Madhya Pradesh),Patna,unknown,17.349397590361445,83,0.0028073169910053566,0.000647064967772927,2,5,0.23809523809523808,0.0034574732718287747,0.14
Narayankhed_Datatrya_D (Telangana),,unknown,21.630434782608695,46,0.004021949475780341,0.0005329516593575894,1,1,0.0,0.0034542250022511485,0.14
Didwana_KatlaDPP_D (Rajasthan),,pickup_point,9.214285714285714,28,0.005210754644238076,0.0008013715229782915,2,1,0.3333333333333333,0.0034410976784197767,0.14
Pondicherry_Vasanthm_I (Pondicherry),,transit_hub,16.736842105263158,38,0.007217424829408704,0.0008255835844731461,2,3,0.0,0.003432900013644657,0.14
Zahirabad_Mohim_D (Telangana),,unknown,12.309090909090909,110,0.004025318256169547,0.0005736937749012415,1,1,0.0,0.0034065287358019947,0.14
Basta_Central_DPP_1 (Orissa),,pickup_point,15.5,8,0.00442695174034938,0.00024026044364056472,1,1,0.0,0.0034000086106784045,0.14
Jangaon_Hanmkond_D (Telangana),,unknown,20.315068493150687,73,0.0036180701380077035,0.0005739222430969789,1,1,0.0,0.003387845163897538,0.14
PNQ Vadgaon Sheri DPC (Maharashtra),,unknown,18.086206896551722,58,0.0016125228796334766,0.00143964837378589,3,3,0.0,0.0033826192246496525,0.14
Gangakher_Busstand_D (Maharashtra),,unknown,12.65625,32,0.003219056816352809,0.0003997061966383406,1,1,0.0,0.00336960394418706,0.14
Thiruvarur_Bypasrd_D (Tamil Nadu),,transit_hub,14.693693693693694,111,0.0036296737149038587,0.0011317950235098788,2,2,0.16666666666666666,0.0032548739744127637,0.13
Humnabad_EBroad_D (Karnataka),,unknown,14.547619047619047,42,0.004015211915001928,0.0004255680998625563,1,1,0.0,0.003248537370238669,0.13
Davangere_Central_I_1 (Karnataka),,unknown,10.686666666666667,150,0.0032239228324705514,0.0021382614001543925,4,3,0.26666666666666666,0.003239134074288418,0.13
Mohania_Bhabua_D (Bihar),,unknown,48.0,6,0.0008028926594275319,0.0005359288182345057,1,1,0.0,0.003175460182470898,0.13
Paradip_Udyabata_D (Orissa),,unknown,25.25,4,0.0016117742617692086,0.0009024978335080743,2,1,0.0,0.003174685806995205,0.13
Taranagar_RajRdDPP_D (Rajasthan),,pickup_point,103.5,12,0.0012138838669107162,0.0007461435563656323,1,1,0.0,0.0031616450364456462,0.13
Bikaner_ITICollg_L (Rajasthan),,transit_hub,10.681818181818182,22,0.004791902949180076,0.00033404369154130075,1,2,0.3333333333333333,0.0030755500082978765,0.13
Hyderabad_Alwal_I (Telangana),Hyderabad,unknown,9.058823529411764,34,0.002016402217406114,0.0014680483418310199,3,3,0.3333333333333333,0.0030647543079958335,0.12
Nagaur_KisanCo_D (Rajasthan),Nagpur,transit_hub,17.84375,32,0.005204017083459663,0.000729873377174098,2,2,0.3333333333333333,0.0030322353718684027,0.12
Soro_UttarDPP_D (Orissa),,pickup_point,11.0,1,0.004406364749082008,0.00029222459440450267,1,1,0.0,0.0030293966309063148,0.12
Loha_SivjiCWK_D (Maharashtra),,intercity_hub,14.78125,32,0.0032156880359636023,0.0003268420260352559,1,1,0.0,0.0030265400543481994,0.12
Solapur_Central_I_2 (Maharashtra),,unknown,17.431137724550897,501,0.0035858795698441755,0.0014881101039101933,5,5,0.26666666666666666,0.003011014397305045,0.12
Moradabad_DC (Uttar Pradesh),,fulfillment_center,21.46875,64,0.0035843823341156393,0.0003396692785521247,1,1,1.0,0.0030109794550005754,0.12
Umaria_Central_DPP_3 (Madhya Pradesh),,pickup_point,23.625,8,0.0016042880831265277,0.0003855624108540966,1,2,0.3333333333333333,0.003003715441412102,0.12
Vapi_IndEstat_I (Gujarat),,unknown,21.988235294117647,85,0.0020137820548811755,0.000643201760946868,3,5,0.1,0.0029921390577805434,0.12
Guskhara_Itachnda_D (West Bengal),Bengaluru,unknown,44.68421052631579,19,0.0012071463061323032,0.0005301786761890588,1,2,0.3333333333333333,0.0029232268748216844,0.12
Pulivendula_RTCStand_D (Andhra Pradesh),,unknown,17.866666666666667,60,0.0028249095108156567,0.0007216921708544419,1,1,0.0,0.0028937201547028905,0.12
Bengaluru_Bomsndra_HB (Karnataka),Bengaluru,unknown,9.914315033350436,1949,0.004535501330668254,0.0022899302777916446,11,18,0.1368421052631579,0.002891342145176754,0.12
Kekri_LxmntDPP_D (Rajasthan),,pickup_point,9.878048780487806,41,0.0028256581286799248,0.0012905666031416047,1,2,0.3333333333333333,0.0028862247545618507,0.12
Nowda_ArhamDPP_D (West Bengal),Noida,pickup_point,15.028571428571428,35,0.0012105150865215097,0.0009593249664725195,2,2,0.3333333333333333,0.0028455940863268106,0.12
Ragunthgnj_GopalDPP_D (West Bengal),Bengaluru,pickup_point,14.607142857142858,28,0.0008129990005951512,0.000321645720487031,2,1,0.3333333333333333,0.002827975155876625,0.12
Bilasipara_Wardno5_D (Assam),,unknown,24.366666666666667,30,0.0036270535523789207,0.0007153394808798991,1,1,0.0,0.002806544760852414,0.11
Bantwal_Trmltmpl_D (Karnataka),,unknown,19.4,10,0.0016046623920586618,0.0003092084851061561,1,2,0.3333333333333333,0.002764311847584151,0.11
Ghanashyampur_NditaDPP_D (West Bengal),Bengaluru,gateway_hub,21.246753246753247,77,0.0016177632046833533,0.0007603514038517263,1,2,0.0,0.0027620706880568196,0.11
Morgram_Kntgorya_D (West Bengal),Bengaluru,unknown,13.930232558139535,43,0.0016042880831265277,0.0007109524826836574,2,1,0.0,0.002728097504337466,0.11
Ghanpur_Palakrty_D (Telangana),,gateway_hub,8.12,25,0.003614701357618497,0.0005319077567892798,1,1,0.0,0.002711492847322345,0.11
Sagardighi_UtBzrDPP_D (West Bengal),Bengaluru,gateway_hub,12.72549019607843,51,0.0016230035297332302,0.0004577228362213754,1,2,0.0,0.002701300102174846,0.11
Ratanpura_MubarDPP_D (Uttar Pradesh),,pickup_point,43.836363636363636,55,0.0012296048420603462,0.0005479721908635503,1,1,0.0,0.002696693361247569,0.11
Jhalda_GMukrDPP_D (West Bengal),Bengaluru,pickup_point,25.459183673469386,98,0.0028249095108156567,0.0009099916237667629,1,1,0.0,0.002687438602675722,0.11
HazratJandaha_HajiprRD_D (Bihar),,unknown,41.0,1,0.0008096302202059448,0.000977809646649766,1,1,1.0,0.0026670355660103106,0.11
Mandla_Mharajpr_D (Madhya Pradesh),,unknown,26.03448275862069,29,0.0012135095579785822,0.0007770757363545888,2,1,0.6666666666666666,0.002643651516180623,0.11
Cuttack_SliprDPP_DC (Orissa),,fulfillment_center,35.5,2,0.0016185118225476216,0.0008786678768695551,1,1,0.0,0.002636644290155519,0.11
Nalbari_Bhgtpura_D (Assam),,unknown,14.333333333333334,12,0.003204458767999581,0.0003923625867305531,1,1,0.0,0.0026317406564813407,0.11
Jath_Shivprsad_D (Maharashtra),,transit_hub,95.26666666666667,15,0.002021642542455991,0.00077324306478486,2,1,0.0,0.00262091849999359,0.11
Kendrpara_Kapleswr_D (Orissa),,unknown,26.5,2,0.001615143042158415,0.0008887442695283899,1,1,0.0,0.0025940533476174546,0.11
Sirkazhi_Pngktgudi_D (Tamil Nadu),,unknown,13.6875,16,0.0028091885356660265,0.0005136665074390185,1,1,0.0,0.0025850551351096077,0.11
Vellore_GndhiNgr_IP (Tamil Nadu),,unknown,15.134920634920634,126,0.0033025277082187015,0.0007833936189342163,4,5,0.23809523809523808,0.0025508000313198076,0.1
Purulia_GariDPP_D (West Bengal),Bengaluru,pickup_point,19.464285714285715,28,0.00282154073042645,0.0009272607392748352,1,1,0.0,0.002509759292105078,0.1
Hanumangarh_DC (Rajasthan),,fulfillment_center,8.387755102040817,49,0.004821099045886532,0.0013179202776738438,3,3,0.06666666666666667,0.0024937123270160006,0.1
Chennai_Egmore_DPC (Tamil Nadu),Chennai,unknown,12.764705882352942,68,0.0012082692329287055,0.0006120001082488434,2,3,0.0,0.0024673772388034768,0.1
Shirpur_KrantiNgr_D (Maharashtra),,unknown,17.875,8,0.0016424675942042005,0.0003306830207960624,2,2,0.3333333333333333,0.0024497411212786886,0.1
Malda_krshnPly_DC (West Bengal),Bengaluru,fulfillment_center,34.75,4,0.0016102770260406725,0.00045486033085154366,2,1,0.3333333333333333,0.00244507718306892,0.1
Badarpur_Konapara_D (Assam),,unknown,40.125,8,0.0008096302202059448,0.0007901396800952766,2,2,0.6666666666666666,0.002403378690269615,0.1
Merta_Central_DPP_1 (Rajasthan),,pickup_point,26.547619047619047,42,0.0016177632046833533,0.0008373237989746262,2,1,0.3333333333333333,0.002399121848345516,0.1
Chiplun_LxmiNiws_D (Maharashtra),,unknown,16.09375,32,0.0016110256439049405,0.0005236526327574263,1,1,0.0,0.0023978879947210295,0.1
Cuddalore_KtsiGrsm_D (Tamil Nadu),,unknown,14.545454545454545,22,0.002802450974887614,0.0003977728538781079,1,1,0.0,0.0023616822508666963,0.1
Gadag_Cdosclrd_D (Karnataka),,sorting_center,28.50980392156863,51,0.0012138838669107162,0.0006299960609312596,2,1,0.3333333333333333,0.002349426413245633,0.1
Bilara_Central_DPP_2 (Rajasthan),,pickup_point,16.928571428571427,14,0.0020021784779850203,0.0008318282103587714,2,2,0.3333333333333333,0.0023336117609851206,0.1
Rusera_Wardno4_D (Bihar),,unknown,20.86842105263158,38,0.0012075206150644372,0.00044171399131306716,1,2,0.6666666666666666,0.0023292756714421506,0.09
Buldhana_Thsil3PL_D (Maharashtra),Ludhiana,transit_hub,45.6,5,0.0008028926594275319,0.0004986161470274526,1,2,0.6666666666666666,0.0023232874532773382,0.09
Phulpur_Shekhpur_D (Uttar Pradesh),,unknown,19.09090909090909,11,0.0008096302202059448,0.0006789374099003135,1,1,0.0,0.0023134044657448474,0.09
Bongaigaon_Chpaguri_D (Assam),,unknown,16.0,18,0.003211196328777994,0.0005090893085008621,1,1,0.0,0.0022843411756358818,0.09
Vadodara (Gujarat),Vadodara,unknown,10.290322580645162,31,0.0012078949239965715,0.0009731793609027009,3,3,0.3333333333333333,0.002269037102853109,0.09
Chennai_Porur_DPC (Tamil Nadu),Chennai,unknown,12.46875,32,0.002818546258969378,0.000905931324195269,4,3,0.1,0.0022517744442160695,0.09
Rayaparthi_Perkadrd_D (Telangana),,transit_hub,23.391304347826086,23,0.0012138838669107162,0.0005215939995286103,1,1,0.0,0.0022339001552020062,0.09
Hospet (Karnataka),,unknown,14.142857142857142,70,0.0020130334370169075,0.0010033112177747106,3,3,0.3333333333333333,0.0022309787321210047,0.09
Dharmavram_SaiNgr_D (Andhra Pradesh),,unknown,10.931034482758621,29,0.0028013280480912116,0.0004625204446782958,1,2,0.3333333333333333,0.0022155666822254822,0.09
Dhule_MIDCAvdn_I (Maharashtra),,fulfillment_center,14.81578947368421,228,0.002057576199940859,0.00031884700982991057,2,9,0.06666666666666667,0.0021634795191387566,0.09
Shimoga_DC (Karnataka),,fulfillment_center,15.640776699029127,103,0.00201602790847398,0.0008317110885836514,3,2,0.3,0.00215243849806457,0.09
Del_Okhla_PC (Delhi),Delhi,unknown,8.385019710906702,761,0.0027661430084706114,0.0003869653845891894,2,6,0.39285714285714285,0.0021153288723055022,0.09
Araria_Wardn13_D (Bihar),,unknown,15.904761904761905,21,0.0016031651563301256,0.0003450836133012984,2,2,0.6666666666666666,0.002093323921439512,0.09
Banda_GayatriN_D (Uttar Pradesh),,unknown,36.074074074074076,27,0.0008062614398167383,0.0004657387191400951,1,1,0.0,0.0020651998807825547,0.08
Bangarapet_KolarRd_D (Karnataka),,unknown,9.869047619047619,84,0.0020126591280847737,0.0008314540373071901,3,3,0.5,0.002024745476243215,0.08
Phalodi_PalikDPP_D (Rajasthan),,pickup_point,24.58823529411765,34,0.0016177632046833533,0.0006612947803934711,4,1,0.5,0.002019110247551716,0.08
Dinara_Wardno7_D (Bihar),,unknown,43.6,5,0.0008062614398167383,0.0005774743235437245,1,1,0.0,0.002015723017228474,0.08
Pilani (Rajasthan),,transit_hub,27.4,10,0.0012071463061323032,0.0007203815541017788,2,1,0.3333333333333333,0.002011553509182007,0.08
Tezpur_Mhbhirab_D (Assam),,unknown,28.04,25,0.0016072825545836,0.0007226052457223802,3,4,0.19047619047619047,0.0019927386565560105,0.08
Kullu_AkhraBzr_D (Himachal Pradesh),,unknown,39.59375,32,0.00242664480702503,0.0007557530343993699,1,1,0.0,0.00196728252388908,0.08
Rath_Mughlpra_D (Uttar Pradesh),,gateway_hub,31.045454545454547,22,0.0016177632046833533,0.0006642780944677782,1,1,0.0,0.001965174704428916,0.08
Bijapur_Central_D_2 (Karnataka),,unknown,16.4,15,0.001612897188565611,0.0005034648194872624,2,1,0.3333333333333333,0.001950681840550903,0.08
Moga_DPC (Punjab),,unknown,10.883333333333333,120,0.0023559004188516953,0.0006385215292459065,2,2,0.8333333333333334,0.001947170064065743,0.08
Silapathar_Hejunagr_D (Assam),,transit_hub,30.5,4,0.0016245007654617663,0.0004628541879011253,1,1,0.0,0.0019381205888158951,0.08
Mandi_PlaceCol_D (Himachal Pradesh),,unknown,26.470588235294116,34,0.0024232760266358236,0.0007453721824489253,1,1,0.0,0.0019257934870934752,0.08
Sankaramangalam_Central_D_1 (Kerala),,unknown,13.071428571428571,28,0.0012071463061323032,0.0005366517948081867,1,1,0.0,0.0019217450936414489,0.08
Plassey_BtaiRoad_D (West Bengal),Bengaluru,unknown,13.39,100,0.0012138838669107162,0.0008280110158278716,1,2,0.0,0.0018915399227827838,0.08
Allahabad_Central_D_5 (Uttar Pradesh),,unknown,22.38235294117647,34,0.0008028926594275319,0.000626371894994659,1,1,0.0,0.0018808995028495475,0.08
Panruti_GandhiRd_D (Tamil Nadu),,unknown,7.6,30,0.0016042880831265277,0.0005098147685570147,1,1,0.0,0.0018514841381756324,0.08
Salur_ward9_D (Andhra Pradesh),,unknown,20.0,3,0.0016076568635157342,0.0004786725344436529,1,1,0.0,0.0018220487612501564,0.07
Ghaziabad_MohanNgr_C (Uttar Pradesh),Ghaziabad,gateway_hub,8.333333333333334,42,0.0020175251442025163,0.0007164847892570956,1,3,0.6666666666666666,0.0018130945674781618,0.07
Rampurhat_SrifoDPP_D (West Bengal),Bengaluru,pickup_point,12.606060606060606,33,0.0016076568635157342,0.000726155318668554,1,1,0.0,0.0018090250682162405,0.07
Neyveli_NJVNgr_D (Tamil Nadu),,unknown,9.088888888888889,45,0.0016076568635157342,0.0005542827851204331,1,1,0.0,0.0017868390695778055,0.07
Ganga Nagar_DC (Rajasthan),,fulfillment_center,14.25,40,0.0028181719500372437,0.0005527910264696718,1,1,0.0,0.0017800687074953176,0.07
Vaijiapur_YeolaRD_D (Maharashtra),,unknown,8.201117318435754,179,0.0020201453067274543,0.0010131701952176377,3,1,0.8333333333333334,0.0017698064981227259,0.07
Panagarh_Central_D_1 (West Bengal),Bengaluru,unknown,30.705882352941178,34,0.001203777525743097,0.00048051821767647026,1,1,0.0,0.001757926775142541,0.07
Khanakul_Ramnagar_D (West Bengal),Bengaluru,unknown,35.2,5,0.0012082692329287055,0.00045685683666991483,1,2,0.0,0.0017526205754851644,0.07
Bijnor_NaginaRd_D (Uttar Pradesh),,unknown,12.916666666666666,24,0.002007793111967031,0.0005342763982726395,1,1,0.0,0.001747963071875149,0.07
Nalgonda_HydRoad_DC (Telangana),Hyderabad,fulfillment_center,13.942857142857143,70,0.0022967596075745157,0.0005829750843588475,2,1,0.3333333333333333,0.0017476665106482517,0.07
Kolaghat_Central_DPP_2 (West Bengal),Bengaluru,gateway_hub,7.428571428571429,35,0.0012142581758428502,0.0004520599767697288,1,2,0.3333333333333333,0.001746631925846624,0.07
Kadiri_GVManu_D (Andhra Pradesh),,unknown,15.366666666666667,30,0.0028181719500372437,0.0006867009733042321,2,1,0.3333333333333333,0.0017369246945311341,0.07
Dehradun (Uttarakhand),,unknown,23.453703703703702,108,0.0016196347493440237,0.0006706023249600468,3,1,0.0,0.0017185064224935556,0.07
Loharu_BstndDPP_D (Haryana),,pickup_point,16.375,8,0.0012105150865215097,0.0006414273900191913,1,1,0.0,0.0017175129136788488,0.07
Bhilwara_DC (Rajasthan),,fulfillment_center,28.4,10,0.002015653599541846,0.0009573909660845465,2,1,0.6666666666666666,0.0017056705218512402,0.07
Najibabad_KotdwrRD_D (Uttar Pradesh),,unknown,18.725,40,0.0020111618923562375,0.0005757777602203413,1,2,0.3333333333333333,0.0016946983023199509,0.07
Solan_MohanPrk_D (Himachal Pradesh),,unknown,70.2,10,0.0008028926594275319,0.0005746995515512796,2,4,0.5,0.0016769976620264959,0.07
Tikamgarh_MndiRoad_D (Madhya Pradesh),,unknown,25.794444444444444,180,0.0012019059810824265,0.0005559898017885889,2,2,0.3333333333333333,0.0016698823303912431,0.07
Mumbai_MiraRd_IP (Maharashtra),Mumbai,unknown,14.6,140,0.0012082692329287055,0.0007907095207715538,4,4,0.2,0.0016685978900952863,0.07
Nakashipara_MaxDPP_D (West Bengal),Bengaluru,pickup_point,9.3,60,0.0012105150865215097,0.0008303620875975322,2,1,0.3333333333333333,0.0016651461171659904,0.07
Tumkur_Veersagr_I (Karnataka),,unknown,7.2125,80,0.0016117742617692086,0.0014683308070253314,3,2,0.3,0.0016644026056365233,0.07
Pratapgarh_Nimachrd_D (Rajasthan),,transit_hub,20.484848484848484,66,0.002016402217406114,0.0009345928089915276,2,2,0.3333333333333333,0.0016444213169197939,0.07
Dola_ChainDPP_D (Madhya Pradesh),,pickup_point,16.033333333333335,30,0.0016177632046833533,0.0006369693665788017,2,1,0.3333333333333333,0.0016424483426630949,0.07
Kandi_DohalDPP_D (West Bengal),Bengaluru,pickup_point,14.277777777777779,18,0.001614394424294147,0.0007506868371205905,1,1,0.0,0.0016424324168420653,0.07
Rajsamand_kankroli_D (Rajasthan),,transit_hub,14.05,40,0.0020190223799310524,0.0009350184453986086,1,1,1.0,0.0016316069616274353,0.07
Kishangarh_Central_D_2 (Rajasthan),,transit_hub,20.083333333333332,12,0.0016042880831265277,0.0007650739731673222,1,1,0.0,0.0016310400321491677,0.07
Sakleshpur_RgvdrDPP_D (Karnataka),,pickup_point,22.433333333333334,30,0.0016106513349728065,0.0010633166388993227,2,2,0.3333333333333333,0.0016305805655246544,0.07
Ramanathapura_Central_D_2 (Karnataka),,transit_hub,17.03030303030303,33,0.0020212682335238566,0.0007033316083922187,3,1,0.3333333333333333,0.0016173821331665575,0.07
Mumbai_Ghansoli_DC (Maharashtra),Mumbai,gateway_hub,8.07843137254902,51,0.0008036412772918,0.000268655580302678,1,2,0.3333333333333333,0.0016117879639487678,0.07
Gohana_DvlalDPP_D (Haryana),,pickup_point,26.5,6,0.0008096302202059448,0.00046882013615520034,1,1,0.0,0.0016100397197822188,0.07
Kushinagar_JiswlDPP_D (Uttar Pradesh),,pickup_point,30.0,6,0.0008231053417627705,0.0003510678809408257,1,2,0.3333333333333333,0.001609963745033238,0.07
Miryalguda_Ragvendr_D (Telangana),,unknown,20.55,80,0.001039830213468384,0.0008994551103476163,3,3,0.3333333333333333,0.001608661503406508,0.07
Pappadahandi_Central_DPP_2 (Orissa),,pickup_point,12.030303030303031,33,0.001614768733226281,0.000865618270305125,1,2,0.0,0.0015961842239093954,0.07
Rewari_YuktiDPP_D (Haryana),,pickup_point,17.564102564102566,39,0.001615143042158415,0.0006666568350278188,1,2,0.0,0.0015913432586825203,0.06
Bhind_BhrolDPP_D (Madhya Pradesh),Bhiwandi,pickup_point,32.75,4,0.0008088816023416767,0.0004403708605959614,1,1,1.0,0.0015599054681454023,0.06
Keshiary_MdnprDPP_D (West Bengal),Bengaluru,pickup_point,52.25,4,0.0008028926594275319,0.0003422695799954493,1,1,0.0,0.0015540286069790684,0.06
Konch_Central_D_2 (Uttar Pradesh),Kochi,unknown,33.6,15,0.001614394424294147,0.000637257683450765,1,1,0.0,0.0015540151743521054,0.06
Ambur_Central_D_2 (Tamil Nadu),,unknown,12.186813186813186,91,0.0016121485707013426,0.0009138183980160275,4,2,0.4,0.0015470687908827573,0.06
Neemrana_Rcocmplx_D (Rajasthan),,transit_hub,20.0,2,0.0012030289078788288,0.0005560583748785122,2,1,0.3333333333333333,0.001542949320329749,0.06
Mahoba_Mlkpura_D (Uttar Pradesh),,unknown,47.666666666666664,39,0.0008096302202059448,0.0005180812068872867,1,1,0.0,0.0015348542281718536,0.06
Peterbar_GagiDPP_D (Jharkhand),,pickup_point,13.384615384615385,13,0.0008096302202059448,0.0006708381804849474,1,1,1.0,0.0015341735676276456,0.06
Deoghar_Barmasia_D (Jharkhand),,gateway_hub,28.74074074074074,27,0.0012026545989466948,0.0004793117154301523,3,2,0.5,0.0015326146241791177,0.06
Kollam_Central_H_1 (Kerala),,unknown,6.038461538461538,130,0.006118079495731007,0.0012682132483462262,2,4,0.0,0.001531790607664671,0.06
Hura_Central_D_1 (West Bengal),Bengaluru,unknown,12.05,40,0.004023072402576743,0.0015219202014898972,3,2,0.1,0.0015273180594215416,0.06
SultnBthry_Kollgpra_D (Kerala),,transit_hub,19.282758620689656,145,0.0012183755740963248,0.0008407963383374427,2,3,0.16666666666666666,0.0015272373471793958,0.06
Samastipur_Haripur_D (Bihar),Raipur,unknown,24.26923076923077,26,0.0008062614398167383,0.0010080272845210247,2,1,0.6666666666666666,0.0015084532558609764,0.06
Khargram_BoiDPP_D (West Bengal),Bengaluru,pickup_point,9.6,5,0.0016110256439049405,0.0007394174797452878,1,1,0.0,0.0015036757180578015,0.06
Digboi_JyotiNgr_D (Assam),,unknown,6.571428571428571,21,0.0012026545989466948,0.00041893714747359256,1,1,1.0,0.0015035356962028602,0.06
Rishikesh_DC (Uttarakhand),,fulfillment_center,40.0625,16,0.0016102770260406725,0.0006859750009018156,2,2,0.0,0.001496749029437974,0.06
HanumanJNC_VijywdRD_D (Andhra Pradesh),,unknown,25.416666666666668,12,0.0012071463061323032,0.0004318611947443535,1,2,0.3333333333333333,0.0014735503647594274,0.06
Sawantwadi_LaxmiNgr_D (Maharashtra),,unknown,12.925,80,0.0012078949239965715,0.0007114382695663661,2,2,0.0,0.0014685341450294995,0.06
Chintamani_Central_D_2 (Karnataka),,unknown,32.1,30,0.0008096302202059448,0.0005498673113366713,3,2,0.5,0.0014572535538141642,0.06
Jeypore_Kelasahi_D (Orissa),,unknown,11.6,35,0.0016080311724478683,0.0008854678878291646,2,1,0.3333333333333333,0.001447576945788977,0.06
Darbhanga (Bihar),,unknown,12.119047619047619,42,0.0008028926594275319,0.0003813051030631802,1,2,0.6666666666666666,0.0014450579474209546,0.06
Makrana_Mwalibad_D (Rajasthan),,transit_hub,9.775,40,0.0016110256439049405,0.0007776962995021161,1,2,0.3333333333333333,0.0014285993132597957,0.06
Jagatsghpr_Markndpr_D (Orissa),,gateway_hub,21.666666666666668,3,0.0012026545989466948,0.0007963575172093393,1,1,0.0,0.0014253978667754423,0.06
Itahar_NatunDPP_D (West Bengal),Bengaluru,pickup_point,10.08695652173913,23,0.0012183755740963248,0.0006503896966783442,1,2,0.3333333333333333,0.001421191041675451,0.06
Badvel_Sidrd_D (Andhra Pradesh),,unknown,21.25,16,0.0012138838669107162,0.0006755718266625285,1,1,0.0,0.0014171858926718911,0.06
Buxar_Sarswati_D (Bihar),,unknown,24.941176470588236,17,0.0008028926594275319,0.0005238525260939098,1,2,0.6666666666666666,0.0014158102606329312,0.06
Puttaprthi_Gokulam_D (Andhra Pradesh),,transit_hub,8.00943396226415,106,0.002416538465857411,0.0008202631581943441,3,2,0.16666666666666666,0.0014155209969736904,0.06
Arani_KrthiKyn_D (Tamil Nadu),,transit_hub,20.11111111111111,18,0.0008028926594275319,0.0002578971337000914,1,2,0.0,0.0014141211378054144,0.06
Rayachoti_Madnpali_D (Andhra Pradesh),,unknown,12.016949152542374,59,0.00282154073042645,0.0007052139144958655,1,1,0.0,0.0014113436792482538,0.06
Channaraya_patna_D (Karnataka),Patna,unknown,17.76923076923077,26,0.0020044243315778245,0.0003513548822909676,1,2,0.3333333333333333,0.0014108190369649689,0.06
Barhi_Central_DPP_1 (Madhya Pradesh),,pickup_point,25.833333333333332,12,0.0008096302202059448,0.0009313194414076584,1,1,1.0,0.001403660221472881,0.06
Pupri_SngihiRD_D (Bihar),,unknown,27.285714285714285,7,0.0012105150865215097,0.0009612259599068016,2,1,0.6666666666666666,0.001392159469248236,0.06
Molakalmuru_KnsgraRD_D (Karnataka),,last_mile_hub,7.433333333333334,30,0.002417287083721679,0.0004929488487589842,1,1,0.0,0.0013859098084289783,0.06
Pukhrayan_Arulimod_D (Uttar Pradesh),,unknown,15.031746031746032,63,0.0016076568635157342,0.0005699951856282077,1,1,0.0,0.0013849719152809435,0.06
Nedumangad_Arsprmbu_D (Kerala),,unknown,12.333333333333334,3,0.0012296048420603462,0.00040588955175368787,2,2,0.3333333333333333,0.0013801401865501269,0.06
Delhi_Nangli_IP (Delhi),Delhi,unknown,10.148148148148149,81,0.0012116380133179118,0.0006740252735957833,3,2,0.0,0.001376432005276968,0.06
Hailakandi_kalibari_D (Assam),,unknown,28.28,25,0.0008025183504953979,0.0003309165012557284,1,2,0.6666666666666666,0.0013663051956473342,0.06
Dhemaji_WardNo3_D (Assam),,unknown,31.6,10,0.0012194985008927269,0.00040121649922795236,1,1,0.0,0.0013659323980144496,0.06
RaisingNgr_BisnolDPP_D (Rajasthan),,pickup_point,7.386666666666667,75,0.0016177632046833533,0.0008910925828480813,1,1,0.0,0.0013401302919299608,0.05
Badnaur_BhmrdDPP_D (Rajasthan),,pickup_point,11.666666666666666,3,0.002008916038763433,0.0008763143631153904,2,1,0.3333333333333333,0.001339305033435539,0.05
Jalesar_ChngiDPP_D (Uttar Pradesh),,pickup_point,9.555555555555555,18,0.0012172526472999225,0.00038804314948388845,1,1,0.0,0.0013387054798041987,0.05
Ambah_MrenTirh_D (Madhya Pradesh),,unknown,16.416666666666668,24,0.0012075206150644372,0.000785603790071933,2,2,0.5,0.001338212966882491,0.05
Adoor_Town_D (Kerala),,unknown,12.367647058823529,68,0.0012262360616711397,0.0005944599038426527,2,1,0.3333333333333333,0.0013290445991836345,0.05
Bhuj_DC (Gujarat),,fulfillment_center,16.363636363636363,22,0.0008118760737987491,0.00045416909011056336,2,3,0.3333333333333333,0.0013218957079869221,0.05
Kolhapur_Central_H_2 (Maharashtra),,unknown,17.782608695652176,23,0.0014822633712508282,0.00031762127540422224,1,1,0.0,0.0013215198534407022,0.05
Beed_JalnaRd_D (Maharashtra),,unknown,11.714285714285714,14,0.001203777525743097,0.00038531190891592933,1,1,0.0,0.001318550139945668,0.05
Chinnasalem_VkotRoad_D (Tamil Nadu),,unknown,6.321917808219178,146,0.0016177632046833533,0.0006557126882659526,1,1,0.0,0.0013179451665436329,0.05
Shindkheda_KakaCplx_D (Maharashtra),,unknown,17.166666666666668,12,0.0012329736224495525,0.00068819192996935,2,3,0.6666666666666666,0.0013162975776393117,0.05
Bijainagar_Central_DPP_1 (Rajasthan),,pickup_point,12.916666666666666,24,0.0028222893482907183,0.0013771657614777917,3,1,0.0,0.0013156058734331635,0.05
Berhampur_Khajuria_I (Orissa),,unknown,24.833333333333332,6,0.000803266968359666,0.0004633703176239252,1,2,0.3333333333333333,0.0013093792691069176,0.05
Raxaul_KairiyaT_D (Bihar),,unknown,32.13131313131313,99,0.0008096302202059448,0.0007300772005603824,1,1,1.0,0.0013087560318786856,0.05
Bamangola_Central_D_1 (West Bengal),Bengaluru,unknown,15.73913043478261,23,0.0012120123222500458,0.0005084803538766257,1,3,0.3333333333333333,0.00130785506808674,0.05
Narsapur_Xroad_D (Telangana),,unknown,15.0,18,0.0016177632046833533,0.0006110001065718662,1,1,0.0,0.0013075564652057982,0.05
Khed_Mahad_D (Maharashtra),,unknown,16.51219512195122,41,0.001614394424294147,0.0005670211761677902,1,2,0.0,0.001302743100532313,0.05
Nabarangpr_PhdofDPP_D (Orissa),,pickup_point,4.333333333333333,6,0.0016113999528370746,0.0008747211272625972,1,1,0.0,0.001298125829857145,0.05
Pazhayannur_AlathurRD_D (Kerala),,transit_hub,13.058823529411764,68,0.0012138838669107162,0.0006139333399998111,1,2,0.3333333333333333,0.0012903556952238826,0.05
Amd_Chandkheda_Dc (Gujarat),,fulfillment_center,12.444444444444445,18,0.0008028926594275319,0.0003755787912063029,1,3,1.0,0.0012889054339024683,0.05
Asansol_DC (West Bengal),Bengaluru,fulfillment_center,51.333333333333336,6,0.000401633484179833,0.00029366018674453114,1,1,0.0,0.0012718919280690914,0.05
Raichur_LSRoad_DC (Karnataka),Raipur,fulfillment_center,11.767857142857142,56,0.001206023379335901,0.0005285140821696154,2,3,0.3333333333333333,0.0012644267092831439,0.05
Bhatinda_DPC (Punjab),,unknown,10.166666666666666,222,0.007194217675616394,0.001522613569028881,5,4,0.14285714285714285,0.0012570642763308434,0.05
Sultana_Central_DPP_1 (Rajasthan),,pickup_point,8.75,4,0.0020137820548811755,0.0005720282099594847,2,2,0.16666666666666666,0.0012521614471409025,0.05
Bagalkot_Sector4_D (Karnataka),,unknown,18.338983050847457,59,0.0012071463061323032,0.0005123558421357632,1,2,0.3333333333333333,0.0012466935513645732,0.05
Ankola_Kakrmath_D (Karnataka),,transit_hub,18.375,48,0.0017356705183055783,0.0007229203424065709,3,2,0.3333333333333333,0.001234808403626238,0.05
Ranikhet_Subhash_D (Uttarakhand),,unknown,35.833333333333336,24,0.0012071463061323032,0.0006301153447224656,3,2,0.6666666666666666,0.0012115984437931315,0.05
Panskura_Central_D_3 (West Bengal),Bengaluru,unknown,11.0,14,0.0008096302202059448,0.0012764454785870692,2,2,0.3333333333333333,0.0012017099267146237,0.05
Dhrmsthala_Beltngdi_D (Karnataka),,transit_hub,13.375,40,0.0012135095579785822,0.0005969206917240999,2,2,0.3333333333333333,0.0012005100059808609,0.05
Rajgurunagar_Chakan_D (Maharashtra),,unknown,13.083333333333334,12,0.0008062614398167383,0.0007131313509048793,2,2,0.6666666666666666,0.0011897917244945526,0.05
Nohar_Central_DPP_2 (Rajasthan),,pickup_point,57.0,5,0.00040500226456903943,0.001372094303992602,3,1,0.6666666666666666,0.0011892748787019675,0.05
Parbatsar_AjmhwDPP_D (Rajasthan),,pickup_point,16.0,6,0.0016076568635157342,0.0007719509264240356,1,1,0.0,0.0011875228945540902,0.05
Bhatkal_KmkshBul_D (Karnataka),,unknown,18.928571428571427,14,0.0014223739421093805,0.0008530754751279101,2,2,0.0,0.001172795282556976,0.05
LowerParel_CP (Maharashtra),,unknown,14.775193798449612,129,0.0008058871308846043,0.00045387297317427356,2,2,0.0,0.0011662137771753856,0.05
Patancheru_Ameenpur_I (Telangana),,unknown,9.287878787878787,66,0.0012120123222500458,0.0005753300948098353,2,2,0.0,0.0011653656052514761,0.05
Manteswar_MemariRD_D (West Bengal),Manesar,unknown,13.0,5,0.0012071463061323032,0.00027362703531980836,1,2,0.0,0.0011605547158988797,0.05
AhmedNagar_DC (Maharashtra),,fulfillment_center,18.0,11,0.001203777525743097,0.0003788170457768925,1,3,0.6666666666666666,0.001158988065728107,0.05
Pandharpur_RajCmplx_D (Maharashtra),,unknown,5.213333333333333,75,0.0016121485707013426,0.0007934487807102398,2,2,0.3333333333333333,0.0011517861494641493,0.05
Delhi_Mayapuri_PC (Delhi),Delhi,unknown,4.122905027932961,179,0.0008040155862239341,0.00048045246322337977,2,3,0.16666666666666666,0.0011500098264622038,0.05
Kuthuparamba_IdstrlAr_D (Kerala),,transit_hub,9.155555555555555,45,0.0016331098709008493,0.0006871986588783733,1,1,0.0,0.0011435312414802832,0.05
Delhi_Patparganj_DPC (Delhi),Delhi,unknown,9.071428571428571,42,0.0008066357487488725,0.0011769307542480749,3,2,0.3333333333333333,0.0011359204054910605,0.05
Dhrangadhra_NvygRDPP_D (Gujarat),,pickup_point,10.518518518518519,54,0.002023514087116661,0.0006723514855262429,2,1,0.6666666666666666,0.0011318049995395333,0.05
Chapra_NagarDPP_D (West Bengal),Bengaluru,pickup_point,16.0,52,0.0008013954236989958,0.0005304384041489608,2,1,0.6666666666666666,0.001131378707555057,0.05
Manglamaro_Bypassrd_D (West Bengal),Bengaluru,unknown,37.0,4,0.0008062614398167383,0.0004128502386659406,1,1,0.0,0.001126109502688788,0.05
Tadipatri_CBRoad_D (Andhra Pradesh),,unknown,18.0,6,0.001203777525743097,0.0005902422218327436,1,1,0.0,0.0011245217360540743,0.05
Kadthal_GndhiDPP_D (Telangana),,pickup_point,17.45,40,0.001203777525743097,0.0003515219341913943,1,2,0.3333333333333333,0.0011096692477481113,0.05
Nanjangud_RPRoad_D (Karnataka),,unknown,12.125,16,0.0012150067937071183,0.00048268178967384297,1,1,0.0,0.001109476286219005,0.05
Motihari_RajaBzr_D (Bihar),,unknown,28.272727272727273,44,0.0008062614398167383,0.0007162522314463393,2,1,0.6666666666666666,0.0011007714161816288,0.04
Udgir_NlgaonRd_D (Maharashtra),,unknown,15.045454545454545,22,0.0008062614398167383,0.0006544486481243679,2,2,0.6666666666666666,0.0010984919652569868,0.04
Canacona_CharRsta_D (Goa),,unknown,22.696969696969695,99,0.0014815147533865601,0.00032317538346984836,1,2,0.6666666666666666,0.0010958596088297234,0.04
Kakdwip_KlngrDPP_D (West Bengal),Bengaluru,pickup_point,18.19148936170213,47,0.00040500226456903943,0.0004811051274108605,1,1,1.0,0.001088795947177247,0.04
LakhimpurN_SashPhkn_D (Assam),,unknown,27.833333333333332,24,0.0008137476184594193,0.00032875080937123593,2,1,0.0,0.0010880622908022006,0.04
Narnaul_DC (Haryana),,fulfillment_center,14.846153846153847,26,0.0016117742617692086,0.0006408755673475001,2,1,0.3333333333333333,0.0010823850935450447,0.04
Georai_Bazarrd_D (Maharashtra),,unknown,20.523809523809526,21,0.0012071463061323032,0.00044962911440989015,1,1,0.0,0.0010802345018667162,0.04
Bilaspur_GrmNgriya_D (Uttar Pradesh),,unknown,9.538461538461538,13,0.0012063976882680351,0.0008664045923940192,2,2,0.5,0.0010738029734559589,0.04
Hazaribag_BodomBzr_DC (Jharkhand),,fulfillment_center,22.80952380952381,42,0.0008062614398167383,0.00035762275473996664,1,1,0.0,0.0010720478106533548,0.04
Shegaon_SChwkDPP_D (Maharashtra),,sorting_center,29.3,10,0.0008096302202059448,0.0006168569546634118,2,1,0.6666666666666666,0.0010673133456986547,0.04
Jammikunta_ConduDPP_D (Telangana),,pickup_point,32.31818181818182,22,0.0008115017648666151,0.00032144586136371317,2,1,0.3333333333333333,0.001061519717989783,0.04
Chikodi_IndraNgr_D (Karnataka),,unknown,10.166666666666666,36,0.002008167420899165,0.0005281930868311058,1,2,0.3333333333333333,0.0010591724389860204,0.04
Bahadurgarh_DC (Haryana),,fulfillment_center,32.75,24,0.0008066357487488725,0.0007630616760021142,2,2,0.0,0.001052628214877963,0.04
Nanoor_Central_DPP_1 (West Bengal),Bengaluru,pickup_point,27.10909090909091,55,0.0012138838669107162,0.0006474755624564576,2,1,0.3333333333333333,0.0010496869489413894,0.04
Islampur_Shantanu_D (Maharashtra),,unknown,9.083333333333334,24,0.0016042880831265277,0.0004123077068709018,1,1,0.0,0.0010453907770863282,0.04
Rohtak (Haryana),,unknown,25.416666666666668,12,0.0008028926594275319,0.0003368613886139418,1,1,0.0,0.0010450275506423614,0.04
Kalyandurg_Shankrpa_D (Andhra Pradesh),,unknown,14.701754385964913,57,0.0012138838669107162,0.0010084163929216193,2,1,0.6666666666666666,0.0010408803834576013,0.04
Jagdishpur_Wardno13_D (Bihar),Jaipur,unknown,28.85,40,0.0008096302202059448,0.0006369815525625101,2,1,0.6666666666666666,0.0010319201976095413,0.04
Thrissur_Poothole_D (Kerala),,transit_hub,15.166666666666666,72,0.0008028926594275319,0.0006711366299684942,2,2,0.3333333333333333,0.0010311142803237808,0.04
Itarsi_DivrsnRd_D (Madhya Pradesh),,unknown,13.35,80,0.0012082692329287055,0.0005981619728930176,1,1,0.0,0.0010299493607922251,0.04
Chennai_Perungudi_DPC (Tamil Nadu),Chennai,unknown,10.96,25,0.0012112637043857778,0.0008813032965878028,2,2,0.0,0.0010263862369841905,0.04
Noida_Sec 02_DPC (Uttar Pradesh),Noida,unknown,14.163636363636364,55,0.0016207576761404258,0.0026897639342956673,8,3,0.1388888888888889,0.0010245095865377926,0.04
YamunaNagar_DC (Haryana),,fulfillment_center,20.583333333333332,36,0.0008066357487488725,0.0004915318388844163,2,1,0.3333333333333333,0.0010230263731943372,0.04
Sathupally_VidyaNGR_D (Telangana),,transit_hub,19.43076923076923,65,0.0008100045291380789,0.000428224117535275,2,1,0.6666666666666666,0.001020462370949058,0.04
Paithan_SantaNGR_D (Maharashtra),,transit_hub,21.583333333333332,12,0.0012138838669107162,0.0005505790077990441,1,1,0.0,0.0010142642184075641,0.04
Godda_Central_D_2 (Jharkhand),,unknown,20.34285714285714,35,0.0008055128219524703,0.0005961760324982751,3,1,0.5,0.0010110833079239958,0.04
Tangi_SriDPP_D (Orissa),,pickup_point,21.5,6,0.0008100045291380789,0.0004320116227076449,2,1,0.3333333333333333,0.0010055222889207263,0.04
Nipani_AkkolRD_D (Karnataka),,unknown,9.4,5,0.0020047986405099583,0.0004777392050295769,1,1,0.0,0.0010024338421797312,0.04
Krishnarajpet_MuruPost_D (Karnataka),,unknown,22.488888888888887,45,0.0012071463061323032,0.0003539423634005184,1,1,0.0,0.000993529496954724,0.04
Pennadam_EastmnRD_D (Tamil Nadu),,unknown,4.45945945945946,74,0.001614394424294147,0.0006254590919641059,1,1,0.0,0.0009905285478689766,0.04
ChrkhiDdri_PuranDPP_D (Haryana),,pickup_point,16.128205128205128,39,0.0012138838669107162,0.0006672354745800567,1,1,0.0,0.000985113731619891,0.04
Fatehpur_Kotwali_D (Uttar Pradesh),,unknown,21.015625,64,0.0008028926594275319,0.0004047989992537343,1,1,0.0,0.0009830281579716084,0.04
Bhiwani_DC (Haryana),Bhiwandi,fulfillment_center,13.25,24,0.0012071463061323032,0.000611111643330581,2,1,0.3333333333333333,0.0009787621025674255,0.04
Kashipur_BajprDPP_D (Uttarakhand),,pickup_point,25.129032258064516,31,0.0008092559112738108,0.001710349958494636,3,2,1.0,0.0009781519752155453,0.04
Chittaurgarh_DC (Rajasthan),,fulfillment_center,9.352941176470589,51,0.002416538465857411,0.0009079556514584408,2,2,0.16666666666666666,0.0009776405832063915,0.04
Pataudi_DC (Haryana),,fulfillment_center,16.5,6,0.00040575088243330755,0.00022524772290535096,1,1,0.0,0.0009768480486121137,0.04
Haliya_PeroorRD_D (Telangana),,unknown,23.357142857142858,56,0.0012138838669107162,0.0005510294009875684,1,1,0.0,0.0009767614607248429,0.04
Challakere_Shivangr_D (Karnataka),,unknown,8.6,80,0.0024206558641108856,0.0005411186431988814,1,1,0.0,0.0009739490555939037,0.04
Parvathipuram_Central_D_2 (Andhra Pradesh),,transit_hub,12.105263157894736,38,0.001614394424294147,0.000571387945017176,1,2,0.3333333333333333,0.0009646622459969812,0.04
Gokak_Bsavangr_D (Karnataka),,unknown,32.78787878787879,33,0.0008122503827308832,0.00031323211106665163,1,3,0.16666666666666666,0.0009621859268497516,0.04
Neemuch_KarjuDPP_D (Madhya Pradesh),,pickup_point,30.846153846153847,13,0.0008062614398167383,0.0005106833556398382,1,1,0.0,0.0009613977946359915,0.04
Kabuganj_Jantaclg_D (Assam),,unknown,42.0,9,0.000401633484179833,0.0004476017837092755,1,1,1.0,0.0009585029564065888,0.04
Dhanbad_Jharia_DC (Jharkhand),,fulfillment_center,14.166666666666666,6,0.00040537657350117346,0.0005050439649573126,2,1,0.0,0.0009496976531317059,0.04
Khanpur_Nrsampt_D (Telangana),,unknown,14.973684210526315,38,0.001203777525743097,0.00033855471721261105,1,1,0.0,0.0009496392202698508,0.04
Madhepura_Krishnpr_D (Bihar),,unknown,36.666666666666664,24,0.0004008848663155649,0.0005469933516508212,2,2,0.6666666666666666,0.0009488194162807748,0.04
Dohrighat_AzmrdDPP_D (Uttar Pradesh),,gateway_hub,21.5,4,0.0008186136345771619,0.0005799373277476885,1,1,0.0,0.000943538401149999,0.04
Rajam_SamathBv_D (Andhra Pradesh),,transit_hub,10.225806451612904,62,0.0016042880831265277,0.0004197234899274242,1,1,0.0,0.000936310224528503,0.04
Azamgarh_ChtwrDPP_D (Uttar Pradesh),,pickup_point,11.25,12,0.0012071463061323032,0.00019660193775657513,1,1,0.0,0.0009354791472291082,0.04
Parner_Hindcwk_D (Maharashtra),,fulfillment_center,26.333333333333332,9,0.0008062614398167383,0.0003896254951503061,2,2,0.5,0.0009263461398638753,0.04
Jhanjharpur_Nagar_D (Bihar),,unknown,36.75,8,0.0008096302202059448,0.0005339311735536844,2,1,0.6666666666666666,0.0009200850376759716,0.04
PaontSahib_Gurudwar_D (Himachal Pradesh),,unknown,34.65909090909091,44,0.0008100045291380789,0.0005398167861218048,1,1,1.0,0.0009198720744875414,0.04
Guntakal_Verpatem_D (Andhra Pradesh),,unknown,13.013157894736842,76,0.0012071463061323032,0.0009821371087224686,2,2,0.5,0.0009180334448335764,0.04
DoomDooma_Pthrgoan_D (Assam),,transit_hub,9.674418604651162,43,0.0008096302202059448,0.0010231279419442574,3,2,0.6666666666666666,0.0009151446096931911,0.04
Punalur_PostofJN_D (Kerala),,unknown,12.3125,48,0.0004184773861258651,0.0004591813779374924,1,2,0.3333333333333333,0.00090700077423871,0.04
Bhupalpally_JwahrNGR_D (Telangana),,unknown,9.0,2,0.0008055128219524703,0.0005086882029630877,1,1,0.0,0.0009062144082782802,0.04
Nichlaul_Wardno13_D (Uttar Pradesh),,intercity_hub,14.505376344086022,93,0.0004102425896189161,0.0005988948040054242,2,1,0.0,0.000905718217312534,0.04
Koppa_BMRd_D (Karnataka),,pickup_point,10.424242424242424,33,0.0012105150865215097,0.0004226550462820992,1,2,0.3333333333333333,0.000901689459257628,0.04
Aliganj_KaimgnjRD_D (Uttar Pradesh),,unknown,32.1,20,0.0008115017648666151,0.0003227774807754952,2,1,0.3333333333333333,0.0009013973157779063,0.04
Katihar_Central_D_2 (Bihar),,unknown,29.942857142857143,35,0.0008047642040882022,0.00029387468524610743,1,2,0.3333333333333333,0.0009005949145978149,0.04
Chennai_Poonamallee (Tamil Nadu),Chennai,unknown,12.5,14,0.0004023821020441011,0.00038301745752592045,1,1,0.0,0.0008970632646302737,0.04
Virudhchlm_SelamRd_D (Tamil Nadu),,last_mile_hub,4.321428571428571,28,0.0016110256439049405,0.0005942335271727011,1,1,0.0,0.0008951868591022683,0.04
Eluru_Agraharm_DC (Andhra Pradesh),,fulfillment_center,22.529411764705884,17,0.0008088816023416767,0.00028226113452001846,1,2,0.6666666666666666,0.0008944485173800818,0.04
Nuzvid_Ward17_D (Andhra Pradesh),,unknown,16.333333333333332,3,0.001203777525743097,0.00036469585468244743,1,1,0.0,0.0008870122948045323,0.04
Bobbili_ColegRd_D (Andhra Pradesh),,unknown,7.525,40,0.0016110256439049405,0.0005287640702444492,1,1,0.0,0.0008789833661396888,0.04
Kundapura_DC (Karnataka),,fulfillment_center,21.75,8,0.0009256659891674995,0.0006723164676715614,2,1,0.3333333333333333,0.0008769950488613577,0.04
Saharsa_Gangjala_D (Bihar),,unknown,44.523809523809526,21,0.00040500226456903943,0.0007803936838503498,3,3,0.6666666666666666,0.0008739008411544156,0.04
DalsinghSarai_Wardno13_D (Bihar),,gateway_hub,18.545454545454547,22,0.001204151834675231,0.0003766700947306139,1,1,1.0,0.0008671206983661459,0.04
Khetri_NagarDPP_D (Rajasthan),,pickup_point,15.5,4,0.0012093921597251076,0.0004249808573674757,1,1,0.0,0.0008619368910212981,0.04
Chandpur_NorprRD_D (Uttar Pradesh),,unknown,7.75,20,0.0020044243315778245,0.0004854437738936183,1,1,0.0,0.0008591573380337571,0.04
Nakodar_ChowkDPP_D (Punjab),,pickup_point,11.666666666666666,18,0.0008096302202059448,0.0008264631882076655,2,1,0.6666666666666666,0.0008563433805530567,0.03
Mumbai_Jogshwri_I (Maharashtra),Mumbai,unknown,19.154929577464788,71,0.00040200779311196707,0.00032259077846483484,1,2,0.0,0.0008544575221628631,0.03
Saraimeer_MsmcyDPP_D (Uttar Pradesh),,pickup_point,14.0,14,0.0008062614398167383,0.0002889761864094382,1,1,0.0,0.0008534790170561911,0.03
Balotra_BsnoiHPL_D (Rajasthan),,transit_hub,9.044444444444444,45,0.0016042880831265277,0.00032284248129207856,1,2,0.6666666666666666,0.000851541785204726,0.03
Proddatur_Central_D_2 (Andhra Pradesh),,unknown,12.25,4,0.0012071463061323032,0.0006234350667661067,1,1,0.0,0.0008510241030969088,0.03
Kankavali_NrdawDPP_D (Maharashtra),,pickup_point,33.901234567901234,81,0.0008092559112738108,0.0004681560762758114,1,1,0.0,0.0008506476707783497,0.03
Pehowa_WdN14DPP_D (Haryana),,pickup_point,10.909090909090908,44,0.0008055128219524703,0.00043573120787768975,1,1,0.0,0.0008493432128394228,0.03
Sahebganj_BaraLoha_D (Jharkhand),,unknown,25.711111111111112,90,0.0012142581758428502,0.0009067179719366669,2,1,0.0,0.0008483910879188045,0.03
Baddi_ByePass_D (Himachal Pradesh),,unknown,36.833333333333336,18,0.0008092559112738108,0.0008120366421590996,4,1,0.5,0.0008478619804585328,0.03
Bariya_BgnprDPP_D (Uttar Pradesh),,pickup_point,16.25,28,0.0008246025774913067,0.0005014268654950324,1,1,0.0,0.0008472551088469654,0.03
Triveninganj_Central_D_1 (Bihar),,unknown,39.73809523809524,84,0.0004042536467047713,0.0005183496198883182,2,1,0.6666666666666666,0.0008449472917106218,0.03
Churhat_Central_DPP_1 (Madhya Pradesh),,pickup_point,19.166666666666668,6,0.0012262360616711397,0.000604035534344454,3,1,0.5,0.0008430721327297627,0.03
Shirala_Central_DPP_3 (Maharashtra),,pickup_point,51.625,8,0.00040500226456903943,0.0006050328642370525,1,1,1.0,0.0008416073280098264,0.03
Manikchak_Enayetpr_D (West Bengal),Bengaluru,unknown,14.045454545454545,22,0.0004064995002975756,0.0011561694861456447,1,1,0.0,0.0008402262699085492,0.03
Kendujhar_Sirjudin_D (Orissa),,unknown,17.733333333333334,15,0.0008066357487488725,0.001612156815543628,4,2,0.5,0.0008383213321467074,0.03
Banswada_Menagrdn_D (Telangana),,unknown,8.05,40,0.0016076568635157342,0.00048495895036827037,1,1,0.0,0.0008362118939474983,0.03
Vizianagaram_NcsRd_DC (Andhra Pradesh),,fulfillment_center,14.68,50,0.00040500226456903943,0.0006185342336714006,2,1,0.0,0.000835870416297654,0.03
Sagar_Bahreya_I (Madhya Pradesh),,unknown,20.678571428571427,28,0.0008144962363236875,0.00031323211106665163,1,4,0.2,0.0008327140889269293,0.03
Hoskote_DC (Karnataka),,fulfillment_center,15.19047619047619,21,0.00040575088243330755,0.0003561029304263823,1,2,0.0,0.0008319096231813247,0.03
Bhavnagar_ChtrGIDC_IP (Gujarat),,fulfillment_center,15.428571428571429,35,0.0012071463061323032,0.0003672524599815238,1,1,0.0,0.0008261413235241658,0.03
Manjhaul_Purbari_D (Bihar),,unknown,53.77333333333333,75,0.00040200779311196707,0.0002400166412383059,1,2,0.3333333333333333,0.0008250573663174608,0.03
Baruipur_Bnsibtla_D (West Bengal),Bengaluru,unknown,41.25,4,0.000401633484179833,0.0003541187996643694,1,1,1.0,0.0008224150304582913,0.03
Devarakonda_DindiRD_D (Telangana),,unknown,10.078947368421053,38,0.0012105150865215097,0.0005048418579912474,2,1,0.3333333333333333,0.0008190921846169041,0.03
Bokaro_KSClny_DC (Jharkhand),,fulfillment_center,9.5,14,0.0008062614398167383,0.0006456337950389476,2,1,0.6666666666666666,0.0008063391876257616,0.03
Karanjia_Sarubali_D (Orissa),,unknown,40.54237288135593,59,0.0008092559112738108,0.0010864088559432192,3,2,1.0,0.0008031103691661969,0.03
Baraut_SrnprHwy_D (Uttar Pradesh),,unknown,15.045454545454545,22,0.0008028926594275319,0.0005818173898667841,1,1,0.0,0.000803014324074959,0.03
Ramdurg_GndhiNGR_D (Karnataka),,unknown,10.6,55,0.001203777525743097,0.0004596351098808149,1,1,0.0,0.0008028223703136773,0.03
Atmakur_IndraNgr_D (Andhra Pradesh),,unknown,40.392857142857146,28,0.0008062614398167383,0.0004695113063562898,1,1,0.0,0.0008011804618280656,0.03
Paralakhemundi_Ward14_D (Orissa),,unknown,20.083333333333332,36,0.0008088816023416767,0.0006812361261903154,2,1,1.0,0.0007996742427150685,0.03
Jind_DC (Haryana),,fulfillment_center,15.928571428571429,14,0.0008062614398167383,0.0004081879404155951,1,1,0.0,0.0007960999598463869,0.03
Jaynagar_MjlprDPP_D (West Bengal),Bengaluru,pickup_point,53.833333333333336,6,0.00040500226456903943,0.00042275168427802505,1,1,1.0,0.0007904007193656988,0.03
Vemulawada_Central_DPP_2 (Telangana),,pickup_point,6.24,25,0.0016024165384658576,0.0004063215984110398,2,2,0.3333333333333333,0.0007878827560663707,0.03
Budhana_Busstand_D (Uttar Pradesh),Ludhiana,unknown,22.666666666666668,30,0.0008096302202059448,0.0006459900686837741,1,1,0.0,0.0007869817950213946,0.03
Betul_PatelWrd_D (Madhya Pradesh),,unknown,16.13095238095238,84,0.0008062614398167383,0.0006302528090719645,1,1,0.0,0.0007837018866586123,0.03
Benipur_Javahar_D (Bihar),,unknown,18.56756756756757,37,0.0008062614398167383,0.0002226760783495265,1,1,1.0,0.0007820285247700918,0.03
Dandeli_RKComplx_D (Karnataka),,unknown,20.5,42,0.0008096302202059448,0.000688415121548388,2,1,0.3333333333333333,0.0007801421406246055,0.03
Nandigama_Chndrlpd_D (Andhra Pradesh),,unknown,9.627906976744185,43,0.0008066357487488725,0.0006992458301059118,2,2,0.0,0.0007792490008465001,0.03
Jammu_Central_I_1 (Jammu & Kashmir),,unknown,15.348837209302326,43,0.0008066357487488725,0.0008183101281651369,3,3,0.5,0.0007786081506033579,0.03
Yellareddy_JKRoad_D (Telangana),,unknown,12.631578947368421,38,0.0016110256439049405,0.000534005983852609,1,1,0.0,0.0007769110601686973,0.03
SikandraRao_JydevNGR_D (Uttar Pradesh),,unknown,10.68421052631579,19,0.0004064995002975756,0.00022524772290535096,1,1,0.0,0.0007724501273578606,0.03
Nandikotkr_UmarDPP_D (Andhra Pradesh),,pickup_point,12.416666666666666,24,0.0008028926594275319,0.00040893872592686443,1,1,0.0,0.0007695659934767253,0.03
Pilibhit_ViksClny_D (Uttar Pradesh),,sorting_center,6.333333333333333,27,0.001614394424294147,0.0015274423111700055,2,2,0.6666666666666666,0.0007607443525121053,0.03
AurngbadBR_Mahindra_D (Bihar),Aurangabad,unknown,12.238095238095237,21,0.0008066357487488725,0.0009078617682754649,2,2,0.0,0.0007606146225436302,0.03
Gandhidham_Sector1A_IP (Gujarat),,unknown,11.10909090909091,55,0.0020167765263382482,0.0005604411855424494,2,2,0.3333333333333333,0.000757963171278395,0.03
Dahod_DC (Gujarat),,fulfillment_center,28.772727272727273,22,0.00040275641097623513,0.00043304240413833366,1,1,0.0,0.0007463457363597871,0.03
Contai_Kanakpur_D (West Bengal),Bengaluru,unknown,18.625,8,0.0008096302202059448,0.0004729535818112745,1,1,0.0,0.0007434014486632911,0.03
Jagtial_Aravind_D (Telangana),,unknown,9.666666666666666,18,0.00201415636381331,0.000610943524935552,3,1,0.3333333333333333,0.0007421496091047325,0.03
Patan_Central_D_2 (Gujarat),Patna,unknown,6.833333333333333,36,0.0012071463061323032,0.000418700680328714,1,2,0.3333333333333333,0.0007397108798840003,0.03
Sambhal_Khwssrai_D (Uttar Pradesh),,unknown,9.727272727272727,22,0.001203777525743097,0.0003660687174262725,1,1,1.0,0.0007344433029691671,0.03
Draksharamam_Anaipeta_D (Andhra Pradesh),,unknown,19.208333333333332,24,0.0008092559112738108,0.0009931166701770324,2,2,1.0,0.0007321501992397884,0.03
Haveri_GuttalRD_D (Karnataka),,unknown,6.708333333333333,120,0.0008062614398167383,0.0014629887053006657,2,2,0.6666666666666666,0.0007306998639182636,0.03
Bodhan_SuryaDPP_D (Telangana),,pickup_point,7.868421052631579,38,0.0016042880831265277,0.00042705504603012223,1,1,0.0,0.0007294127214985648,0.03
Domkal_Central_D_2 (West Bengal),Bengaluru,unknown,19.042857142857144,70,0.0004023821020441011,0.0006973863411384246,2,1,0.0,0.0007289891732857175,0.03
Benipatti_WardNo1_D (Bihar),,unknown,15.0,3,0.0012138838669107162,0.0009380266621304659,1,1,1.0,0.0007283453700555819,0.03
Medchal_MROoffce_D (Telangana),,fulfillment_center,14.333333333333334,12,0.00040537657350117346,0.0009915773220280583,3,1,0.3333333333333333,0.0007272811125308248,0.03
Ghaziabad_Central_L_8 (Uttar Pradesh),Ghaziabad,gateway_hub,6.9411764705882355,17,0.0014377206083268765,0.0004511448409864152,2,2,1.0,0.0007261872295352855,0.03
Mumbai_Chndivli_PC (Maharashtra),Mumbai,unknown,11.745967741935484,248,0.0005569716910154627,0.0004163243493193612,3,1,0.0,0.0007253000350928874,0.03
Malemruvathur_Achipkam_D (Tamil Nadu),,transit_hub,6.913461538461538,104,0.00040500226456903943,0.000479310778758898,1,1,1.0,0.0007250156700545553,0.03
Shevgaon_VidyaNgr_D (Maharashtra),,unknown,10.7,10,0.0012105150865215097,0.0005040394634079585,1,1,0.0,0.0007217029311119872,0.03
Patiala_GainMrkt_L (Punjab),,unknown,20.23076923076923,13,0.001204900452539499,0.00042918645325944405,2,3,0.16666666666666666,0.0007214261933306319,0.03
Sinnar_Central_D_1 (Maharashtra),,unknown,5.37037037037037,54,0.0008021440415632639,0.00028836922655595267,1,2,0.0,0.0007208146337038709,0.03
Hindupur_Parigi_D (Andhra Pradesh),,unknown,11.625,72,0.0008028926594275319,0.00048508585689233195,1,2,0.0,0.0007182508626017477,0.03
Sirsi_Vidygiri_D (Karnataka),,unknown,11.93939393939394,33,0.0016031651563301256,0.0004187598568761584,1,2,0.3333333333333333,0.0007066605470086125,0.03
Bellmpalli_BasthDPP_D (Telangana),,last_mile_hub,12.4,10,0.0008028926594275319,0.0007506043097455182,2,2,1.0,0.0007009421777841971,0.03
Dharmanagr_Ranakant_D (Tripura),,unknown,42.8,5,0.0004023821020441011,0.00044100810859858385,1,1,0.0,0.0006944575435250403,0.03
Koppa_Sangetha_D (Karnataka),,pickup_point,36.0,3,0.00040500226456903943,0.0005458148174249911,1,1,1.0,0.0006916335431297034,0.03
Katni_Bargawan_DC (Madhya Pradesh),,fulfillment_center,20.571428571428573,7,0.0008062614398167383,0.0009529930625584905,2,1,0.6666666666666666,0.0006836024398941032,0.03
Nadaun_Ward6_D (Himachal Pradesh),,unknown,45.99290780141844,141,0.0008115017648666151,0.00031323211106665163,1,1,0.0,0.0006833549832189048,0.03
Mumbai_Sanpada_CP (Maharashtra),Mumbai,unknown,18.451612903225808,31,0.00040200779311196707,0.0002611390370803327,1,1,0.0,0.0006818109399829379,0.03
Kolasib_Diakkawn_D (Mizoram),,unknown,29.5,4,0.00040500226456903943,0.0005025862254811184,1,1,1.0,0.0006770891884188673,0.03
Mehkar_SagarDPP_D (Maharashtra),,pickup_point,26.5,4,0.0004023821020441011,0.0003509459653328197,1,1,0.0,0.0006764018562543503,0.03
Kozhikode_Central_H_4 (Kerala),,unknown,10.923076923076923,65,0.002447980416156671,0.0007640568830379745,2,4,0.06666666666666667,0.0006763157196728843,0.03
JhumriTlya_RadhaCpx_D (Jharkhand),,unknown,14.172638436482085,614,0.0008096302202059448,0.00042584040772776884,1,1,0.0,0.0006757777107593691,0.03
Tiruppattur_KoilStrt_D (Tamil Nadu),,pickup_point,15.613636363636363,44,0.000401633484179833,0.000589867939260585,1,2,1.0,0.0006748942084138604,0.03
Krishnanagar_AnadiDPP_D (West Bengal),Bengaluru,pickup_point,20.0,1,0.00040275641097623513,0.00024814953608576375,1,1,0.0,0.0006712653085091886,0.03
Shajapur_MhpraRD_D (Madhya Pradesh),,unknown,12.969696969696969,33,0.0012105150865215097,0.0005661354198843714,1,2,0.3333333333333333,0.0006699772243476174,0.03
Jadcherla_Badeplly_D (Telangana),,fulfillment_center,14.862745098039216,51,0.0008096302202059448,0.0004904196005235482,1,2,0.3333333333333333,0.0006636108187158705,0.03
Cuddapah_DC (Andhra Pradesh),,fulfillment_center,17.0,4,0.0012105150865215097,0.0006514244703064825,1,1,0.0,0.0006586266577292738,0.03
Padrauna_BawliDPPP_D (Uttar Pradesh),,pickup_point,11.962962962962964,27,0.0004106168985510501,0.0008972457769097805,2,2,0.3333333333333333,0.0006517284784010544,0.03
Pakur_Hatpada_D (Jharkhand),,unknown,14.640625,64,0.0008096302202059448,0.0005665554310261054,1,1,0.0,0.0006498919953996411,0.03
Shamli_KarnalRd_D (Uttar Pradesh),,unknown,9.285714285714286,14,0.0008062614398167383,0.0006165041393943176,1,1,0.0,0.0006495510122540856,0.03
Kanchipuram_DC (Tamil Nadu),,fulfillment_center,14.15625,32,0.000401633484179833,0.0003770845445241307,1,2,1.0,0.0006472187919729117,0.03
Chetpet_Blmrgnst_D (Tamil Nadu),,last_mile_hub,28.025641025641026,39,0.00040500226456903943,0.00029799842883346863,1,1,0.0,0.0006444948664424073,0.03
Narsinghgarh_Central_D_1 (Madhya Pradesh),,gateway_hub,10.545454545454545,22,0.001203777525743097,0.0004717125546719593,1,1,0.0,0.0006431062279479254,0.03
Chandigarh_Kharar_DC (Chandigarh),Chandigarh,fulfillment_center,9.1,80,0.0008028926594275319,0.00033850635432865835,1,2,0.3333333333333333,0.0006407553584991294,0.03
Sahatwar_PnchmDPP_D (Uttar Pradesh),,pickup_point,31.0,5,0.00041960031292226726,0.0004462716547306817,1,1,0.0,0.0006394129731973277,0.03
Mangaldoi_LNBRoad_D (Assam),,unknown,25.88888888888889,9,0.000401633484179833,0.00035421262988452937,1,1,1.0,0.0006359591044094511,0.03
Karnal (Haryana),,unknown,27.09090909090909,11,0.000401633484179833,0.0004668305605659217,2,3,0.6666666666666666,0.0006359471389672039,0.03
Almora_SuzkiSrv_D (Uttarakhand),,last_mile_hub,38.888888888888886,36,0.0008088816023416767,0.00039316384569287145,1,3,1.0,0.0006310417505701086,0.03
Chennai_Vepmpttu_DC (Tamil Nadu),Chennai,fulfillment_center,10.5,26,0.000401633484179833,0.0003772113948351103,1,2,1.0,0.0006239859844827647,0.03
Shahdol_Sohagpur_D (Madhya Pradesh),,unknown,13.7,20,0.0016110256439049405,0.0005224400251981628,2,2,0.3333333333333333,0.0006212613399987631,0.03
Shrirampur_DavkharRd_D (Maharashtra),,unknown,6.872727272727273,55,0.0008051385130203362,0.0008805183480171396,4,3,0.6,0.0006208884933696236,0.03
Hisar_AgrohDPP_D (Haryana),,pickup_point,22.29032258064516,31,0.00041173982534745227,0.0006652845191173946,2,2,0.3333333333333333,0.0006202774973972889,0.03
Tezu_Farmnala_D (Arunachal Pradesh),,unknown,15.882352941176471,17,0.0008062614398167383,0.000778165824733196,1,2,0.6666666666666666,0.0006202376667050818,0.03
Mansa_GreenVly_D (Punjab),Manesar,unknown,16.8,5,0.0008062614398167383,0.00039607837068508534,1,1,0.0,0.0006202224668395303,0.03
Ramgarh_HotelPrk_D (Jharkhand),,unknown,10.761904761904763,42,0.0008028926594275319,0.0002773602669855,1,1,0.0,0.0006162114690108787,0.03
Jiyanpur_Central_DPP_1 (Uttar Pradesh),,pickup_point,26.0,2,0.00041772876826159705,0.0006149111598567777,1,1,0.0,0.0006161180992281665,0.03
Amreli_Rajula_DC (Gujarat),,fulfillment_center,24.136363636363637,22,0.00040313071990836916,0.0021006253469998417,2,1,0.0,0.0006159874836386971,0.03
Murbad_SnkunDPP_D (Maharashtra),,pickup_point,13.148148148148149,27,0.000401633484179833,0.00033792419360870716,1,1,1.0,0.0006131335330672878,0.02
Panipat (Haryana),,unknown,23.0,19,0.0008025183504953979,0.0005700928515030563,2,2,1.0,0.0006102911468624586,0.02
Shoranur_KdrShrRd_D (Kerala),,unknown,5.733333333333333,30,0.0012105150865215097,0.0005784294817955195,1,1,0.0,0.000605382611115103,0.02
Honnavar_Prbhtngr_D (Karnataka),,unknown,15.75,12,0.0007123098978510925,0.0006798169557180461,2,3,0.3333333333333333,0.0006037317454377073,0.02
Ratnagiri_MjgaonRd_D (Maharashtra),,unknown,36.0625,32,0.000401633484179833,0.0005680345079637856,1,1,1.0,0.0006009723072111264,0.02
Seoni_Kidwai_D (Madhya Pradesh),,unknown,9.848484848484848,33,0.0012067719972001692,0.0009049475749459276,3,2,0.6666666666666666,0.0005923222298327107,0.02
Amreli_MrktYrd_DC (Gujarat),,fulfillment_center,13.625,24,0.0008055128219524703,0.0004341218570278557,1,1,0.0,0.0005898479497584018,0.02
Asangaon_Shahapur_D (Maharashtra),,unknown,12.081632653061224,49,0.00040500226456903943,0.0004091350027335714,1,1,1.0,0.0005852007126198427,0.02
Naraingarh_Ward2DPP_D (Haryana),,pickup_point,5.147540983606557,61,0.000401633484179833,0.0003669969413840402,1,2,1.0,0.0005836889545540189,0.02
Thirumalagiri_Xroad_D (Telangana),,transit_hub,14.044117647058824,68,0.0008096302202059448,0.0005561157324797776,2,1,0.6666666666666666,0.000581792487615772,0.02
Vikarabad_Central_DPP_2 (Telangana),,pickup_point,5.483870967741935,31,0.0008051385130203362,0.0004349044077834037,1,2,0.6666666666666666,0.0005715873795718359,0.02
Yellandu_Sudimala_D (Telangana),,unknown,10.645833333333334,48,0.0012105150865215097,0.0004699516179128823,1,1,0.0,0.0005688807571612983,0.02
Salempur_Banjaria_D (Uttar Pradesh),,unknown,19.785714285714285,14,0.00042334340224360774,0.0007188628404648143,1,3,0.0,0.00056412027791259,0.02
Ashta_ShantiNg_D (Madhya Pradesh),,unknown,30.0,43,0.00040500226456903943,0.000627293097305547,1,1,1.0,0.0005613836439732143,0.02
Malerkotla_DC (Punjab),,fulfillment_center,7.6,5,0.0008055128219524703,0.0005438310510431257,2,2,0.16666666666666666,0.0005601747594981341,0.02
Kapurthala_DC (Punjab),,fulfillment_center,9.75,4,0.0008028926594275319,0.0007748458092116662,1,2,0.6666666666666666,0.0005597546384467999,0.02
Hyd_Trimulgherry_Dc (Telangana),,gateway_hub,16.0,3,0.00040125917524769895,0.0004229194394321664,1,2,1.0,0.0005568077849771319,0.02
Satara_DC (Maharashtra),,fulfillment_center,6.583333333333333,24,0.0018614383195026184,0.0004567795171037704,1,2,0.3333333333333333,0.0005527715708170092,0.02
HBR Layout PC (Karnataka),,unknown,9.605263157894736,190,0.0008070100576810065,0.0005862905398751353,4,3,0.3,0.0005504137959368152,0.02
Sindhanur_VasaviNg_D (Karnataka),,unknown,9.333333333333334,6,0.00040275641097623513,0.00031122475941206576,1,1,0.0,0.0005497744517683068,0.02
Kallachi_ZamQuatr_D (Kerala),,unknown,4.970588235294118,34,0.0012262360616711397,0.0006639679482203255,1,1,0.0,0.000549380196976331,0.02
Jasai_JNPT_D (Maharashtra),,unknown,10.26086956521739,23,0.0004042536467047713,0.00032772742719793137,2,1,1.0,0.0005487168634682964,0.02
Chhatarpur_Busstand_D (Madhya Pradesh),,unknown,12.277777777777779,36,0.0011925482577790755,0.0004250378851532375,2,1,0.6666666666666666,0.0005436471386737923,0.02
Chennai_Potheri (Tamil Nadu),Chennai,transit_hub,14.222222222222221,27,0.00040537657350117346,0.0006837859531365513,2,2,0.3333333333333333,0.0005406026163587142,0.02
Arimbur_Veluthur_D (Kerala),,transit_hub,5.4,55,0.001203777525743097,0.0004876090233955052,1,1,0.0,0.0005398288352109208,0.02
Sindagi_KalyanNg_D (Karnataka),,unknown,8.701923076923077,104,0.00040125917524769895,0.0006203902780099541,2,2,0.0,0.0005313394565035426,0.02
Forbesganj_JhumanCk_D (Bihar),,unknown,27.8,5,0.0004042536467047713,0.0003965405171454257,2,2,0.6666666666666666,0.0005299736446738998,0.02
Ghatkesar_Central_D_1 (Telangana),,gateway_hub,5.333333333333333,3,0.00040575088243330755,0.00022524772290535096,1,1,0.0,0.0005274870467069204,0.02
Udala_NagplDPP_D (Orissa),,pickup_point,10.375,8,0.0008096302202059448,0.0013382612062200687,2,2,1.0,0.0005251538666310461,0.02
Kottayam_Central_H_1 (Kerala),,unknown,3.6956521739130435,46,0.0016162659689548172,0.0022755764359150203,3,1,0.0,0.0005247437592674959,0.02
GanjBasoda_MnRDDPP_D (Madhya Pradesh),,pickup_point,19.6,5,0.00040762242709397776,0.00022524772290535096,1,1,0.0,0.000524104026843249,0.02
Narktiganj_Central_DPP_2 (Bihar),,pickup_point,26.26153846153846,130,0.00040500226456903943,0.0006503262038395445,1,2,1.0,0.0005234244064125445,0.02
Simlapal_Central_D_1 (West Bengal),Bengaluru,unknown,11.333333333333334,3,0.0008096302202059448,0.0006659384810028138,1,1,0.0,0.0005217724789287066,0.02
Vadakara_Mandodi_D (Kerala),Vadodara,unknown,6.617647058823529,34,0.0008193622524414301,0.0006373950975056929,3,1,0.3333333333333333,0.0005215344505583299,0.02
Chodavaram_BaljiDPP_D (Andhra Pradesh),,pickup_point,12.5625,16,0.00040537657350117346,0.0005039228877116312,2,1,0.0,0.000520112785682117,0.02
Bengaluru_Hoodi_IP (Karnataka),Bengaluru,unknown,12.541353383458647,133,0.0008107531470023469,0.0006606463062579479,4,2,0.5,0.0005180744747297519,0.02
CCU_DumDum_DPC (West Bengal),Bengaluru,unknown,15.76923076923077,13,0.00040537657350117346,0.0004896876701157116,2,1,0.0,0.000518027558407036,0.02
Gundlupet_Swamylyt_D (Karnataka),,unknown,11.35,20,0.0008118760737987491,0.0005335678423260532,1,1,0.0,0.0005167195826249369,0.02
NeemKaThana_War5DPP_D (Rajasthan),,pickup_point,20.285714285714285,14,0.0008070100576810065,0.0004830855146135761,1,2,0.0,0.0005161916027771981,0.02
Teok_Wardno3_D (Assam),,unknown,21.833333333333332,6,0.0004023821020441011,0.0005134181623541664,1,1,0.0,0.0005125380392849837,0.02
Pachore_Shop3DPP_D (Madhya Pradesh),,pickup_point,13.973684210526315,38,0.0012071463061323032,0.0005227401211006848,1,1,0.0,0.0005124839832424821,0.02
Sangola_Central_DPP_2 (Maharashtra),,pickup_point,10.583333333333334,12,0.00040500226456903943,0.00047407999985902877,1,1,1.0,0.0005118712537128471,0.02
Fazilka_GndhiChk_D (Punjab),,intercity_hub,17.0,3,0.00040500226456903943,0.00039956136820768634,1,1,1.0,0.0005081042491296837,0.02
Srisailam_Sishumdr_D (Andhra Pradesh),,unknown,25.649350649350648,77,0.0008096302202059448,0.0005210185328055614,1,1,0.0,0.0005046273041621288,0.02
Mahadevpur_Kataram_D (Telangana),,unknown,17.0,3,0.00040313071990836916,0.0005542458812552135,1,1,0.0,0.0005039238125384557,0.02
Mananthavady_Central_D_1 (Kerala),,transit_hub,12.526315789473685,19,0.0004061251913654416,0.0007232713548651138,2,1,1.0,0.0004999118039282611,0.02
Manthuka_Central_D_1 (Kerala),,transit_hub,28.4,5,0.00040575088243330755,0.00022524772290535096,1,1,0.0,0.0004967121515639621,0.02
Orai_Ajnari_D (Uttar Pradesh),,unknown,8.261904761904763,42,0.0016110256439049405,0.0006068863731010676,1,1,0.0,0.0004959609864845524,0.02
Godhra_DC (Gujarat),,fulfillment_center,11.206349206349206,63,0.0008047642040882022,0.00036598368569965267,1,1,0.0,0.0004920137563767969,0.02
Mussoorie_BrlwgDPP_D (Uttarakhand),,pickup_point,39.8,15,0.00040575088243330755,0.00022524772290535096,1,1,0.0,0.0004912228677033313,0.02
Tandur_SnthiNGR_D (Telangana),,transit_hub,6.4,20,0.0008017697326311298,0.00036815777308203516,1,1,1.0,0.0004890254141232546,0.02
Patiala (Punjab),,unknown,8.0,22,0.0008051385130203362,0.0004374357987795528,2,2,0.0,0.00048612174142817054,0.02
Soraon_BypassRD_D (Uttar Pradesh),,unknown,6.722222222222222,36,0.0008062614398167383,0.0006546073158665295,1,1,0.0,0.0004838768176525362,0.02
Kadaba_AnugrDPP_D (Karnataka),,pickup_point,28.627118644067796,59,0.0008096302202059448,0.0003995836503201772,1,1,0.0,0.00048286031657363297,0.02
Guna_Raghogrh_D (Madhya Pradesh),,gateway_hub,17.61320754716981,106,0.0008118760737987491,0.0004206654610182427,1,2,0.3333333333333333,0.0004797510981058434,0.02
Shahabad_KDRoad_D (Uttar Pradesh),,unknown,19.25,4,0.00040313071990836916,0.00045540381765243404,1,1,0.0,0.00047798984971720237,0.02
Bharatpur_NraynDPP_D (Rajasthan),,pickup_point,12.333333333333334,18,0.0008017697326311298,0.00033901901935598505,1,2,0.6666666666666666,0.0004773424782394986,0.02
Tekkali_AmvdiDPP_D (Andhra Pradesh),,pickup_point,10.238095238095237,42,0.0012071463061323032,0.0009361056668109735,2,2,0.6666666666666666,0.00047612856592720156,0.02
Tiruvalla_TKRoad_D (Kerala),,unknown,3.8636363636363638,22,0.001212760940114314,0.00205792776083555,1,2,0.3333333333333333,0.0004732322176843529,0.02
Shikohabad_Katrmira_D (Uttar Pradesh),,unknown,22.466666666666665,15,0.000401633484179833,0.00020223219479475574,1,1,1.0,0.00047255880011833664,0.02
Ghatampur_StatinRD_D (Uttar Pradesh),,gateway_hub,6.0,40,0.0004023821020441011,0.00032462598110653097,1,1,0.0,0.0004714917579313538,0.02
BariSadri_BhmprDPP_D (Rajasthan),,pickup_point,12.333333333333334,27,0.0008096302202059448,0.0005571189207511808,1,1,0.0,0.0004708027842491378,0.02
Amalapuram_Vijdurg_D (Andhra Pradesh),,unknown,22.85,20,0.00040537657350117346,0.0017909351122327474,3,2,0.6666666666666666,0.00046728434127235705,0.02
Kurukshetra_DC (Haryana),,fulfillment_center,5.454545454545454,44,0.0012071463061323032,0.00036924911790253804,1,1,0.0,0.0004671922012319074,0.02
Gangavathi_PhrmPlza_D (Karnataka),,transit_hub,6.205128205128205,78,0.000401633484179833,0.0003865253814227946,1,2,1.0,0.0004648056474993631,0.02
Shillong (Meghalaya),,gateway_hub,42.55555555555556,9,0.000401633484179833,0.00038342580286316154,1,2,1.0,0.00046141348383413035,0.02
Karkala_MarketRd_D (Karnataka),,unknown,9.423076923076923,52,0.00040500226456903943,0.00039012678682887373,1,1,0.0,0.00046009834000187495,0.02
Banswara_KhandDPP_D (Rajasthan),,pickup_point,7.5,14,0.0012026545989466948,0.0004506094126098632,1,1,1.0,0.00045895192839152124,0.02
Chikmagalur_DC (Karnataka),,fulfillment_center,12.117647058823529,17,0.000401633484179833,0.0008367485835302528,2,1,0.3333333333333333,0.0004577592857934966,0.02
Hyderabad_Tolichwk_I (Telangana),Hyderabad,intercity_hub,12.95,20,0.00040200779311196707,0.00040706595395731176,1,2,0.0,0.0004512378162327481,0.02
Mumbai_CottonGreen_DPC (Maharashtra),Mumbai,unknown,16.40909090909091,66,0.00040537657350117346,0.0006128280336339095,3,2,0.3333333333333333,0.000448899856095908,0.02
Markapur_VidyaNgr_D (Andhra Pradesh),,unknown,13.595238095238095,42,0.0008055128219524703,0.0006392951397758886,2,1,0.3333333333333333,0.00044849742225530116,0.02
Nandurbar_DhuleRd_D (Maharashtra),,unknown,17.785714285714285,28,0.00041361137000812254,0.0011315383551444315,4,3,0.5,0.000447598912417996,0.02
Sujanpur_SainkSCL_D (Himachal Pradesh),,sorting_center,30.88888888888889,9,0.0004061251913654416,0.0002252477229053509,1,1,0.0,0.00044676540409830566,0.02
Pangodu_Central_D_1 (Kerala),,unknown,11.777777777777779,9,0.0008178650167128938,0.0006434001340567753,1,1,0.0,0.00044613584550624874,0.02
Chennai_Sholinganallur_Dc (Tamil Nadu),Chennai,fulfillment_center,12.214285714285714,14,0.00040537657350117346,0.0005635126449768177,2,1,0.0,0.000445635471907267,0.02
Machilipatnam_DC (Andhra Pradesh),,fulfillment_center,19.285714285714285,21,0.00040500226456903943,0.0008651315808530576,2,2,0.6666666666666666,0.0004450599864665893,0.02
Narpatganj_Central_DPP_1 (Bihar),,pickup_point,14.117647058823529,34,0.00040125917524769895,0.0003961735772014291,2,2,0.6666666666666666,0.0004448330690524314,0.02
Bongaon_SukntDPP_D (West Bengal),Bengaluru,pickup_point,20.166666666666668,6,0.0004023821020441011,0.0003405392076800576,1,1,0.0,0.00044263860448571184,0.02
Thirthahalli_NadthiCx_D (Karnataka),,transit_hub,22.0,1,0.000401633484179833,0.0004986645173868378,1,1,1.0,0.0004417998756320049,0.02
Firozabad_Sudmpuri_D (Uttar Pradesh),,unknown,17.583333333333332,132,0.00040500226456903943,0.0004708613547885942,2,1,0.6666666666666666,0.000439558364339887,0.02
Fatepur_NH117_D (West Bengal),Bengaluru,unknown,7.919354838709677,62,0.000401633484179833,0.00042277480243536355,1,1,1.0,0.0004373492891715192,0.02
Sidhmukh_MnbzrDPP_D (Rajasthan),,pickup_point,30.0,2,0.00040500226456903943,0.0004876925581735645,1,1,1.0,0.0004339369754634002,0.02
Pushpavanam_Thmpulam_D (Tamil Nadu),,transit_hub,7.439024390243903,82,0.00040500226456903943,0.0005871165331276099,1,1,1.0,0.0004338395132900498,0.02
Medak_Dwaraka_D (Telangana),,unknown,7.631578947368421,38,0.001614394424294147,0.0005759279495444828,1,1,0.0,0.00043083061550868026,0.02
Tarkeshwar_Naraynpr_D (West Bengal),Bengaluru,unknown,14.416666666666666,12,0.0016095284081764044,0.000394068416013022,1,1,0.0,0.000430827228226058,0.02
Faridpur_ShjnprRD_D (Uttar Pradesh),,unknown,25.973684210526315,38,0.00040500226456903943,0.0011782787226576968,3,1,0.6666666666666666,0.0004251335076206523,0.02
Tiptur_YTRd_D (Karnataka),,unknown,17.176470588235293,17,0.00040500226456903943,0.0010081762115743914,2,3,0.3333333333333333,0.0004247137083409956,0.02
Kaghaznagar_Central_DPP_1 (Telangana),,gateway_hub,10.0,10,0.0008062614398167383,0.000322302677161455,1,3,1.0,0.000424309036394819,0.02
Chincholi_Mainroad_D (Karnataka),,unknown,20.96969696969697,99,0.00040125917524769895,0.0005883729315096984,2,2,0.0,0.0004238084387886765,0.02
Jaynagar_Wardno6_D (Bihar),,unknown,26.333333333333332,21,0.00040500226456903943,0.0004177819934636462,1,1,1.0,0.000421938381391092,0.02
Sirohi_Ricco_D (Rajasthan),,transit_hub,7.25,4,0.0012093921597251076,0.00048192608656881557,1,1,0.0,0.0004212315240918683,0.02
Jalore_RoopNgr_D (Rajasthan),,transit_hub,7.0,6,0.0020119105102205056,0.0003551172718477597,1,1,0.0,0.0004206895827756763,0.02
Chennai_Madhavaram_L (Tamil Nadu),Chennai,unknown,9.863636363636363,44,0.00040200779311196707,0.0003183700202051971,1,2,0.0,0.0004194435424551735,0.02
Sumerpur_BazarDPP_D (Rajasthan),,pickup_point,14.0,1,0.0008070100576810065,0.0005310181732681782,1,1,0.0,0.00041845254176045755,0.02
Dholpur_GtRoad_D (Rajasthan),,transit_hub,18.3125,48,0.0008107531470023469,0.00056808731064402,3,2,0.3333333333333333,0.00041743392191286044,0.02
Paota_SmClyDPP_D (Rajasthan),Patna,pickup_point,12.333333333333334,21,0.0004061251913654416,0.00022524772290535096,1,2,0.3333333333333333,0.00041693609431236946,0.02
Raniganj_Central_DPP_1 (Bihar),,pickup_point,6.0,18,0.0012026545989466948,0.0005000476097387462,2,2,0.5,0.0004147598985576561,0.02
Lalitpur_RjghatRd_D (Uttar Pradesh),,gateway_hub,70.4,5,0.00040575088243330755,0.00022524772290535096,1,2,0.3333333333333333,0.00041367874717868487,0.02
Sullia_Srirampt_D (Karnataka),,unknown,18.285714285714285,7,0.0008062614398167383,0.00032679861168155816,1,1,0.0,0.00041348734036987175,0.02
Kaliyaganj_Central_DPP_1 (West Bengal),Bengaluru,pickup_point,6.8,15,0.0004106168985510501,0.0007408406628348844,2,1,0.3333333333333333,0.00041065932261914533,0.02
Bailhongal_NamoNagr_D (Karnataka),,unknown,22.63888888888889,36,0.0004064995002975756,0.00022524772290535096,1,1,0.0,0.0004066002970989278,0.02
Hyderabad_Chikdply_I (Telangana),Hyderabad,unknown,11.892857142857142,56,0.00040537657350117346,0.0005336330435724125,2,1,0.0,0.00040553293539007275,0.02
Meerut (Uttar Pradesh),Meerut,unknown,32.46666666666667,15,0.00040500226456903943,0.0008147737932269668,3,1,0.6666666666666666,0.0004050441085450458,0.02
Delhi_Lajpat_IP (Delhi),Delhi,unknown,5.846153846153846,13,0.0004023821020441011,0.0024050074435572094,3,1,0.3333333333333333,0.00040241813220828407,0.02
Kapadvanj_Busstand_D (Gujarat),,unknown,11.285714285714286,7,0.0004023821020441011,0.00037772594768331554,1,1,0.0,0.0004024015029017381,0.02
Anakapalle_Kothuru_D (Andhra Pradesh),,transit_hub,7.16,25,0.000401633484179833,0.0004573148513456033,2,1,1.0,0.0004017026440477548,0.02
Kathua_BOB_D (Jammu & Kashmir),,transit_hub,12.616438356164384,73,0.0008010211147668617,0.0005738961508736992,2,4,0.8333333333333334,0.0004014681922952917,0.02
Nagamangala_MandyaRD_D (Karnataka),,unknown,9.058823529411764,34,0.001203777525743097,0.00027317956185299633,1,1,0.0,0.0004013531450097125,0.02
Nandyal_SrnvsNgr_D (Andhra Pradesh),,unknown,15.566666666666666,30,0.000401633484179833,0.00036962163565985173,1,1,1.0,0.00040122175129717497,0.02
Sitamau_Central_DPP_1 (Madhya Pradesh),,pickup_point,22.033333333333335,30,0.00040500226456903943,0.0005070216702647703,1,1,1.0,0.00040078958635795007,0.02
Atapadi_Vidyangr_D (Maharashtra),,unknown,7.785714285714286,14,0.000401633484179833,0.00041426637467822214,1,1,1.0,0.000396244210817952,0.02
Shahganj_KcharaRD_D (Uttar Pradesh),,unknown,13.142857142857142,14,0.0004046279556369054,0.0003673437183418035,1,1,0.0,0.00038852641085756063,0.02
ChandroknaRD_Central_DPP_3 (West Bengal),Bengaluru,pickup_point,22.058823529411764,34,0.000401633484179833,0.0006079284567962162,2,2,1.0,0.00038783217115444604,0.02
Deesa_HawaiPlr_DC (Gujarat),,fulfillment_center,17.661538461538463,65,0.00040500226456903943,0.0005965927922367128,1,1,1.0,0.00038704103972782533,0.02
Visakhapatnam_VislkNgr_DC (Andhra Pradesh),Visakhapatnam,fulfillment_center,5.166666666666667,36,0.000401633484179833,0.0003926809528417225,1,2,0.0,0.000385755054385507,0.02
Kakinada_DC (Andhra Pradesh),,fulfillment_center,16.571428571428573,63,0.000401633484179833,0.0005877722518860771,2,2,1.0,0.0003822073881666547,0.02
Hajo_Sardala_D (Assam),,unknown,16.0,2,0.00040537657350117346,0.00042000117589044666,2,1,0.0,0.0003815361485687985,0.02
Puttur_Darbe_DC (Karnataka),,fulfillment_center,10.166666666666666,12,0.0008028926594275319,0.0002411656790445813,1,1,0.0,0.00037956251534455263,0.02
Falna_SbhRDDPP_D (Rajasthan),,pickup_point,29.4,10,0.0004038793377726373,0.0005729065155702523,1,1,0.0,0.00037927867126401566,0.02
Bijnapally_nagar_D (Telangana),,unknown,6.7631578947368425,38,0.0008062614398167383,0.0004335984247412054,1,1,0.0,0.00037812628610535973,0.02
Khanapur_StatinRD_D (Karnataka),,unknown,24.15625,32,0.00040500226456903943,0.0008909845997244382,1,2,1.0,0.0003774819957587456,0.02
Kolar_Ambedkar_D (Karnataka),,unknown,4.481481481481482,54,0.0008013954236989958,0.00028853221359752653,2,2,0.5,0.00037742064039479595,0.02
Kunnathund_Pringla_D (Kerala),,transit_hub,8.807692307692308,26,0.00040500226456903943,0.00046804744946560804,1,1,1.0,0.00037131856128349623,0.02
Baripada_KalikDPP_D (Orissa),,pickup_point,16.4,5,0.00040500226456903943,0.0012948658691632779,3,1,0.6666666666666666,0.00036979741146877707,0.02
Pthnmthitt_Klskhrpt_D (Kerala),,transit_hub,5.433333333333334,30,0.0008223567238985024,0.0002656591941990411,1,1,1.0,0.00036945155461663373,0.02
Sitamari_Durma_D (Bihar),,unknown,17.725,40,0.00040500226456903943,0.0007859099143184904,2,1,0.6666666666666666,0.000357746690833696,0.01
Manvi_APMCYard_D (Karnataka),,unknown,4.0,4,0.0008047642040882022,0.00022283531508768842,1,1,0.0,0.0003576828339986356,0.01
Sangareddy_Pothredy_D (Telangana),,transit_hub,7.0,7,0.00040575088243330755,0.00022524772290535096,1,1,0.0,0.0003570779922307218,0.01
Jahu_Sulgwan_D (Himachal Pradesh),,gateway_hub,31.8125,32,0.0004061251913654416,0.00022524772290535096,1,1,0.0,0.0003564497250517042,0.01
Chittapur_GlbrgaRD_D (Karnataka),,unknown,6.11864406779661,59,0.0004046279556369054,0.000653412299254572,2,2,0.0,0.00035525858423193736,0.01
Kalpakkam_Sadras_D (Tamil Nadu),,unknown,22.37142857142857,35,0.00040500226456903943,0.0003634495537068931,1,1,0.0,0.0003533850195964942,0.01
Etah_CivlLine_D (Uttar Pradesh),,unknown,2.48,25,0.0008122503827308832,0.00031323211106665163,1,1,0.0,0.00035203577473088426,0.01
Marakkanam_MJRDPP_D (Tamil Nadu),,pickup_point,13.454545454545455,11,0.000401633484179833,0.00028355820780098003,1,1,0.0,0.0003514559252065037,0.01
Khatauli_TilakNgr_D (Uttar Pradesh),,unknown,26.75,4,0.00040575088243330755,0.00022524772290535096,1,2,0.3333333333333333,0.00034907672661162404,0.01
JognderNgr_Dhelu_D (Himachal Pradesh),,unknown,20.0,12,0.0008115017648666151,0.00031323211106665163,1,1,0.0,0.00034513246435723496,0.01
Osmanabad_Kakdepot_D (Maharashtra),,unknown,10.11111111111111,54,0.000401633484179833,0.0007189496866631281,2,2,0.6666666666666666,0.0003444445883760375,0.01
Moodbidri_MrdiVlge_D (Karnataka),,unknown,6.894736842105263,19,0.000401633484179833,0.00031569063754967926,1,1,0.0,0.00034430232486810307,0.01
Manuguru_AskNagar_D (Telangana),,unknown,16.055555555555557,72,0.00040125917524769895,0.0002961929370826092,2,1,0.6666666666666666,0.0003391866899907945,0.01
Bhadaur_BChwkDPP_D (Punjab),,pickup_point,12.666666666666666,3,0.00040500226456903943,0.00045729089546184054,1,1,1.0,0.000335181213818682,0.01
Akbarpur_NehruNGR_D (Uttar Pradesh),,unknown,5.538461538461538,26,0.0016042880831265277,0.000527507325773596,1,1,0.0,0.00033486790663928386,0.01
Bishnupur_StnRdDPP_D (West Bengal),Bengaluru,pickup_point,11.755102040816327,49,0.00040500226456903943,0.000574725917942005,2,1,1.0,0.00033468000621402367,0.01
Radhanpur_Santalpr_D (Gujarat),,unknown,5.5,16,0.0012138838669107162,0.0005636043997264596,2,1,0.3333333333333333,0.00032992476153256096,0.01
Khambhat_MotvdDPP_D (Gujarat),,pickup_point,6.676470588235294,68,0.00040500226456903943,0.0007510139100574591,1,1,1.0,0.0003241535658082147,0.01
Sehore_Mangalam_D (Madhya Pradesh),,unknown,13.266666666666667,30,0.000401633484179833,0.0005947079241314569,1,1,1.0,0.0003236049390171898,0.01
Dhekiajuli_Wardno5_D (Assam),,unknown,27.181818181818183,11,0.00040500226456903943,0.0004229257873478056,1,2,0.6666666666666666,0.0003230137777457767,0.01
Noida_Sector02_C (Uttar Pradesh),Noida,unknown,12.03111111111111,225,0.00039938763058702874,0.0002471701764930862,1,2,0.6666666666666666,0.00032301103480611074,0.01
Mulugu_LaxmiNGR_D (Telangana),,unknown,4.25,4,0.0012071463061323032,0.0004551697220179503,1,1,0.0,0.00031897021019695394,0.01
Narsiptnm_Wardno8_D (Andhra Pradesh),,unknown,10.1875,32,0.00040500226456903943,0.0005106064599198039,1,2,1.0,0.00031507119133610787,0.01
Rupnarayanpur_Salanpur_D (West Bengal),Bengaluru,unknown,55.87755102040816,49,0.00040500226456903943,0.0003713631990172522,1,1,0.0,0.0003122946110615506,0.01
Aland_RazaviRd_D (Karnataka),,unknown,14.37037037037037,81,0.0004046279556369054,0.0006702146428159683,2,2,0.0,0.0003104816970053118,0.01
Dumka_Dudhani_D (Jharkhand),,unknown,12.227272727272727,44,0.0008062614398167383,0.0005227405570700901,1,1,0.0,0.00031019453464371875,0.01
Ashokngr_Bypassrd_D (Madhya Pradesh),,unknown,22.555555555555557,27,0.0004061251913654416,0.0003515691854397219,1,1,1.0,0.0003091975624944128,0.01
Bhinmal_RwStnDPP_D (Rajasthan),,pickup_point,9.333333333333334,6,0.0016110256439049405,0.0004236739853789487,1,1,0.0,0.0003088199088726564,0.01
Bettiah_BypassRd_D (Bihar),,unknown,16.533333333333335,30,0.000401633484179833,0.0006223492208036868,2,1,1.0,0.00030627762379887815,0.01
Mudigere_HesglDPP_D (Karnataka),,pickup_point,13.25,20,0.00040500226456903943,0.0008329925385631859,1,1,1.0,0.0003053807604926646,0.01
RoopNagar_ChotiHvl_DC (Punjab),,fulfillment_center,11.526315789473685,38,0.000401633484179833,0.0002552306952116922,1,1,0.0,0.0003043474296811168,0.01
Madakasira_RTCStand_D (Andhra Pradesh),,unknown,7.5,32,0.000401633484179833,0.0003668218634252726,1,1,0.0,0.0003042453449081589,0.01
Umreth_Dakor_DC (Gujarat),,fulfillment_center,9.166666666666666,42,0.00040500226456903943,0.0006930919420850729,2,1,1.0,0.000303839570776393,0.01
Pavagada_PnukndRD_D (Karnataka),,unknown,8.15625,96,0.00040500226456903943,0.00043385596289774605,1,1,0.0,0.0002996376795365128,0.01
Rajpura_DC (Punjab),Raipur,fulfillment_center,10.304347826086957,23,0.00040537657350117346,0.0006991198634055592,2,3,0.5,0.0002990043125200345,0.01
Madhubani_Bardivan_D (Bihar),,unknown,9.857142857142858,42,0.000401633484179833,0.00034848613995344115,1,1,1.0,0.00029358629932311125,0.01
Bikramgang_Dehrird_D (Bihar),,unknown,8.625,8,0.0008096302202059448,0.0006126745772005304,1,1,0.0,0.0002907468719056071,0.01
Bhadra_GMndiDPP_D (Rajasthan),,pickup_point,15.0,1,0.000401633484179833,0.0004308263090814488,1,1,1.0,0.00028688303612467843,0.01
Kaithal_DC (Haryana),,fulfillment_center,19.071428571428573,42,0.00040313071990836916,0.0004922452891764216,1,1,0.0,0.0002863394988827806,0.01
Suratgarh_Central_DPP_2 (Rajasthan),,pickup_point,2.088888888888889,45,0.0016076568635157342,0.000864504108951799,2,2,0.3333333333333333,0.00028009125762901995,0.01
Kamarpukur_ChatiDPP_D (West Bengal),Bengaluru,pickup_point,11.333333333333334,3,0.00040313071990836916,0.0003261875611482471,1,1,0.0,0.00027583198159999674,0.01
Etawah_MhraChng_D (Uttar Pradesh),,unknown,11.727626459143968,257,0.00040500226456903943,0.00042635040949368406,1,1,0.0,0.00027464068338076543,0.01
Nokha_DeVDPP_D (Rajasthan),,pickup_point,11.555555555555555,9,0.00040500226456903943,0.0005475288867803822,2,1,0.3333333333333333,0.0002739891038810822,0.01
Unjha_DC (Gujarat),,fulfillment_center,6.176470588235294,17,0.001203777525743097,0.00034899241516050787,1,1,0.0,0.00027361783645139034,0.01
Muzaffrngr_MhmodNgr_D (Uttar Pradesh),,unknown,14.458333333333334,24,0.000401633484179833,0.00036987191478835723,1,1,0.0,0.0002704779176197122,0.01
Farrukhbad_Pnchlght_D (Uttar Pradesh),,gateway_hub,9.833333333333334,30,0.0008055128219524703,0.0003924491602909219,2,1,0.3333333333333333,0.0002685597565697178,0.01
Mahabubnagar_DC (Telangana),,fulfillment_center,9.710526315789474,38,0.0008028926594275319,0.0003666228285701668,1,1,0.0,0.0002677009358183019,0.01
Manbazar_Central_DPP_1 (West Bengal),Bengaluru,pickup_point,12.416666666666666,12,0.0008028926594275319,0.0006096785080348926,1,1,0.0,0.0002675181015711729,0.01
Neyatinkra_Arlumodu_D (Kerala),,unknown,5.108108108108108,37,0.0004102425896189161,0.000231943349594617,1,2,0.6666666666666666,0.00026707938870411673,0.01
Pallakad_ChndrNgr_D (Kerala),,unknown,20.53472222222222,144,0.00040500226456903943,0.000479658299281377,1,1,0.0,0.00025982388959106624,0.01
Kopargaon_NkshtrPz_D (Maharashtra),,unknown,8.25,48,0.0004038793377726373,0.0006173847179540034,3,2,0.5,0.0002564150556300736,0.01
Nawanshahr_DC (Punjab),,fulfillment_center,11.333333333333334,12,0.00040125917524769895,0.00034482106328374086,1,2,1.0,0.00025496566595805916,0.01
Sholinghur_ArkonmRD_D (Tamil Nadu),,gateway_hub,20.22222222222222,36,0.00040500226456903943,0.000376452895120321,1,1,0.0,0.0002545852118933516,0.01
Chalakudy_SurbhiTh_D (Kerala),,transit_hub,6.64,25,0.0004061251913654416,0.00022524772290535096,1,2,0.3333333333333333,0.0002543941083256833,0.01
Udupi (Karnataka),,unknown,9.0,6,0.0005172949442092537,0.00042415529792623024,2,1,0.6666666666666666,0.0002529492375050487,0.01
Bagepalli_TBCross_D (Karnataka),,unknown,4.421052631578948,57,0.0004046279556369054,0.0012973778770324583,1,2,0.6666666666666666,0.0002505949958273107,0.01
Ramagundam_Pdmavati_D (Telangana),,unknown,12.176470588235293,17,0.000401633484179833,0.0006065079124703043,2,2,1.0,0.00024959854101995504,0.01
Jhunir_BhaRDDPP_D (Punjab),,pickup_point,17.23404255319149,47,0.0008096302202059448,0.00045863103857167,1,1,0.0,0.00023738223209954278,0.01
Chitradurga_DC (Karnataka),,fulfillment_center,10.766666666666667,30,0.00040500226456903943,0.0006472241200105478,2,1,0.6666666666666666,0.00023028142003780742,0.01
Palanpur_DC (Gujarat),,fulfillment_center,8.578947368421053,19,0.000401633484179833,0.0005579923463778664,2,1,0.6666666666666666,0.00022594840069469263,0.01
Bharatpur_DC (Rajasthan),,fulfillment_center,6.923076923076923,26,0.00040537657350117346,0.0004050380513507203,2,2,0.5,0.0002234577812441334,0.01
Chandigarh_Mullanpr_DC (Chandigarh),Chandigarh,fulfillment_center,7.032258064516129,124,0.0004042536467047713,0.00048844464746255,2,2,0.6666666666666666,0.0002151549909149018,0.01
Ratlam_Khjurwli_DC (Madhya Pradesh),,fulfillment_center,11.823529411764707,68,0.0004061251913654416,0.00022524772290535096,1,2,0.3333333333333333,0.00021373818817147742,0.01
Bngnpalle_Enkndla_D (Andhra Pradesh),,unknown,13.333333333333334,9,0.00040500226456903943,0.00043607143516456053,1,2,0.6666666666666666,0.00021334994408619582,0.01
Ranipet_MBTRd_DC (Tamil Nadu),,fulfillment_center,7.590909090909091,22,0.000401633484179833,0.0002995449558919381,1,1,0.0,0.00020923035875939036,0.01
Barmer_Nehru3PL_D (Rajasthan),,transit_hub,4.151515151515151,99,0.0008028926594275319,0.0002451741392763639,1,3,0.6666666666666666,0.00020818698604044544,0.01
Anand_VUNagar_DC (Gujarat),,fulfillment_center,5.425925925925926,54,0.000401633484179833,0.0007396957563000397,1,1,1.0,0.00020591372061595385,0.01
Auraiya_AryaNagr_D (Uttar Pradesh),,unknown,7.810344827586207,58,0.000401633484179833,0.0003584395385510418,1,1,0.0,0.00020394086098423167,0.01
Dadri_ICDCant_D (Uttar Pradesh),,fulfillment_center,6.794117647058823,34,0.0004064995002975756,0.001211687368175668,2,2,0.0,0.00020385585783787102,0.01
Kirauli_AchneraRD_D (Uttar Pradesh),,unknown,2.6363636363636362,22,0.0004061251913654416,0.00022524772290535096,1,2,0.0,0.0002036769679727276,0.01
Madhupur_Sitarmrd_D (Jharkhand),,unknown,16.846153846153847,39,0.00040350502884050325,0.0004298623556677437,2,3,0.8333333333333334,0.0002019159780996334,0.01
Bhuvanagiri_HBColny_D (Telangana),,unknown,2.4838709677419355,31,0.0008028926594275319,0.00041494989076363875,1,2,0.6666666666666666,0.00019959794293421447,0.01
Malavalli_SulthnRd_D (Karnataka),,transit_hub,8.631578947368421,19,0.0004106168985510501,0.0011835933305139482,2,1,0.3333333333333333,0.0001991130354928343,0.01
Athani_VikrmMah_D (Karnataka),,transit_hub,9.581395348837209,43,0.000401633484179833,0.0003247246453974873,1,2,0.3333333333333333,0.00019890978570292567,0.01
Dharmapuri_Central_D_2 (Tamil Nadu),,unknown,13.955555555555556,45,0.00040537657350117346,0.0003592622056651398,2,2,0.3333333333333333,0.0001949186789026757,0.01
Palampur_Cnsrvila_D (Himachal Pradesh),,unknown,60.888888888888886,18,0.00040575088243330755,0.00022524772290535096,1,1,0.0,0.00019007222547747448,0.01
Jangipur_Central_D_1 (West Bengal),Jaipur,unknown,9.4,65,0.0012183755740963248,0.0003951852059456644,1,1,0.0,0.00018960994173704144,0.01
Guruvayoor_ManhrBld_D (Kerala),,unknown,13.714285714285714,21,0.0004023821020441011,0.0004948371279767441,1,1,0.0,0.00018938367276094686,0.01
Krishnagiri_BnglorRd_D (Tamil Nadu),,unknown,12.84375,32,0.00040125917524769895,0.00033022155854754064,2,2,0.6666666666666666,0.0001885978308349956,0.01
Khandala_Satara_D (Maharashtra),,unknown,12.714285714285714,28,0.00040500226456903943,0.00038642642014329574,1,1,0.0,0.00018753720987233852,0.01
Rajgarh_SadulDPP_D (Rajasthan),,pickup_point,3.3333333333333335,6,0.0012105150865215097,0.0007343727973908886,1,1,0.0,0.00018409515553404263,0.01
Vinukonda_Kothapet_D (Andhra Pradesh),,transit_hub,11.68421052631579,38,0.00040313071990836916,0.0006653790771243626,1,1,0.0,0.0001797653149943885,0.01
Manjeshwar_Central_D_1 (Kerala),Manesar,unknown,8.5,2,0.0004023821020441011,0.0002874803101154664,1,1,0.0,0.00017784096816733042,0.01
Modasa_Central_D_1 (Gujarat),,unknown,6.3076923076923075,52,0.0008062614398167383,0.00040305980292001654,1,2,0.6666666666666666,0.00017609408728198035,0.01
Machhiwara_MnBzrDPP_D (Punjab),,pickup_point,7.703703703703703,27,0.00040537657350117346,0.00037958944639483754,2,1,0.3333333333333333,0.0001756958503165821,0.01
AnandprShb_PnjPiara_D (Punjab),,unknown,12.847058823529412,85,0.00040500226456903943,0.00033880747423567975,1,1,0.0,0.00017020053978189173,0.01
Chennai_Chnglptu_DC (Tamil Nadu),Chennai,fulfillment_center,4.346938775510204,49,0.000401633484179833,0.0004205071711785267,1,1,1.0,0.00016543430956745406,0.01
Karnaprayag_Umalodge_D (Uttarakhand),,unknown,16.933333333333334,15,0.00040275641097623513,0.0012905529276343345,1,1,1.0,0.00016478100937448428,0.01
Nimbahera_MsjidDPP_D (Rajasthan),,pickup_point,8.25,12,0.0008028926594275319,0.00045767815479878484,1,1,0.0,0.000164709542966665,0.01
Karad_Mundhe_D (Maharashtra),,unknown,6.566666666666666,60,0.0016076568635157342,0.0004725119872559316,1,1,0.0,0.00016372132610457927,0.01
Attingal_Central_D_2 (Kerala),,unknown,2.075,40,0.00042184616651507156,0.0011294321156666664,2,2,0.3333333333333333,0.0001632592584952794,0.01
Belgaum_Dc (Karnataka),,fulfillment_center,8.9,10,0.000401633484179833,0.0009053716248151567,2,1,1.0,0.00016311699851931808,0.01
Basti_GndhiNgr_D (Uttar Pradesh),,unknown,18.11764705882353,17,0.00041136551641531824,0.00022524772290535096,1,2,0.0,0.00016233698308163513,0.01
Karwar_Central_D_1 (Karnataka),,unknown,7.21875,32,0.00040125917524769895,0.0003233689362085973,1,2,0.6666666666666666,0.00015978680812526016,0.01
Samba_Wardno13_D (Jammu & Kashmir),,unknown,17.906666666666666,75,0.0004064995002975756,0.0010098316421436055,3,4,0.8333333333333334,0.00015952622367719556,0.01
SrinagarUK_Srikot_D (Uttarakhand),,unknown,12.75,32,0.0008051385130203362,0.0013724656075018691,2,1,0.3333333333333333,0.00015588563156822987,0.01
Jalalabad_Muktsar_D (Punjab),,unknown,11.0,4,0.000401633484179833,0.0003266097965958918,1,1,1.0,0.00014726966824485686,0.01
Pandhurna_Mataward_D (Madhya Pradesh),,unknown,8.5,42,0.00040350502884050325,0.0006574675752107697,1,1,0.0,0.0001468200842333613,0.01
Chanchal_BargaDPP_D (West Bengal),Bengaluru,pickup_point,3.0,2,0.00040575088243330755,0.0016970797076221638,3,1,0.6666666666666666,0.00014406059613097222,0.01
Polur_StationRD_D (Tamil Nadu),,unknown,5.590909090909091,22,0.000401633484179833,0.00020728034970459138,1,1,0.0,0.00013971977212647103,0.01
Himmatnagar_DC (Gujarat),,fulfillment_center,4.8076923076923075,26,0.0008028926594275319,0.0003306191904979555,1,1,1.0,0.00013861938632546688,0.01
Mandsaur_YashDPP_D (Madhya Pradesh),Manesar,pickup_point,9.095238095238095,21,0.000401633484179833,0.00045246337668518875,1,1,1.0,0.0001338971928229624,0.01
Betamcherla_CmtNgRod_D (Andhra Pradesh),,unknown,11.0,11,0.000401633484179833,0.0006630485006019279,2,2,0.6666666666666666,0.00013047034388460177,0.01
Deoband_Ramvlg_D (Uttar Pradesh),,unknown,11.660714285714286,56,0.00040500226456903943,0.000436260848626747,1,2,0.0,0.00012647856129635387,0.01
Jammu_TrnptNgr_L (Jammu & Kashmir),,unknown,7.4,10,0.00040051055738343083,0.0006948688863163274,3,1,1.0,0.00012113048709223413,0.0
Kilimanoor_Krvnkuzy_D (Kerala),,unknown,5.833333333333333,6,0.00041398567894025657,0.0006131793356474928,1,1,0.0,0.00011984291225488305,0.0
Coimbatore_Karayam_H (Tamil Nadu),Coimbatore,unknown,10.542944785276074,326,9.582308662631617e-05,0.00317176280095582,7,8,0.06060606060606061,0.00011604857842498677,0.0
Chamarjngr_BrDbleRd_D (Karnataka),,unknown,13.75,20,0.0004087453538903799,0.0005757296467024191,1,1,0.0,0.0001117977303660559,0.0
Aonla_KdidmCLY_D (Uttar Pradesh),,unknown,8.558823529411764,34,0.000401633484179833,0.00025049696950354554,1,2,0.3333333333333333,0.00011179728643692022,0.0
Thirthurpondi_Madaprum_D (Tamil Nadu),,transit_hub,6.391304347826087,46,0.000401633484179833,0.0005477714344715219,1,1,1.0,0.00011160020509355805,0.0
Jaipur_Central_I_7 (Rajasthan),Jaipur,transit_hub,10.759358288770054,374,0.00010592942779393546,0.00318330544395131,9,12,0.0380952380952381,9.717801604407445e-05,0.0
Haripad_Kumrpurm_D (Kerala),,unknown,3.1555555555555554,45,0.00040575088243330755,0.0018468028085575404,2,1,0.3333333333333333,9.22446923632187e-05,0.0
Rghunthpur_barkarRd_D (West Bengal),Bengaluru,gateway_hub,11.576923076923077,26,0.00040500226456903943,0.0006929805412762081,2,1,0.6666666666666666,9.083495383464037e-05,0.0
Choutuppal_Nagaram_D (Telangana),,pickup_point,5.75,24,0.0005079372209059025,0.00044364561004934334,1,1,0.0,8.40902650214693e-05,0.0
Ratia_SchdvDPP_D (Haryana),,sorting_center,1.5,4,0.0016110256439049405,0.0011033867779681424,3,1,0.3333333333333333,7.887530355078033e-05,0.0
Kandukur_LICOffce_D (Andhra Pradesh),,fulfillment_center,1.7105263157894737,38,0.0008062614398167383,0.0005314068110141655,2,1,0.6666666666666666,7.728694500180828e-05,0.0
Barnala_DC (Punjab),,fulfillment_center,4.0,5,0.000401633484179833,0.00039442306480831716,1,1,1.0,7.302678475516682e-05,0.0
Raikot_DC (Punjab),Rajkot,fulfillment_center,6.472222222222222,36,0.00040575088243330755,0.00019068622247185295,2,1,1.0,7.247348100092703e-05,0.0
Anupgarh_PrmNrDPP_D (Rajasthan),,pickup_point,3.966666666666667,30,0.001614394424294147,0.0009054946382704475,2,1,0.3333333333333333,7.023771131511548e-05,0.0
Ramnagar_BhwniGnj_D (Uttarakhand),,unknown,1.911764705882353,34,0.00040125917524769895,0.0008184764940276727,2,2,1.0,6.544372365095618e-05,0.0
Kanakapura_VaniThtr_D (Karnataka),,transit_hub,6.851851851851852,27,0.00040575088243330755,0.0002252477229053509,1,1,0.0,5.9951618529078e-05,0.0
Kodad_VidyaNgr_D (Telangana),,unknown,10.236842105263158,38,6.924715244479879e-05,0.0006743233495848606,3,3,0.6666666666666666,5.285600312023535e-05,0.0
Wai_Central_DPP_3 (Maharashtra),,pickup_point,3.5,2,0.000401633484179833,0.0003112001330021959,1,1,0.0,4.621008044700163e-05,0.0
Chiraiyakot_KamalDPP_D (Uttar Pradesh),,pickup_point,45.5,4,1.6843901946032138e-05,0.0006456056078566285,1,1,0.0,4.559208402666329e-05,0.0
Vadakkencherry_Robinson_D (Kerala),,unknown,5.269230769230769,26,0.000401633484179833,0.0004205903464912973,1,1,0.0,4.1352027545548585e-05,0.0
Jamtara_D (Jharkhand),,unknown,5.361111111111111,36,0.0008028926594275319,0.00047142047618365035,1,1,0.0,4.129033698065143e-05,0.0
Thakurdwara_Fathuluh_D (Uttar Pradesh),,transit_hub,12.0,25,0.00040500226456903943,0.0004547721785613548,2,1,0.6666666666666666,4.0007111558424694e-05,0.0
Golaghat_BaruaRd_D (Assam),,gateway_hub,14.666666666666666,6,4.379414505968356e-05,0.0006286910212987595,2,1,0.6666666666666666,3.901461361234748e-05,0.0
Cochin_Chtrpuza_D (Kerala),,unknown,6.923076923076923,13,0.000401633484179833,0.00040700671592434716,1,1,1.0,3.8254233077252645e-05,0.0
SirhindFatehgarh_DC (Punjab),,fulfillment_center,4.714285714285714,14,0.00040125917524769895,0.00042530574036026984,1,1,1.0,3.8218844636106356e-05,0.0
Gudalur_kalmpuza_D (Tamil Nadu),,last_mile_hub,33.75,20,1.6843901946032138e-05,0.0009522789041653632,1,1,0.0,3.755737394284899e-05,0.0
Karauli_HnsChowk_D (Rajasthan),,sorting_center,7.183333333333334,60,2.8447478842187612e-05,0.000602216320614328,1,1,0.0,3.640564525267499e-05,0.0
Tirupur_Koliplm_I (Tamil Nadu),,last_mile_hub,16.457142857142856,70,4.2671218263281416e-05,0.0010473103350653087,2,3,0.16666666666666666,3.612079447705052e-05,0.0
Junagadh_DPC (Gujarat),,unknown,6.425742574257426,202,4.1548291466879274e-05,0.0019687525327541228,3,4,0.047619047619047616,3.373393257812207e-05,0.0
Palani_RjndraRd_D (Tamil Nadu),,unknown,2.757575757575758,33,2.0961300199506663e-05,0.00097664808130512,1,2,0.3333333333333333,3.3510672484018385e-05,0.0
Surathkal_DC (Karnataka),,fulfillment_center,17.0,13,4.379414505968356e-05,0.0003614396225005573,1,1,1.0,2.9457106660597332e-05,0.0
Malur_NharuExt_D (Karnataka),,unknown,2.433333333333333,30,0.0004046279556369054,0.0003251074827320396,2,1,0.6666666666666666,2.7944370050133045e-05,0.0
Madurai_Kappalur_H (Tamil Nadu),,pickup_point,13.416666666666666,60,5.4274795159436894e-05,0.004120115703417541,5,3,0.047619047619047616,2.7080137098357676e-05,0.0
Ooty_Davisdle_D (Tamil Nadu),,unknown,17.72222222222222,18,1.7218210878166187e-05,0.0009783703600189295,1,1,0.0,2.5077658487888173e-05,0.0
Balurghat_AkhirDPP_D (West Bengal),Bengaluru,gateway_hub,16.0,9,1.0106341167619283e-05,0.0003231323163424201,2,1,0.3333333333333333,2.437562790294607e-05,0.0
Nazirpur_Central_D_1 (West Bengal),Bengaluru,unknown,18.75862068965517,29,0.00040575088243330755,0.0007146144247234162,1,1,0.0,2.352648871430549e-05,0.0
Chikblapur_ShntiSgr_D (Karnataka),,unknown,1.6938775510204083,49,0.0008070100576810065,0.0013878156205072668,2,1,0.6666666666666666,2.2424511879858813e-05,0.0
Sivakasi_Msstreet_DC (Tamil Nadu),,fulfillment_center,16.264705882352942,34,2.8073169910053563e-05,0.0014779280981891635,1,1,0.0,2.1761801822471585e-05,0.0
Vadipatti_lalaNGR_D (Tamil Nadu),,unknown,28.5,4,8.609105439083093e-06,0.0004031106933414913,1,1,0.0,2.0655589505889648e-05,0.0
Gangapur_Ward6DPP_D (Rajasthan),,pickup_point,5.7272727272727275,77,2.9196096706455706e-05,0.0006340927771841094,1,2,0.3333333333333333,2.0583805063443064e-05,0.0
Surat_Central_I_4 (Gujarat),Surat,unknown,9.627118644067796,118,1.5720975149629995e-05,0.0015805064773332825,4,5,0.0,1.9865021276917565e-05,0.0
Kaliyaganj_FatprDPP_D (West Bengal),Bengaluru,pickup_point,9.764705882352942,17,6.737560778412855e-06,0.0007494441093143065,1,1,0.0,1.9328424149953863e-05,0.0
Kodinar_NCplxDPP_D (Gujarat),,pickup_point,7.217391304347826,69,1.6843901946032138e-05,0.0010832958196476262,1,1,0.0,1.865746870437823e-05,0.0
Veraval_DC (Gujarat),,fulfillment_center,10.5,78,1.6843901946032138e-05,0.001132477886259036,3,1,0.3333333333333333,1.7190010410269973e-05,0.0
HDKote_BegurRD_D (Karnataka),,unknown,38.2,15,5.9889429141447605e-06,0.000320368858586106,2,1,0.3333333333333333,1.711303336868427e-05,0.0
Kavali_Kacheri_D (Andhra Pradesh),,unknown,4.4,60,0.0008096302202059448,0.0005736274615522207,1,1,1.0,1.7034974332582053e-05,0.0
Deoria_CCRoad_D (Uttar Pradesh),,unknown,16.0,24,1.834113767456833e-05,0.0007023985429219209,2,1,0.0,1.5730125451338787e-05,0.0
Hindaun_MndwrRod_D (Rajasthan),,transit_hub,5.036363636363636,55,2.7698860977919518e-05,0.0005648817144653949,1,1,0.0,1.4844296892460385e-05,0.0
Dhoraji_JmnvadRd_DC (Gujarat),,fulfillment_center,24.5,2,7.860487574814998e-06,0.000595727510194902,1,1,0.0,1.4339108929005294e-05,0.0
Tirumakudalu_Narasipr_D (Karnataka),,unknown,32.785714285714285,14,7.486178642680951e-06,0.0011318150651323782,1,1,1.0,1.4123016918405132e-05,0.0
Renwal_ChomuRD_D (Rajasthan),,transit_hub,14.583333333333334,36,1.8715446606702378e-05,0.0008071645793883075,2,2,0.0,1.4070922794389463e-05,0.0
Kangayam_Thvlrsrt_D (Tamil Nadu),,transit_hub,10.058823529411764,51,1.6843901946032138e-05,0.0007816196689661538,1,1,0.0,1.3786215451640207e-05,0.0
Sankaran_Kovil_D (Tamil Nadu),,unknown,10.352941176470589,34,2.0212682335238566e-05,0.001374479125375133,1,1,0.0,1.2834995843212567e-05,0.0
Anupshahar_DcntCLY_D (Uttar Pradesh),,fulfillment_center,29.260416666666668,96,7.486178642680951e-06,0.00047119774611009224,2,1,0.3333333333333333,1.1881165829946958e-05,0.0
Narikkudi_MukkuRD_D (Tamil Nadu),,unknown,9.75,16,2.0961300199506663e-05,0.0005610063981325163,1,1,0.0,1.1842790115366122e-05,0.0
Jetpur_DC (Gujarat),,fulfillment_center,19.0,1,7.860487574814998e-06,0.0005582459001863319,1,1,0.0,1.1488484047547883e-05,0.0
Tirupati_Balajicly_I (Andhra Pradesh),,intercity_hub,14.640449438202246,89,8.98341437121714e-06,0.0013654942633926303,2,2,0.0,1.1455209471361582e-05,0.0
Jalgaon_DC (Maharashtra),,fulfillment_center,9.944444444444445,36,8.98341437121714e-06,0.0009512089689081328,2,2,0.3333333333333333,1.1051488085317283e-05,0.0
Samsi_RatuaDPP_D (West Bengal),Bengaluru,pickup_point,8.0,5,6.737560778412855e-06,0.0018254370103301255,2,2,0.6666666666666666,1.0874900299390827e-05,0.0
Kotagiri_CroslySRT_D (Tamil Nadu),,unknown,8.8,20,1.7592519810300235e-05,0.0010093281595536404,2,1,0.3333333333333333,1.0761193004200437e-05,0.0
Valsad_DC (Gujarat),,fulfillment_center,8.61111111111111,36,6.363251846278808e-06,0.00044949636360578114,1,1,0.0,1.0318199094076271e-05,0.0
SawaiMadhopur_Central_DPP_1 (Rajasthan),,pickup_point,6.277777777777778,36,1.3100812624691663e-05,0.0006726769980691911,1,1,1.0,9.984724847187719e-06,0.0
Jaipur_NgrNigam_DC (Rajasthan),Jaipur,fulfillment_center,10.083333333333334,12,6.363251846278808e-06,0.00035775657587024297,1,2,0.0,9.753057667489387e-06,0.0
Una_Mamlatdr_DC (Gujarat),,fulfillment_center,7.8,65,1.6843901946032138e-05,0.0010410297076489717,1,1,0.0,9.629396081820976e-06,0.0
Talala_SsnRdDPP_D (Gujarat),,pickup_point,9.875,56,1.6843901946032138e-05,0.0010055885679202121,1,1,0.0,9.501847699238666e-06,0.0
Jaunpur_Katghara_D (Uttar Pradesh),Jaipur,gateway_hub,23.0,1,4.866016117742618e-06,0.0007598678490823066,2,1,0.0,9.326595132167629e-06,0.0
Upleta_AdrshSt_DC (Gujarat),,fulfillment_center,23.842105263157894,19,7.860487574814998e-06,0.0006273446915859329,1,1,0.0,9.13635674790425e-06,0.0
Manamelkudi_TmpleSrt_D (Tamil Nadu),,unknown,6.929936305732484,157,1.0106341167619283e-05,0.0005004743694481499,1,1,0.0,8.67194580220502e-06,0.0
Sivaganga_Wardno3_D (Tamil Nadu),,unknown,6.035294117647059,85,1.4598048353227853e-05,0.0005472448312492212,1,2,0.0,8.025601672162837e-06,0.0
Tirunelveli_VdkkuSrt_I (Tamil Nadu),,unknown,6.652777777777778,144,1.6095284081764044e-05,0.0009452746079351403,3,4,0.09523809523809523,7.926528833173617e-06,0.0
Sonepur_BrezeDPP_D (Orissa),,pickup_point,16.285714285714285,14,5.9889429141447605e-06,0.0013139835802993135,2,2,0.0,7.884502459933763e-06,0.0
Kottarakkara_Amankovl_D (Kerala),,unknown,5.512195121951219,41,1.4598048353227853e-05,0.0003963897132989632,1,1,0.0,7.685353091757379e-06,0.0
Dindigul_Central_D_1 (Tamil Nadu),,unknown,7.591836734693878,49,2.1709918063774757e-05,0.0009327852589183714,2,3,0.2,7.633859010722237e-06,0.0
Tirpur_Palladam_DC (Tamil Nadu),,fulfillment_center,4.22972972972973,74,1.7592519810300235e-05,0.000772969201694888,2,1,0.3333333333333333,7.372552562008448e-06,0.0
Jamjodhpur_Court_D (Gujarat),Jodhpur,unknown,9.239583333333334,96,7.860487574814998e-06,0.0005423942468959549,1,1,0.0,7.355515757767422e-06,0.0
Cjb_Kovaipudur_Dc (Tamil Nadu),,fulfillment_center,8.75,8,6.363251846278808e-06,0.00041886787500170554,1,2,0.6666666666666666,7.174649854585324e-06,0.0
Tonk_DC (Rajasthan),,fulfillment_center,4.142857142857143,7,1.2352194760423568e-05,0.0006474972381362748,2,1,0.6666666666666666,7.024135673086426e-06,0.0
Dharapuram_Techrcly_D (Tamil Nadu),,unknown,3.888888888888889,63,1.7218210878166187e-05,0.0007774682862519367,1,1,0.0,6.698876513882816e-06,0.0
Anandnagar_LohiaDPP_D (Uttar Pradesh),,pickup_point,8.375,8,5.240325049876666e-06,0.00037017919490782956,1,2,0.0,6.655579534670977e-06,0.0
Sikandarpur_Central_D_3 (Uttar Pradesh),,unknown,8.166666666666666,12,1.4598048353227853e-05,0.00038168166782363237,1,1,0.0,6.253347534677589e-06,0.0
Balangir_Rjndpara_D (Orissa),,unknown,13.38888888888889,18,5.9889429141447605e-06,0.0013729626696093176,3,2,0.0,6.160819301504682e-06,0.0
Raver_Truptingr_D (Maharashtra),,unknown,11.145833333333334,48,3.7430893213404754e-06,0.0009605622318617819,2,1,0.6666666666666666,5.8986913812837526e-06,0.0
Sambalpur_Central_H_2 (Orissa),,unknown,26.333333333333332,6,3.7430893213404754e-06,0.0006398841141104602,1,2,0.0,5.871935529530517e-06,0.0
Muthukulathur_VaiklSRT_D (Tamil Nadu),,transit_hub,6.357142857142857,14,2.0961300199506663e-05,0.0005166291232174264,1,1,0.0,5.697417869292349e-06,0.0
Dausa_IndraCln_D (Rajasthan),,transit_hub,4.008196721311475,122,2.695024311365142e-05,0.0005208771419953996,2,1,0.3333333333333333,5.68678428910506e-06,0.0
Jayamkondan_Chithbrm_D (Tamil Nadu),,transit_hub,20.125,16,4.866016117742618e-06,0.0005885943944482182,1,2,0.3333333333333333,5.129056982579289e-06,0.0
Kalluvathukal_Pariplly_D (Kerala),,transit_hub,5.809523809523809,42,1.0106341167619283e-05,0.0005771154778304797,2,1,0.3333333333333333,5.0546324158734504e-06,0.0
Bilimora_DC (Gujarat),,fulfillment_center,5.803921568627451,102,8.609105439083093e-06,0.0008408726006302989,2,2,0.0,4.834825254512558e-06,0.0
Singrauli_Waidhan_D (Madhya Pradesh),,unknown,32.714285714285715,7,3.3687803892064276e-06,0.00038804314948388845,1,1,0.0,4.716519940987813e-06,0.0
Koduru_MGRoad_D (Andhra Pradesh),,unknown,10.414285714285715,70,3.3687803892064276e-06,0.0006762531724573987,1,1,0.0,4.46944964066003e-06,0.0
Malappuram_Munduprm_D (Kerala),,pickup_point,6.888888888888889,9,8.98341437121714e-06,0.00034328019953820926,1,2,0.0,4.466198774605247e-06,0.0
Oddnchtram_Palani_D (Tamil Nadu),,unknown,4.352941176470588,17,1.8715446606702378e-05,0.0010043130099722038,2,1,0.6666666666666666,4.319454938239515e-06,0.0
Peikulam_SriVnktpm_D (Tamil Nadu),,unknown,4.415094339622642,53,6.737560778412855e-06,0.0005016071088440158,1,1,0.0,4.147704842381183e-06,0.0
Singrauli_Ward8DPP_D (Madhya Pradesh),,pickup_point,35.38095238095238,21,2.9944714570723802e-06,0.0004516464606072716,1,2,0.3333333333333333,4.049703407768839e-06,0.0
Badlapur_Bhaluahi_D (Uttar Pradesh),,unknown,16.0,2,2.245853592804285e-06,0.0004341678480376709,1,1,0.0,4.031674661640084e-06,0.0
Porbandar_DC (Gujarat),,fulfillment_center,7.7560975609756095,41,7.860487574814998e-06,0.00044019594369706146,1,1,0.0,4.0272403724724865e-06,0.0
Oriyur_Vllyaprm_D (Tamil Nadu),,unknown,4.016666666666667,60,5.614633982010713e-06,0.0004441462803304673,1,1,0.0,3.995393124218647e-06,0.0
Tirurangadi_Kooriyad_D (Kerala),,unknown,6.785714285714286,14,1.0480650099753331e-05,0.00026057723655284937,1,1,0.0,3.9930136186976746e-06,0.0
Rajampet_RSRoad_D (Andhra Pradesh),,unknown,10.947368421052632,133,3.3687803892064276e-06,0.0007086445976793009,1,1,0.0,3.911365115777941e-06,0.0
Printhlmna_EmsPnmbi_D (Kerala),,last_mile_hub,9.25,4,3.3687803892064276e-06,0.00029936555330613757,1,1,0.0,3.827774201272296e-06,0.0
Karukachal_MnimlaRd_D (Kerala),,unknown,8.75,4,3.7430893213404754e-06,0.00029425186307340266,2,1,0.3333333333333333,3.814832495690356e-06,0.0
Puttur_Artmclny_D (Andhra Pradesh),,unknown,8.3125,128,3.3687803892064276e-06,0.0006673959630106046,1,1,0.0,3.788079404781629e-06,0.0
Gudur_Bngisheb_D (Andhra Pradesh),,unknown,21.140625,64,3.3687803892064276e-06,0.0007571795421145007,1,1,0.0,3.7284078810453165e-06,0.0
Navsari_DC (Gujarat),,fulfillment_center,8.476190476190476,21,5.240325049876666e-06,0.00033730352082921976,1,1,0.0,3.712433817784839e-06,0.0
Bangalore_East_I_20 (Karnataka),Bangalore,unknown,8.418604651162791,129,5.614633982010713e-06,0.0005377037296530618,2,4,0.3,3.665179155004094e-06,0.0
Sriklahsti_SDKNgr_D (Andhra Pradesh),,unknown,19.366666666666667,30,3.3687803892064276e-06,0.0007343719885858072,1,1,0.0,3.664123362458469e-06,0.0
Anthiyour_TherSRT_D (Tamil Nadu),,transit_hub,5.64367816091954,87,1.1603576896155474e-05,0.0005032884758435699,1,1,0.0,3.5421956745742527e-06,0.0
Junagadh_keshod_DC (Gujarat),,fulfillment_center,6.642857142857143,28,4.117398253474523e-06,0.0005927640181402883,1,2,0.6666666666666666,3.5309686132340866e-06,0.0
Ariyalur_Kmrajngr_D (Tamil Nadu),,unknown,4.4411764705882355,34,4.49170718560857e-06,0.0005490593323313714,1,1,1.0,3.3644052235438463e-06,0.0
Batlagundu_RTOofice_D (Tamil Nadu),,intercity_hub,6.8,20,6.363251846278808e-06,0.00033067194934295645,1,1,0.0,3.251239523960272e-06,0.0
Rameswram_Kdthdstrt_D (Tamil Nadu),,transit_hub,3.3125,32,2.0212682335238566e-05,0.00046446624283632334,1,1,0.0,3.0980651792718663e-06,0.0
Nowda_AmtlaDPP_D (West Bengal),Noida,pickup_point,23.24137931034483,29,1.1229267964021425e-06,0.000523589300041853,1,2,0.6666666666666666,3.0277954443341567e-06,0.0
Goa_ZuariNgr_IP (Goa),,unknown,6.5,50,7.486178642680951e-06,0.002229085053428455,5,5,0.0,3.015201537150143e-06,0.0
Nawada_Central_DPP_2 (Bihar),,pickup_point,29.666666666666668,9,2.245853592804285e-06,0.0003880431494838884,1,1,0.0,2.9946570865408003e-06,0.0
Rajpalayam_AshkTalk_D (Tamil Nadu),,unknown,6.0,9,1.2352194760423568e-05,0.001284324023295638,1,1,0.0,2.964710515675392e-06,0.0
Jewar_SJRoad_D (Uttar Pradesh),,unknown,13.403846153846153,52,5.240325049876666e-06,0.00031323211106665163,1,2,0.3333333333333333,2.8715671996300984e-06,0.0
Ambasamdrm_Solaiprm_D (Tamil Nadu),,unknown,22.807692307692307,26,2.620162524938333e-06,0.00034531724205642643,1,1,1.0,2.762287525523155e-06,0.0
Manmad_Malegaon_D (Maharashtra),,unknown,14.625,16,5.240325049876666e-06,0.0003232732966152235,2,1,1.0,2.73980931129203e-06,0.0
Amalner_Murtingr_D (Maharashtra),,unknown,4.0,4,5.240325049876666e-06,0.00013813168726376713,1,1,0.0,2.665411174765294e-06,0.0
Pollachi_Venkatsa_DC (Tamil Nadu),,fulfillment_center,5.216981132075472,106,5.9889429141447605e-06,0.0010008002411434572,2,2,1.0,2.648031090295827e-06,0.0
BiharSarif_Soghra_D (Bihar),,gateway_hub,15.11111111111111,18,2.245853592804285e-06,0.00031323211106665163,1,1,0.0,2.5186407032614306e-06,0.0
Lalpet_PriyrNGR_D (Tamil Nadu),,unknown,15.5625,96,3.7430893213404754e-06,0.0004330642101134146,1,1,0.0,2.479675464548467e-06,0.0
Kattappana_Palikval_D (Kerala),,pickup_point,18.066666666666666,45,5.614633982010713e-06,0.002402927499365418,3,1,0.3333333333333333,2.47387913757446e-06,0.0
Eral_Busstand_D (Tamil Nadu),,unknown,3.8529411764705883,34,5.614633982010713e-06,0.00030563086150029773,1,1,0.0,2.4569776251177596e-06,0.0
Katwa_BSarani_D (West Bengal),Bengaluru,unknown,16.724137931034484,87,1.1229267964021425e-06,0.0004808637598114614,2,2,0.3333333333333333,2.4210898367113696e-06,0.0
Renukoot_Govind_D (Uttar Pradesh),,unknown,18.071428571428573,14,1.8715446606702377e-06,0.0002252477229053509,1,1,0.0,2.3287106561895015e-06,0.0
Maharajapuram_Krsnakcl_D (Tamil Nadu),,unknown,10.604166666666666,48,4.49170718560857e-06,0.0012123301944355006,1,1,0.0,2.2853420441954562e-06,0.0
Perambalur_goplpurm_D (Tamil Nadu),,unknown,7.34375,32,4.117398253474523e-06,0.0005023375042765856,2,1,0.3333333333333333,2.246348604720072e-06,0.0
Chalisgaon_BhadgDPP_D (Maharashtra),,pickup_point,5.666666666666667,3,2.620162524938333e-06,0.00014680718475898542,1,1,0.0,2.183513889055518e-06,0.0
Coimbatore_Ukkadam_D (Tamil Nadu),Coimbatore,unknown,33.2,10,5.614633982010713e-06,0.0008863494399445414,2,1,1.0,2.1758205251520943e-06,0.0
Cumbum_LFRoad_D (Tamil Nadu),,unknown,42.0,7,2.245853592804285e-06,0.0011873534242806203,2,1,0.3333333333333333,2.099486102096024e-06,0.0
Jehanabad_Madarpur_D (Bihar),,unknown,27.727272727272727,33,1.4972357285361901e-06,0.00022524772290535096,1,1,0.0,2.0421491580385825e-06,0.0
Alappuzha_Pazhvedu_D (Kerala),,pickup_point,26.026315789473685,38,2.245853592804285e-06,0.0016763881114032434,1,1,0.0,1.9374902685270035e-06,0.0
Melur_MduraiRD_D (Tamil Nadu),,unknown,14.846153846153847,26,2.620162524938333e-06,0.00022524772290535096,1,1,0.0,1.9315026638582134e-06,0.0
Gujiliam_Parai_D (Tamil Nadu),,unknown,5.5,2,1.2352194760423568e-05,0.0007078968693411132,2,1,0.3333333333333333,1.9300570188702528e-06,0.0
Dinhata_WrdN4DPP_D (West Bengal),Bengaluru,pickup_point,27.1875,16,1.4972357285361901e-06,0.0003132321110666516,1,2,0.0,1.921067075316227e-06,0.0
Venktagiri_TirupthiRd_D (Andhra Pradesh),,transit_hub,12.142857142857142,28,3.3687803892064276e-06,0.0007316118805788853,1,1,0.0,1.9044604869781168e-06,0.0
Anpara_Parasi_D (Uttar Pradesh),,unknown,17.285714285714285,7,2.9944714570723802e-06,0.00031323211106665163,1,1,0.0,1.8854988594189965e-06,0.0
Rajgir_PnditNGR_D (Bihar),,unknown,22.307692307692307,26,1.4972357285361901e-06,0.00045164646060727155,1,1,0.0,1.8274733252439093e-06,0.0
Phulbani_Krusphrma_D (Orissa),,unknown,24.0,10,1.8715446606702377e-06,0.000760824010665411,1,1,0.0,1.7538606244141844e-06,0.0
Bhanvad_Mainroad_D (Gujarat),,unknown,5.675675675675675,37,7.860487574814998e-06,0.0004955327882042496,1,1,0.0,1.7472201835914895e-06,0.0
Gola_BkgnRoad_D (Uttar Pradesh),,unknown,37.142857142857146,63,1.1229267964021425e-06,0.00038804314948388845,1,1,0.0,1.6606990655534498e-06,0.0
Lakhimpur_Maheva_D (Uttar Pradesh),,unknown,15.475,40,1.4972357285361901e-06,0.00031323211106665163,1,1,0.0,1.6481472036059798e-06,0.0
Darjeeling_Hillcard_DC (West Bengal),Bengaluru,fulfillment_center,68.33333333333333,3,3.7430893213404753e-07,0.0002252477229053509,1,1,0.0,1.4381640351974691e-06,0.0
Angul_Central_I_2 (Orissa),,unknown,8.357142857142858,14,1.8715446606702377e-06,0.0007605125327091363,1,1,0.0,1.3753060551982314e-06,0.0
Shahada_Nandrbar_D (Maharashtra),,unknown,23.08695652173913,23,1.1229267964021425e-06,0.0008063166965740832,3,3,0.5,1.3311140522466926e-06,0.0
Gobicheti_Ward25_D (Tamil Nadu),,intercity_hub,2.125,8,1.1977885828289521e-05,0.00044930965641093185,1,1,0.0,1.3190660602218988e-06,0.0
Aranthangi_HsptlRod_D (Tamil Nadu),,transit_hub,9.28125,32,2.245853592804285e-06,0.0003132321110666516,1,1,0.0,1.2593166420400405e-06,0.0
Kulithalai_AnnaNGR_D (Tamil Nadu),,transit_hub,9.5,2,2.245853592804285e-06,0.000490324718055015,1,1,0.0,1.2080136492763676e-06,0.0
Burhanpur_StRoad_D (Madhya Pradesh),,unknown,9.982608695652173,115,1.1229267964021425e-06,0.0009364342822564363,1,1,1.0,1.2070619206374573e-06,0.0
Bengaluru_Peenya_IP (Karnataka),Bengaluru,unknown,5.831632653061225,196,2.9944714570723802e-06,0.0005133554428715762,3,3,0.8333333333333334,1.1491037519962066e-06,0.0
Sitapur_Chowk_D (Uttar Pradesh),,unknown,19.74576271186441,59,1.1229267964021425e-06,0.00022524772290535096,1,1,0.0,1.1233831355120088e-06,0.0
Phulera_NarenaRD_D (Rajasthan),,transit_hub,1.8333333333333333,24,6.737560778412855e-06,0.0005697255581482403,2,1,0.0,1.123112425870563e-06,0.0
Tirchchndr_Shnmgprm_D (Tamil Nadu),,unknown,2.4411764705882355,68,5.9889429141447605e-06,0.0003816036077949578,1,1,0.0,1.0894087239395557e-06,0.0
Tenkasi_RailwyRd_D (Tamil Nadu),,unknown,10.35,20,2.245853592804285e-06,0.0002629553790805198,1,1,1.0,1.0805524551350864e-06,0.0
Khurja_Pnjbiyon_D (Uttar Pradesh),,unknown,10.90625,32,2.9944714570723802e-06,0.00022524772290535096,1,1,0.0,1.0425361473188032e-06,0.0
Sathyamangalam_Mlydpthr_D (Tamil Nadu),,transit_hub,1.5454545454545454,33,1.2352194760423568e-05,0.00038585418182812334,1,1,0.0,1.029583533844451e-06,0.0
Simrahi_Bazar_D (Bihar),,unknown,38.8433734939759,83,7.486178642680951e-07,0.0004444615659843678,2,4,0.5,1.0198547251360817e-06,0.0
Thuraiyur_Mthrapuri_D (Tamil Nadu),,transit_hub,10.15625,32,2.245853592804285e-06,0.00022524772290535096,1,1,0.0,1.0089849149534325e-06,0.0
Erandol_BsStdDPP_D (Maharashtra),,pickup_point,3.25,4,2.9944714570723802e-06,0.00023917787119556662,1,1,0.0,9.732300366939626e-07,0.0
Malegaon_Rawlgaon_D (Maharashtra),,unknown,8.375,16,2.9944714570723802e-06,0.0004583878241447902,2,2,0.3333333333333333,9.697827383527963e-07,0.0
Sangamner_JawanChk_D (Maharashtra),,unknown,7.431034482758621,58,7.486178642680951e-07,0.00023778084276957623,1,2,0.3333333333333333,8.934049485002853e-07,0.0
Mancherial_Hitech_D (Telangana),,unknown,24.263157894736842,19,1.1229267964021425e-06,0.0006685190018269997,3,2,1.0,8.718363939467171e-07,0.0
Karaikudi_Sbrmnprm_D (Tamil Nadu),,unknown,8.75,28,2.245853592804285e-06,0.0003880431494838884,1,1,0.0,8.234904902900714e-07,0.0
Supaul_SadrHsptl_D (Bihar),,unknown,28.166666666666668,18,3.7430893213404753e-07,0.00043715946563166366,2,2,0.6666666666666666,7.803121037653894e-07,0.0
Bhandara_KaremDPP_D (Maharashtra),,pickup_point,13.13888888888889,108,3.7430893213404753e-07,0.00022524772290535096,1,1,0.0,7.629244877174597e-07,0.0
Tulsipur_Central_DPP_1 (Uttar Pradesh),,pickup_point,12.53125,64,3.7430893213404753e-07,0.0009805824839383241,2,1,1.0,7.573725891769259e-07,0.0
Bargarh_JJCpxDPP_D (Orissa),,pickup_point,13.25,4,1.4972357285361901e-06,0.0003987232107560223,1,1,0.0,7.186355282380668e-07,0.0
Rampur_ThanaDPP_D (Uttar Pradesh),Raipur,pickup_point,5.0,3,1.1229267964021425e-06,0.00022723092648028234,1,1,0.0,7.146045455090788e-07,0.0
Gosainganj_Pakrela_D (Uttar Pradesh),,unknown,12.319148936170214,47,3.7430893213404753e-07,0.00022524772290535096,1,1,0.0,6.989361995950748e-07,0.0
Bina_Srvdycwk_D (Madhya Pradesh),,unknown,12.714285714285714,7,7.486178642680951e-07,0.0003515565419347066,2,2,0.5,6.916136572574721e-07,0.0
Mylduthuri_Thiruviz_D (Tamil Nadu),,transit_hub,21.75,36,7.486178642680951e-07,0.00022524772290535096,1,1,0.0,6.901404251104543e-07,0.0
Mathabhang_Pshimpra_D (West Bengal),Bengaluru,transit_hub,19.625,16,1.1229267964021425e-06,0.0002252477229053509,1,1,0.0,6.835139681843474e-07,0.0
Gonda_KotwaliN_D (Uttar Pradesh),,unknown,16.466666666666665,30,3.7430893213404753e-07,0.0009541813329753191,1,2,1.0,6.796820330721051e-07,0.0
Limbdi_Busstand_D (Gujarat),,unknown,12.58974358974359,39,7.486178642680951e-07,0.00031323211106665163,1,1,0.0,6.739370665729951e-07,0.0
Khambhalia_JdswarRD_D (Gujarat),,unknown,9.5,26,1.1229267964021425e-06,0.00022524772290535096,1,2,0.3333333333333333,6.449138998594679e-07,0.0
Dhaka_PchpkrRD_D (Bihar),,unknown,24.186046511627907,43,3.7430893213404753e-07,0.0006242589476670348,2,2,1.0,6.029217921152089e-07,0.0
Kallikkad_Mutyvila_D (Kerala),,unknown,3.0714285714285716,28,1.1229267964021425e-06,0.0005327310338921141,3,2,0.6666666666666666,6.02400792030761e-07,0.0
Khurai_Talaiya_D (Madhya Pradesh),,unknown,13.541666666666666,24,1.1229267964021425e-06,0.0003787801893281908,2,1,0.6666666666666666,5.925846878144212e-07,0.0
Mannargudi_Vadasari_D (Tamil Nadu),,unknown,18.733333333333334,30,7.486178642680951e-07,0.00031323211106665163,1,1,0.0,5.812586953208614e-07,0.0
Ponnamaravathi_Puduvalvu_D (Tamil Nadu),,transit_hub,7.285714285714286,28,1.4972357285361901e-06,0.00045164646060727155,1,1,0.0,5.759709559565638e-07,0.0
Gangarampr_FulbaDPP_D (West Bengal),Bengaluru,pickup_point,10.241379310344827,29,3.7430893213404753e-07,0.0003061041294835955,1,2,0.6666666666666666,5.669006342574326e-07,0.0
Indi_SindgiRD_D (Karnataka),,unknown,7.974522292993631,157,7.486178642680951e-07,0.000561362045931082,2,2,0.0,5.367911622368443e-07,0.0
Paranpur_Nijgan_D (West Bengal),Bengaluru,unknown,6.333333333333333,18,2.620162524938333e-06,0.001101755337670394,1,2,0.3333333333333333,5.33085057145403e-07,0.0
Pathankot_DC (Punjab),,fulfillment_center,17.666666666666668,9,1.1229267964021425e-06,0.0008725218946042376,1,2,0.6666666666666666,5.309209835285716e-07,0.0
Kherli_GodamDPP_D (Rajasthan),,pickup_point,17.444444444444443,18,7.486178642680951e-07,0.00045742209722715165,2,2,0.6666666666666666,5.270149360570051e-07,0.0
Khurdha_JatniDPP_D (Orissa),,pickup_point,7.857142857142857,7,3.7430893213404753e-07,0.0001859899113417678,2,2,0.8333333333333334,5.115802052394189e-07,0.0
Tuni_Eaglvari_D (Andhra Pradesh),,unknown,20.985915492957748,71,3.7430893213404753e-07,0.000352264628047948,1,2,1.0,5.10830067301681e-07,0.0
Bheemunipatnam_SaiTempl_D (Andhra Pradesh),,unknown,8.282051282051283,39,3.7430893213404753e-07,0.00025335928723710973,1,1,0.0,4.813836189807109e-07,0.0
Trivandrum_Pettah_D (Kerala),,unknown,2.4523809523809526,42,7.486178642680951e-07,0.0003834900628755875,1,2,1.0,4.448204531854446e-07,0.0
Deoli_Central_DPP_2 (Maharashtra),Delhi,pickup_point,16.542857142857144,35,3.7430893213404753e-07,0.00022524772290535096,1,1,0.0,4.3679903012806225e-07,0.0
Erode (Tamil Nadu),,unknown,19.666666666666668,3,3.7430893213404753e-07,0.00022524772290535096,1,1,0.0,4.367027778111036e-07,0.0
Pen_BljiMrkt_D (Maharashtra),,unknown,10.314285714285715,70,3.7430893213404753e-07,0.0008058502011170182,1,1,1.0,4.282622429021585e-07,0.0
Mahad_Govndsgr_D (Maharashtra),,unknown,9.017699115044248,113,3.7430893213404753e-07,0.0008058502011170182,1,1,1.0,4.214253006809828e-07,0.0
DehraGopipur_Central_D_1 (Himachal Pradesh),,unknown,16.0,6,7.486178642680951e-07,0.00022524772290535096,1,2,0.0,3.9060857012463283e-07,0.0
MirzapurWB_VidyaDPP_D (West Bengal),Bengaluru,pickup_point,15.0,2,3.7430893213404753e-07,0.002288351296487826,2,1,0.0,3.8768244881203347e-07,0.0
KharagpurBR_Central_DPP_1 (Bihar),,pickup_point,18.75,4,3.7430893213404753e-07,0.0002969242270128308,2,2,0.6666666666666666,3.81602796691579e-07,0.0
Peravurani_SH71_D (Tamil Nadu),,unknown,3.566666666666667,30,1.4972357285361901e-06,0.00022524772290535096,1,1,0.0,3.813193569634059e-07,0.0
Hyderabad_Mhdiptnm_C (Telangana),Hyderabad,unknown,10.666666666666666,27,3.7430893213404753e-07,0.00022524772290535096,1,1,0.0,3.743785431847051e-07,0.0
Paramakudi_VagaiNgr_D (Tamil Nadu),,unknown,3.4285714285714284,14,1.6469593013898093e-05,0.0003296445658688337,1,1,0.0,3.738140408993574e-07,0.0
Dalhousie_Banikhet_D (Himachal Pradesh),,unknown,23.22222222222222,9,1.1229267964021425e-06,0.0008962639298723965,2,1,0.6666666666666666,3.6848319619545e-07,0.0
Sundargarh_DiyoDPP_D (Orissa),,pickup_point,11.38888888888889,18,7.486178642680951e-07,0.00032875080937123593,2,1,0.0,3.5770910404902613e-07,0.0
Sedam_DBRCmplx_D (Karnataka),,unknown,5.023809523809524,84,7.486178642680951e-07,0.0005086669239971977,2,2,0.0,3.419231191348665e-07,0.0
Naugchia_Vijayght_D (Bihar),,gateway_hub,18.636363636363637,33,3.7430893213404753e-07,0.0005378547933070903,2,1,0.3333333333333333,3.418380112368932e-07,0.0
Kittur_ColageRD_D (Karnataka),,unknown,13.0,14,3.7430893213404753e-07,0.0008444839896022767,2,2,1.0,3.260442024875842e-07,0.0
Dwarka_StnRoad_DC (Gujarat),,fulfillment_center,7.333333333333333,9,1.1229267964021425e-06,0.0004027072024337589,2,1,0.3333333333333333,3.0627174748712726e-07,0.0
Arrah_Katira_D (Bihar),,unknown,25.3,20,3.7430893213404753e-07,0.00022524772290535096,1,1,0.0,2.9876847266969097e-07,0.0
Guna_HnumnDPP_D (Madhya Pradesh),,pickup_point,20.636363636363637,22,3.7430893213404753e-07,0.0002703043768718813,1,1,1.0,2.943729915123472e-07,0.0
JoguGadwal_ColctrOf_D (Telangana),,unknown,19.142857142857142,35,3.7430893213404753e-07,0.0004979568248458992,2,3,0.6666666666666666,2.9137992444633824e-07,0.0
Haldia_Central_D_2 (West Bengal),Bengaluru,unknown,7.076923076923077,26,3.7430893213404753e-07,0.00121151047268353,2,1,1.0,2.772164883673029e-07,0.0
Mandapeta_Mainrd_D (Andhra Pradesh),,unknown,11.387096774193548,31,3.7430893213404753e-07,0.0005954401964610187,2,2,1.0,2.7021187028734607e-07,0.0
Kanker_KrisnKunj_D (Chhattisgarh),,unknown,14.121212121212121,66,3.7430893213404753e-07,0.00022524772290535096,1,1,0.0,2.41001396150559e-07,0.0
Roha_DataSagr_D (Maharashtra),,unknown,8.042016806722689,119,3.7430893213404753e-07,0.0008058502011170182,1,1,1.0,2.3413483524647074e-07,0.0
Gopiganj_Wardno13_D (Uttar Pradesh),,unknown,14.333333333333334,3,3.7430893213404753e-07,0.00022524772290535096,1,1,0.0,2.3394791668451981e-07,0.0
Chinnur_AsnsdhRD_D (Telangana),,unknown,14.214285714285714,14,3.7430893213404753e-07,0.0003506259364110553,1,2,1.0,2.3038441980305422e-07,0.0
Kozhikode_Feroke_H (Kerala),,unknown,1.5,12,1.4972357285361901e-06,0.0001680946998444435,1,2,0.3333333333333333,2.0865587787580077e-07,0.0
Manthani_Chaitnya_D (Telangana),,transit_hub,19.25925925925926,27,3.7430893213404753e-07,0.0004800768560630707,2,2,1.0,1.53333770097476e-07,0.0
Salem (Tamil Nadu),,unknown,4.061728395061729,81,7.486178642680951e-07,0.0002252477229053509,1,2,0.3333333333333333,1.4253019710555414e-07,0.0
Gondal_DC (Gujarat),,fulfillment_center,3.6,5,3.7430893213404753e-07,0.00022524772290535096,1,1,0.0,1.4141046649286723e-07,0.0
Nabha_Sahni_D (Punjab),,unknown,3.5384615384615383,13,1.1229267964021425e-06,0.0003840374000298541,2,1,0.3333333333333333,1.3476328148370453e-07,0.0
Mungeli_Panderia_D (Chhattisgarh),,unknown,1.9814814814814814,54,3.7430893213404753e-07,0.0002252477229053509,1,1,0.0,1.2512048080547478e-07,0.0
Islampure_ShbdnDPP_D (West Bengal),Bengaluru,pickup_point,10.0,1,3.7430893213404753e-07,0.00022524772290535096,1,1,0.0,1.2074564849068027e-07,0.0
Theni_Rathnam_D (Tamil Nadu),,transit_hub,6.428571428571429,14,3.7430893213404753e-07,0.00016798204919479538,1,1,0.0,9.485338202056251e-08,0.0
Surendranagar_DC (Gujarat),,fulfillment_center,2.9642857142857144,28,7.486178642680951e-07,0.00022524772290535096,1,1,0.0,6.806929479486658e-08,0.0
Chamoli_CGRoad_D (Uttarakhand),,unknown,20.394736842105264,38,3.7430893213404753e-07,0.0012101338124435813,1,1,1.0,6.008506321487177e-08,0.0
Thiruvadanai_RamnadRD_D (Tamil Nadu),,transit_hub,1.3666666666666667,30,1.1229267964021425e-06,0.00037914454906630223,1,1,0.0,2.1599208331493534e-08,0.0
Hanskhali_Central_D_1 (West Bengal),Bengaluru,unknown,20.0,1,0.0,0.0003327710763244517,1,0,0.0,0.0,0.0
Mumbai_Tejpal_I (Maharashtra),Mumbai,unknown,14.31304347826087,115,0.0,0.00043412771061173463,2,0,0.0,0.0,0.0
KN_RPC (Delhi),Delhi,unknown,8.469696969696969,66,0.0,0.00017370619812826087,1,0,0.0,0.0,0.0
Lucknow_Aliganj (Uttar Pradesh),Lucknow,unknown,10.5,2,0.0,0.00016823148060961127,1,0,0.0,0.0,0.0
Ranaghat_ArickDPP_D (West Bengal),Bengaluru,gateway_hub,34.0,1,0.0,0.00022524772290535096,1,0,0.0,0.0,0.0
Helencha_ColnyDPP_D (West Bengal),Bengaluru,pickup_point,20.166666666666668,6,0.0,0.0004113306893685997,1,0,0.0,0.0,0.0
Howrah_Salap_DC (West Bengal),Bengaluru,fulfillment_center,1.5,2,0.0,0.00027189321245615124,1,0,0.0,0.0,0.0
Hubli_Dc (Karnataka),,fulfillment_center,26.8,5,0.0,0.00020743745298100716,1,0,0.0,0.0,0.0
Hyderabad_Kondapur_D (Telangana),Hyderabad,unknown,16.0,2,0.0,0.0002932001974291688,1,0,0.0,0.0,0.0
Hyderabad_Shamshbd_P (Telangana),Hyderabad,unknown,13.04225352112676,142,0.0,0.0005202382839984216,3,0,0.0,0.0,0.0
Hyderabad_South_D_12 (Telangana),Hyderabad,transit_hub,13.23076923076923,13,0.0,0.0004599302422792789,1,0,0.0,0.0,0.0
Itanagar_WageDPP_D (Arunachal Pradesh),,pickup_point,32.36842105263158,19,0.0,0.0008577749456617962,2,0,1.0,0.0,0.0
Jaipur_Central_D_1 (Rajasthan),Jaipur,transit_hub,9.5,2,0.0,0.00029578370651006756,1,0,0.0,0.0,0.0
Jalalpur_Mhimapur_D (Uttar Pradesh),,unknown,23.0,2,0.0,0.0008408045218737373,2,0,0.0,0.0,0.0
Jasdan_MotiDPP_D (Gujarat),,pickup_point,3.6,5,0.0,0.00031323211106665163,1,0,0.0,0.0,0.0
Jhabua_Ward11_D (Madhya Pradesh),,unknown,28.772727272727273,22,0.0,0.0004901361488758093,1,0,0.0,0.0,0.0
Jhargram_UBamdDPP_D (West Bengal),Bengaluru,pickup_point,35.53846153846154,26,0.0,0.00033404918063481526,1,0,0.0,0.0,0.0
Ahmedabad_Paldi_D (Gujarat),Ahmedabad,unknown,6.285714285714286,35,0.0,0.00012174463643946594,0,1,0.0,0.0,0.0
Kangra_Central_D_2 (Himachal Pradesh),,unknown,7.0,2,0.0,0.0002013800127756651,1,0,0.0,0.0,0.0
Kangra_Gurkhari_D (Himachal Pradesh),,unknown,20.5,4,0.0,0.00023359673473045245,1,0,0.0,0.0,0.0
Kannad_KolheDPP_D (Maharashtra),,pickup_point,5.666666666666667,3,0.0,0.00024655265558450436,1,0,0.0,0.0,0.0
Karungaply_Mrtrklgr_D (Kerala),,unknown,1.5,2,0.0,0.00035503389091471455,1,0,0.0,0.0,0.0
Kasaragod_Nullipad_D (Kerala),,unknown,8.5,2,0.0,0.0003661443775309067,1,0,0.0,0.0,0.0
Kasganj_BnkrGate_D (Uttar Pradesh),,unknown,16.5,6,0.0,0.0002750273231302372,1,0,0.0,0.0,0.0
Kawardha_TrnsptNGR_D (Chhattisgarh),,unknown,1.9814814814814814,54,0.0,0.00031323211106665163,1,0,0.0,0.0,0.0
Kerala_Cochin_L (Kerala),,unknown,16.1875,16,0.0,0.00023701634984318258,1,0,0.0,0.0,0.0
Khagaria_GodamDPP_D (Bihar),,pickup_point,21.79245283018868,53,0.0,0.0006864270430571909,2,0,1.0,0.0,0.0
Khalilabad_MrgnjDPP_D (Uttar Pradesh),,pickup_point,9.75,4,0.0,0.0002290165261693653,1,0,0.0,0.0,0.0
Khandela_PlsrdDPP_D (Rajasthan),,pickup_point,20.916666666666668,12,0.0,0.00029815565905635006,1,0,0.0,0.0,0.0
Kolkata_Dankuni_P (West Bengal),Kolkata,unknown,25.146341463414632,41,0.0,0.00032875080937123593,2,0,0.0,0.0,0.0
Thisayanvilai_UdnkdiRD_D (Tamil Nadu),,transit_hub,1.673913043478261,46,6.363251846278808e-06,0.00044633498109321996,1,1,0.0,0.0,0.0
Kollegala_NarsipuraRd_D (Karnataka),,unknown,2.3684210526315788,19,5.614633982010713e-06,0.0006098281482929187,1,1,0.0,0.0,0.0
Hamirpur_KanpurRd_D (Uttar Pradesh),,unknown,6.0,40,0.0,0.0003976214542667793,1,0,0.0,0.0,0.0
Kotputli_LXngrDPP_D (Rajasthan),,pickup_point,10.944444444444445,18,0.0,0.00012174463643946594,0,1,0.0,0.0,0.0
Malvan_BllvMarg_D (Maharashtra),,unknown,10.642857142857142,14,0.0,0.0003801328006116037,1,1,0.0,0.0,0.0
Ludhiana_GillChwk_DC (Punjab),Ludhiana,fulfillment_center,9.692307692307692,52,0.0,0.00012174463643946594,0,3,1.0,0.0,0.0
Meham_GModDPP_D (Haryana),,pickup_point,19.05,20,0.0,0.0003280387709115251,1,3,0.8333333333333334,0.0,0.0
Luxettipet_ShivaDPP_D (Telangana),,pickup_point,21.617021276595743,47,0.0,0.0005313909146246466,1,1,1.0,0.0,0.0
Godda_PushPlza_D (Jharkhand),,unknown,14.333333333333334,3,0.0,0.00032659836898178056,1,1,0.0,0.0,0.0
Kumbakonam_Mettu_DC (Tamil Nadu),,fulfillment_center,17.272727272727273,22,0.0,0.00012174463643946594,0,1,0.0,0.0,0.0
Kumta_Central_DPP_2 (Karnataka),,pickup_point,11.0,12,0.0,0.00035802203424034786,1,1,1.0,0.0,0.0
Kushinagar_KasyaDPP_D (Uttar Pradesh),,pickup_point,41.333333333333336,3,0.0,0.0007446701735346106,2,1,0.0,0.0,0.0
Dumraon_Nishangr_D (Bihar),,unknown,9.84375,32,0.0,0.00034677076178268233,1,1,1.0,0.0,0.0
Durg_Pulgaon_DC (Chhattisgarh),,fulfillment_center,7.4,5,0.0,0.00012174463643946594,0,1,0.0,0.0,0.0
Mandi_Gobindgarh_DC (Punjab),,fulfillment_center,6.25,4,0.0,0.0005831747340262056,2,2,1.0,0.0,0.0
Faizabad_TrnspNgr_D (Uttar Pradesh),Faridabad,unknown,12.952380952380953,42,0.0,0.00012174463643946594,0,1,0.0,0.0,0.0
Faridabad (Haryana),Faridabad,unknown,7.304347826086956,46,0.0,0.0002927616321131012,1,1,0.0,0.0,0.0
Faridabad_Blbgarh_DC (Haryana),Faridabad,fulfillment_center,11.777777777777779,18,0.0,0.00029779154375056107,1,1,0.0,0.0,0.0
Faridabad_MohnVRTL_D (Haryana),Faridabad,unknown,5.875,8,0.0,0.00033551588103151005,1,1,0.0,0.0,0.0
Faridabad_Mthurard_L (Haryana),Faridabad,transit_hub,11.38993710691824,159,0.0,0.00028985513608377754,1,1,0.0,0.0,0.0
Fatehabad_SirsaDPP_D (Haryana),,pickup_point,9.666666666666666,3,0.0,0.00044392728928487263,1,1,1.0,0.0,0.0
Mangrol_JilRDDPP_D (Gujarat),,pickup_point,5.541666666666667,24,0.0,0.0003927030013865465,1,1,1.0,0.0,0.0
Mokokchung_Central_D_1 (Nagaland),,unknown,27.48148148148148,27,0.0,0.000734524185047949,1,1,0.0,0.0,0.0
Koyilandy_Pshrikvu_D (Kerala),,unknown,2.4,40,0.0,0.00033199556044471795,2,1,0.6666666666666666,0.0,0.0
Kozhenchery_Cherukole_D (Kerala),,unknown,6.666666666666667,12,0.0,0.0009827433835660768,1,1,1.0,0.0,0.0
Ghumarwin_Gndhichk_D (Himachal Pradesh),,gateway_hub,29.75,12,0.0,0.00012174463643946594,0,1,0.0,0.0,0.0
Giddarbaha_DC (Punjab),,fulfillment_center,14.5,4,0.0,0.00023195089490082058,1,1,0.0,0.0,0.0
Giridih_Shivalya_D (Jharkhand),,unknown,22.151515151515152,33,0.0,0.0003293172800813869,1,3,0.8333333333333334,0.0,0.0
Goa_Mapusa (Goa),,unknown,39.0,4,0.0,0.00037707581879047904,1,1,0.0,0.0,0.0
Mirik_WardNo3_D (West Bengal),Bengaluru,unknown,78.33333333333333,3,0.0,0.00012174463643946594,0,1,0.0,0.0,0.0
Lucknow_Indira Nagar (Uttar Pradesh),Lucknow,unknown,27.88888888888889,9,0.0,0.00017876087873520562,1,0,0.0,0.0,0.0
Doddablpur_ChikaDPP_D (Karnataka),,pickup_point,4.722222222222222,36,0.0,0.0006509672781668231,1,1,1.0,0.0,0.0
Duddhi_MChwkDPP_D (Uttar Pradesh),,pickup_point,22.0,6,0.0,0.00012174463643946594,0,1,0.0,0.0,0.0
Dudu_NrainaRD_D (Rajasthan),,transit_hub,4.466666666666667,15,0.0,0.0003298642557556966,1,1,0.0,0.0,0.0
Dharwad_Dc (Karnataka),,fulfillment_center,17.0,1,0.0,0.0008884677875506043,2,1,1.0,0.0,0.0
Marthandam_Nallur_D (Tamil Nadu),,transit_hub,25.232558139534884,43,0.0,0.00012174463643946594,0,1,0.0,0.0,0.0
Masaurhi_Blockrd_D (Bihar),,unknown,25.333333333333332,6,0.0,0.00012174463643946594,0,1,0.0,0.0,0.0
Mau_BaliaMod_D (Uttar Pradesh),,unknown,34.5,2,0.0,0.0002811451141598271,1,1,1.0,0.0,0.0
Goa_Margao_Dc (Goa),,fulfillment_center,10.444444444444445,9,0.0,0.0005387621856363815,1,1,0.0,0.0,0.0
Mejia_Central_D_1 (West Bengal),Bengaluru,unknown,12.55,20,0.0,0.00039317458696364207,1,1,1.0,0.0,0.0
Metpally_GunjRDPP_D (Telangana),,pickup_point,7.777777777777778,9,0.0,0.00025254586800825047,1,1,1.0,0.0,0.0
Dholi_WardNo4_D (Bihar),,unknown,14.64102564102564,39,0.0,0.00047709527526955094,1,1,1.0,0.0,0.0
Dhone_RmNyrDPP_D (Andhra Pradesh),,pickup_point,6.133333333333334,15,0.0,0.00037551640346955253,1,1,1.0,0.0,0.0
Gauribidanur_Gurukrpa_D (Karnataka),,unknown,16.142857142857142,14,0.0,0.0005626910827584368,1,1,1.0,0.0,0.0
Ghatal_KrshDPP_D (West Bengal),Bengaluru,gateway_hub,13.35,80,0.0,0.00012174463643946594,0,1,0.0,0.0,0.0
Ghaziabad_Patel Nagar (Uttar Pradesh),Ghaziabad,gateway_hub,19.285714285714285,7,0.0,0.00033438022871028515,1,1,0.0,0.0,0.0
Kotdwara_Nzbadrd_D (Uttarakhand),,unknown,49.275862068965516,29,0.0,0.0006372521673460369,1,1,0.0,0.0,0.0
Kothanalloor_Majoor_D (Kerala),,transit_hub,30.0,1,0.0,0.00012174463643946594,0,1,0.0,0.0,0.0
Koppal_Banikatt_D (Karnataka),,pickup_point,12.555555555555555,45,0.0,0.0002614951576483993,1,1,1.0,0.0,0.0
Mumbai_MiraRoad_M (Maharashtra),Mumbai,unknown,20.375,48,0.0,0.0004934941717464679,2,2,1.0,0.0,0.0
Mumbai_Mumbra_DC (Maharashtra),Mumbai,fulfillment_center,16.375,8,0.0,0.00033800926785616987,1,1,0.0,0.0,0.0
Mumbai_Nerul_D (Maharashtra),Mumbai,unknown,30.0,1,0.0,0.00021323515443864995,1,1,0.0,0.0,0.0
Mumbai_Panvel_D (Maharashtra),Mumbai,unknown,12.323076923076924,65,0.0,0.00027721871931389624,1,1,0.0,0.0,0.0
Modinagar_SikriKla_DC (Uttar Pradesh),,fulfillment_center,16.0,6,0.0,0.00040177827832339893,1,1,1.0,0.0,0.0
Delhi_Palam (Delhi),Delhi,unknown,5.0,1,0.0,0.00012174463643946594,0,1,0.0,0.0,0.0
Morbi_DC (Gujarat),,fulfillment_center,4.92,25,0.0,0.00012174463643946594,0,2,1.0,0.0,0.0
Morena_Prjapati_D (Madhya Pradesh),,unknown,14.5,2,0.0,0.0003547866468963392,1,1,1.0,0.0,0.0
Mothkur_Mainroad_D (Telangana),,transit_hub,10.166666666666666,12,0.0,0.000269504254337106,1,1,1.0,0.0,0.0
Dhanbad_Central_D_4 (Jharkhand),,unknown,9.333333333333334,3,0.0,0.00012174463643946594,0,1,0.0,0.0,0.0
Dhar_Trimurti_D (Madhya Pradesh),,unknown,6.223880597014926,67,0.0,0.00012174463643946594,0,1,0.0,0.0,0.0
Dharamshala_GrudwrRd_D (Himachal Pradesh),,unknown,17.666666666666668,6,0.0,0.00012174463643946594,0,1,0.0,0.0,0.0
Mumbai Antop Hill (Maharashtra),Mumbai,unknown,26.857142857142858,14,0.0,0.00012174463643946594,0,1,0.0,0.0,0.0
Mumbai Mahim (Maharashtra),Mumbai,unknown,4.0,2,0.0,0.00012174463643946594,0,1,0.0,0.0,0.0
Mumbai_Ambernath_Dc (Maharashtra),Mumbai,fulfillment_center,21.580645161290324,31,0.0,0.00012174463643946594,0,1,0.0,0.0,0.0
Mumbai_CotnGren_M (Maharashtra),Mumbai,unknown,14.487804878048781,82,0.0,0.0005303466477016904,2,2,1.0,0.0,0.0
Mumbai_Jogeshwri_L (Maharashtra),Mumbai,unknown,10.634615384615385,52,0.0,0.000308705119263081,1,1,0.0,0.0,0.0
Mumbai_Kalyan (Maharashtra),Mumbai,unknown,17.833333333333332,12,0.0,0.000503388103645414,1,1,0.0,0.0,0.0
Mumbai_Kalyan West _Dc (Maharashtra),Mumbai,fulfillment_center,12.857142857142858,21,0.0,0.00048218568880063913,1,1,0.0,0.0,0.0
Mumbai_MaladWest_CP (Maharashtra),Mumbai,unknown,17.17142857142857,35,0.0,0.00012174463643946594,0,2,0.0,0.0,0.0
Mumbai_MhimWest_C (Maharashtra),Mumbai,unknown,17.083333333333332,24,0.0,0.00012174463643946594,0,2,0.0,0.0,0.0
Nadiad_DC (Gujarat),,fulfillment_center,8.19047619047619,42,0.0,0.00036780662081833693,1,1,1.0,0.0,0.0
Goa_Ponda_Dc (Goa),,fulfillment_center,14.333333333333334,3,0.0,0.0006979220000317717,1,1,0.0,0.0,0.0
Gudivada_GvrCompx_D (Andhra Pradesh),,unknown,12.236842105263158,38,0.0,0.0003689500637782633,1,1,1.0,0.0,0.0
Kokrajhar_HplrdDPP_D (Assam),,pickup_point,17.666666666666668,6,0.0,0.00012174463643946594,0,1,0.0,0.0,0.0
Kolkata_Narynpur_C (West Bengal),Kolkata,unknown,23.633333333333333,30,0.0,0.00012174463643946594,0,1,0.0,0.0,0.0
Kolkata_TrtllaRD_L (West Bengal),Kolkata,unknown,20.77777777777778,27,0.0,0.00042497161607748206,1,1,0.0,0.0,0.0
Naharlagun_JmpuCntr_D (Arunachal Pradesh),,unknown,42.5,2,0.0,0.00012174463643946594,0,1,0.0,0.0,0.0
Nainital_Sookhtal_D (Uttarakhand),,unknown,10.192307692307692,26,0.0,0.0002762627525866068,1,1,1.0,0.0,0.0
Mumbai_Pawane_L (Maharashtra),Mumbai,unknown,13.452380952380953,42,0.0,0.00046495289874913656,2,1,1.0,0.0,0.0
Mumbai_Tejpal_M (Maharashtra),Mumbai,unknown,20.666666666666668,3,0.0,0.00032787620325497617,1,1,0.0,0.0,0.0
Mumbai_Vasai_CP (Maharashtra),Mumbai,unknown,16.214285714285715,84,0.0,0.00012174463643946594,0,3,0.3333333333333333,0.0,0.0
Mumbai_Virar_DC (Maharashtra),Mumbai,fulfillment_center,10.973684210526315,38,0.0,0.00029266981255313926,1,1,0.0,0.0,0.0
Delhi_Kishangarh_DPC (Delhi),Delhi,unknown,11.258064516129032,31,0.0,0.0003432561045976987,2,1,1.0,0.0,0.0
Delhi_Mangol_DC (Delhi),Delhi,fulfillment_center,15.5,2,0.0,0.00039977000294652516,1,1,0.0,0.0,0.0
Delhi_Nangli_L (Delhi),Delhi,unknown,6.0,5,0.0,0.00031086894853931643,1,1,0.0,0.0,0.0
Delhi_North_R_8 (Delhi),Delhi,transit_hub,7.0,6,0.0,0.00030234535396859703,1,1,0.0,0.0,0.0
Dabhoi_Central_DPP_3 (Gujarat),,pickup_point,13.6875,16,0.0,0.00028183618348010583,1,2,1.0,0.0,0.0
Delhi_PunjabiB_L (Delhi),Delhi,unknown,9.333333333333334,99,0.0,0.0002885209257691401,1,1,0.0,0.0,0.0
Delhi_Shahdara (Delhi),Delhi,unknown,20.0,2,0.0,0.0007974152060076108,1,1,0.0,0.0,0.0
Delhi_Wazirpur_L (Delhi),Delhi,unknown,7.9714285714285715,70,0.0,0.00026183671947639225,1,1,0.0,0.0,0.0
Mulbagal_Sunku_D (Karnataka),,unknown,6.8428571428571425,70,0.0,0.0002469068403668628,1,1,1.0,0.0,0.0
Delhi_Barwala (Delhi),Delhi,unknown,17.6,5,0.0,0.00026610396135659287,1,1,0.0,0.0,0.0
Delhi_Bhogal (Delhi),Delhi,unknown,12.68421052631579,19,0.0,0.002143291880158135,1,1,0.0,0.0,0.0
Delhi_Gateway_HB (Delhi),Delhi,gateway_hub,11.62589928057554,695,0.0,0.00012174463643946594,0,3,1.0,0.0,0.0
Delhi_Jhilmil_L (Delhi),Delhi,last_mile_hub,3.7142857142857144,7,0.0,0.0003297813797493015,1,1,0.0,0.0,0.0
Delhi_Kapshera_L (Delhi),Delhi,unknown,9.896341463414634,164,0.0,0.00028338934763591934,1,1,0.0,0.0,0.0
Mundakayam_Central_D_1 (Kerala),,unknown,14.884615384615385,26,0.0,0.0002390957035068669,1,2,1.0,0.0,0.0
Mungaoli_AshkngRd_D (Madhya Pradesh),,unknown,24.857142857142858,14,0.0,0.000184008328168324,1,1,1.0,0.0,0.0
Munger_Kaura_D (Bihar),,unknown,22.25,8,0.0,0.0003242115127564646,2,2,0.6666666666666666,0.0,0.0
Murshidabad_Sirjudol_D (West Bengal),Bengaluru,unknown,12.604166666666666,48,0.0,0.00012174463643946594,0,2,1.0,0.0,0.0
Musiri_ThryrRD_D (Tamil Nadu),,transit_hub,8.590909090909092,22,0.0,0.00012174463643946594,0,1,0.0,0.0,0.0
NOI_RPC (Delhi),Delhi,unknown,34.666666666666664,3,0.0,0.00035517550265037033,1,1,0.0,0.0,0.0
Cochin_PanditRd_D (Kerala),,unknown,11.26086956521739,23,0.0,0.00012174463643946594,0,1,0.0,0.0,0.0
Nagpur_Gondkhry_H (Maharashtra),Nagpur,unknown,15.333333333333334,3,0.0,0.00012174463643946594,0,1,0.0,0.0,0.0
Gomoh_KhsmiDPP_D (Jharkhand),,pickup_point,11.772727272727273,22,0.0,0.00022581383451350984,1,1,0.0,0.0,0.0
Gondia_RamNgr_D (Maharashtra),,unknown,16.72222222222222,18,0.0,0.00012174463643946594,0,1,0.0,0.0,0.0
Gonikoppal_Thomas_D (Karnataka),,pickup_point,13.541666666666666,24,0.0,0.00017764866652231215,1,1,1.0,0.0,0.0
Narsingpur_JrjolDPP_D (Madhya Pradesh),Nagpur,pickup_point,9.375,8,0.0,0.000380725751656495,1,1,0.0,0.0,0.0
Nasirabad_Central_DPP_2 (Rajasthan),,pickup_point,31.2,20,0.0,0.0004878059241846275,1,1,1.0,0.0,0.0
Nakhatrana_ClgRDDPP_D (Gujarat),,pickup_point,27.0,2,0.0,0.0002866823865921286,2,1,1.0,0.0,0.0
Nalagarh_Central_DPP_2 (Himachal Pradesh),,pickup_point,28.58695652173913,46,0.0,0.00012174463643946594,0,2,0.0,0.0,0.0
Degana_BhukrdPP_D (Rajasthan),,pickup_point,21.166666666666668,24,0.0,0.00043614603257282307,1,1,1.0,0.0,0.0
Degloor_Busstand_D (Maharashtra),,unknown,6.875,8,0.0,0.000475196379325291,1,1,1.0,0.0,0.0
Dehradun_Nirjanpur_L (Uttarakhand),,unknown,16.709923664122137,131,0.0,0.0005494460632435143,2,1,0.0,0.0,0.0
Dehradun_Selakui_D (Uttarakhand),,unknown,34.7037037037037,27,0.0,0.00012174463643946594,0,1,0.0,0.0,0.0
DehriSone_Dilliyan_D (Bihar),,unknown,9.666666666666666,15,0.0,0.0005075218059297084,1,1,0.0,0.0,0.0
Coimbatore_ElngoNgr_C (Tamil Nadu),Coimbatore,unknown,10.153846153846153,13,0.0,0.00012174463643946594,0,1,0.0,0.0,0.0
Narasnpeta_HudcoDPP_D (Andhra Pradesh),,fulfillment_center,11.90625,32,0.0,0.000458083498804608,1,1,1.0,0.0,0.0
Cherthala_Mulapali_D (Kerala),,transit_hub,21.761904761904763,21,0.0,0.00012174463643946594,0,1,0.0,0.0,0.0
Dahanu_KetyDPP_D (Maharashtra),,pickup_point,22.833333333333332,6,0.0,0.0008058502011170181,1,1,0.0,0.0,0.0
Dalkhola_DltprDPP_D (West Bengal),Bengaluru,pickup_point,12.0,3,0.0,0.00012174463643946594,0,1,0.0,0.0,0.0
Daurala_Sardhnrd_D (Uttar Pradesh),,unknown,34.0,1,0.0,0.00012174463643946594,0,1,0.0,0.0,0.0
Koraput_GhtimDPP_D (Orissa),,gateway_hub,7.5,2,0.0,0.0005500647369541363,1,1,1.0,0.0,0.0
Koratla_BhemuDPP_D (Telangana),,pickup_point,32.0,2,0.0,0.00012174463643946594,0,1,0.0,0.0,0.0
Korba_Tilknagr_DC (Chhattisgarh),,fulfillment_center,31.37037037037037,27,0.0,0.00012174463643946594,0,1,0.0,0.0,0.0
Khedbrahma_Patelfli_D (Gujarat),,unknown,10.833333333333334,36,0.0,0.0002821395466486859,1,1,1.0,0.0,0.0
Khonsa_Central_D_1 (Arunachal Pradesh),,unknown,18.96385542168675,83,0.0,0.00012174463643946594,0,1,0.0,0.0,0.0
Chimkurthy_MSRClgRd_D (Andhra Pradesh),,transit_hub,16.658536585365855,41,0.0,0.0003013009169850295,1,1,1.0,0.0,0.0
Naugarh_Central_D_1 (Uttar Pradesh),,unknown,14.857142857142858,7,0.0,0.00012174463643946594,0,1,0.0,0.0,0.0
Nawalgarh_NavldiDPP_D (Rajasthan),,pickup_point,12.307692307692308,39,0.0,0.00031680142294720674,1,1,1.0,0.0,0.0
Chopan_PreetDPP_D (Uttar Pradesh),,pickup_point,43.333333333333336,3,0.0,0.0002743185840558952,1,1,1.0,0.0,0.0
Chotila_Central_D_2 (Gujarat),,unknown,3.5641025641025643,39,0.0,0.00012174463643946594,0,1,0.0,0.0,0.0
Cjb_West_Dc (Tamil Nadu),,fulfillment_center,26.1,30,0.0,0.00030526606181219555,1,1,1.0,0.0,0.0
Cochin_Kdvantra_D (Kerala),,unknown,19.666666666666668,3,0.0,0.000469569876538645,1,1,0.0,0.0,0.0
Chennai_Chrompet_L (Tamil Nadu),Chennai,unknown,12.402298850574713,87,0.0,0.00032344170669121796,1,1,0.0,0.0,0.0
Nilambur_StteHW28_D (Kerala),,unknown,5.571428571428571,7,0.0,0.00012174463643946594,0,1,0.0,0.0,0.0
Nirjuli_BageDPP_D (Arunachal Pradesh),,pickup_point,43.0,2,0.0,0.00012174463643946594,0,1,0.0,0.0,0.0
Noida_Chukhndi_D (Uttar Pradesh),Noida,unknown,5.051724137931035,58,0.0,0.000537973947095356,1,1,0.0,0.0,0.0
Noida_Sec-83_DC (Uttar Pradesh),Noida,fulfillment_center,10.407407407407407,27,0.0,0.000948122408460066,2,1,1.0,0.0,0.0
Noida_Sector63_L (Uttar Pradesh),Noida,unknown,12.758454106280194,207,0.0,0.00032879249445727613,1,1,0.0,0.0,0.0
Noida_Surajpur_DC (Uttar Pradesh),Noida,fulfillment_center,18.41176470588235,17,0.0,0.00012174463643946594,0,2,1.0,0.0,0.0
Chhindwara_NagpurRd_D (Madhya Pradesh),Nagpur,unknown,11.478260869565217,46,0.0,0.0007616397464094304,2,2,0.6666666666666666,0.0,0.0
Gooty_StatonRd_D (Andhra Pradesh),,unknown,15.93939393939394,33,0.0,0.0004536691249837807,1,1,1.0,0.0,0.0
GreaterThane_Anjur_C (Maharashtra),,transit_hub,10.625,48,0.0,0.00012174463643946594,0,1,0.0,0.0,0.0
Guwahati_East (Assam),Guwahati,unknown,4.5,2,0.0,0.00012174463643946594,0,1,0.0,0.0,0.0
Guwahati_Jalukbari (Assam),Guwahati,unknown,8.513513513513514,37,0.0,0.00012174463643946594,0,2,0.0,0.0,0.0
Khamgaon_WamanDPP_D (Maharashtra),,pickup_point,25.5,2,0.0,0.00033963186762439097,1,1,1.0,0.0,0.0
Khanna_DC (Punjab),,fulfillment_center,8.833333333333334,12,0.0,0.0006023906656848826,2,1,1.0,0.0,0.0
Chennai_Thiruvlr_DC (Tamil Nadu),Chennai,fulfillment_center,14.090909090909092,11,0.0,0.00027734424243774393,1,1,1.0,0.0,0.0
Chennai_Vandalur_Dc (Tamil Nadu),Chennai,fulfillment_center,6.0,2,0.0,0.0007509655588658437,2,1,1.0,0.0,0.0
Khurdha_MdhsnDPP_D (Orissa),,pickup_point,6.0,3,0.0,0.0002271374447660632,2,1,1.0,0.0,0.0
Chhapra_Prbhunth_D (Bihar),,transit_hub,37.06060606060606,33,0.0,0.00012174463643946594,0,2,1.0,0.0,0.0
Chhata_GvrdnDPP_D (Uttar Pradesh),,pickup_point,7.717391304347826,46,0.0,0.00012174463643946594,0,2,1.0,0.0,0.0
Chhaygaon_GwhRDDPP_D (Assam),,gateway_hub,10.333333333333334,9,0.0,0.00017155063293432788,1,1,0.0,0.0,0.0
OK_RPC (Delhi),Delhi,unknown,9.333333333333334,6,0.0,0.0003998621382974935,1,1,0.0,0.0,0.0
PNQ Pashan DPC (Maharashtra),,unknown,7.431372549019608,51,0.0,0.00036074164199535475,1,1,0.0,0.0,0.0
PNQ Rahatani DPC (Maharashtra),,unknown,15.0,4,0.0,0.0008058502011170182,1,1,0.0,0.0,0.0
Pahasu_Kanongyn_D (Uttar Pradesh),,unknown,7.333333333333333,30,0.0,0.00025755423788437643,1,1,1.0,0.0,0.0
Palakollu_CroadDPP_D (Andhra Pradesh),,pickup_point,25.666666666666668,12,0.0,0.0002990006495359232,1,1,0.0,0.0,0.0
Palakonda_VadaiDPP_D (Andhra Pradesh),,pickup_point,10.441176470588236,34,0.0,0.0003480901039934926,1,1,1.0,0.0,0.0
Coonoor_Fairybnk_D (Tamil Nadu),,unknown,5.333333333333333,18,0.0,0.0005554156355243915,1,1,1.0,0.0,0.0
Nellore_DC (Andhra Pradesh),,fulfillment_center,14.029535864978904,237,0.0,0.0003063612587242878,1,1,1.0,0.0,0.0
Kayamkulam_Bhrnikvu_D (Kerala),,unknown,30.0,1,0.0,0.00012174463643946594,0,1,0.0,0.0,0.0
Kazhakkoottam_Rdiosttn_D (Kerala),,unknown,3.9761904761904763,42,0.0,0.00012174463643946594,0,2,1.0,0.0,0.0
Gurgaon_Begumpur_CP (Haryana),Gurgaon,unknown,7.268571428571429,175,0.0,0.00012174463643946594,0,2,0.0,0.0,0.0
Gurgaon_Bilaspur_RP (Haryana),Gurgaon,unknown,10.693693693693694,111,0.0,0.00012174463643946594,0,2,0.0,0.0,0.0
Chandigarh (Chandigarh),Chandigarh,unknown,16.0,4,0.0,0.000450400758322912,1,1,0.0,0.0,0.0
Chennai_Egmore_C (Tamil Nadu),Chennai,unknown,9.0,69,0.0,0.00012174463643946594,0,1,0.0,0.0,0.0
Chennai_Hub (Tamil Nadu),Chennai,unknown,8.540697674418604,344,0.0,0.0009158130043744444,3,3,0.6666666666666666,0.0,0.0
Chennai_Madhavaram_DPC (Tamil Nadu),Chennai,unknown,11.717948717948717,39,0.0,0.0005483112797090853,2,2,1.0,0.0,0.0
Palasa_Central_DPP_1 (Andhra Pradesh),,pickup_point,6.6,25,0.0,0.0006013275429526992,1,2,1.0,0.0,0.0
PaliBirsighpr_CtyLgDPP_D (Madhya Pradesh),,gateway_hub,14.0,2,0.0,0.0003237159960828321,1,1,1.0,0.0,0.0
Palitana_STRdDPP_D (Gujarat),Patna,pickup_point,17.25,4,0.0,0.00012174463643946594,0,1,0.0,0.0,0.0
Palwal (Haryana),,unknown,12.31578947368421,38,0.0,0.00032294110193786037,1,1,0.0,0.0,0.0
Panaji Goa (Goa),,unknown,10.0,8,0.0,0.00047773522721732077,1,1,0.0,0.0,0.0
Chennai_Selaiyur_DC (Tamil Nadu),Chennai,fulfillment_center,5.5,2,0.0,0.00012174463643946594,0,1,0.0,0.0,0.0
Panipat_PC (Haryana),,unknown,23.095238095238095,21,0.0,0.0002831616323792329,1,2,1.0,0.0,0.0
Panna_Mohnprwa_D (Madhya Pradesh),Patna,unknown,18.5,12,0.0,0.00023192684331807908,1,1,1.0,0.0,0.0
Parakkdavu_KeRoad_D (Kerala),,unknown,6.7,30,0.0,0.00023467850744012913,1,2,1.0,0.0,0.0
Changlang_Central_D_1 (Arunachal Pradesh),,unknown,24.25,8,0.0,0.000636759034570927,1,1,0.0,0.0,0.0
Chennai_Alandur_C (Tamil Nadu),Chennai,unknown,8.578313253012048,83,0.0,0.00012174463643946594,0,1,0.0,0.0,0.0
Chennai_AshokNagar_DC (Tamil Nadu),Chennai,fulfillment_center,13.5,2,0.0,0.00012174463643946594,0,1,0.0,0.0,0.0
Brahmapuri_DhnliRth_D (Maharashtra),,transit_hub,12.64,50,0.0,0.00012174463643946594,0,2,1.0,0.0,0.0
Khurdha_MunplDPP_D (Orissa),,pickup_point,3.8,5,0.0,0.00014883109047098223,1,2,1.0,0.0,0.0
Hamirpur_GutmgrCl_D (Himachal Pradesh),,unknown,20.285714285714285,7,0.0,0.00012174463643946594,0,1,0.0,0.0,0.0
Hansi_DelRdDPP_D (Haryana),,pickup_point,17.8,5,0.0,0.00042814588522846865,2,2,0.8333333333333334,0.0,0.0
Kashipur_Vaishali_D (Uttarakhand),,unknown,22.5,18,0.0,0.00164224483973313,3,2,1.0,0.0,0.0
Katihar_Shyndco_D (Bihar),,fulfillment_center,24.833333333333332,6,0.0,0.0003217876661336708,1,1,0.0,0.0,0.0
Pithorgarh_Kumud_D (Uttarakhand),,transit_hub,25.025,40,0.0,0.0005035632142448255,2,1,1.0,0.0,0.0
Pokhran_SttinDPP_D (Rajasthan),,pickup_point,6.966666666666667,30,0.0,0.00026127112648297604,2,1,1.0,0.0,0.0
Chennai_Mdhavram_C (Tamil Nadu),Chennai,unknown,6.944444444444445,72,0.0,0.00012174463643946594,0,1,0.0,0.0,0.0
Chennai_Mylapore (Tamil Nadu),Chennai,unknown,8.0,1,0.0,0.0002562753893370159,1,1,0.0,0.0,0.0
Parwanoo_Central_D_1 (Himachal Pradesh),,unknown,47.666666666666664,3,0.0,0.00025263877885372513,1,2,1.0,0.0,0.0
Patran_MheshNGR_D (Punjab),,unknown,17.636363636363637,11,0.0,0.0006396377727595918,2,2,1.0,0.0,0.0
Pattukotai_anthniyr_D (Tamil Nadu),,transit_hub,12.8125,16,0.0,0.00012174463643946594,0,1,0.0,0.0,0.0
Pauri_Khndyusn_D (Uttarakhand),,unknown,18.166666666666668,12,0.0,0.00012174463643946594,0,1,0.0,0.0,0.0
Chamorshi_Central_DPP_1 (Maharashtra),,pickup_point,7.0,3,0.0,0.0011477484224362545,2,1,1.0,0.0,0.0
Champhai_AwmpiVng_D (Mizoram),,unknown,97.875,8,0.0,0.0008058502011170182,1,1,0.0,0.0,0.0
Ramanagara_BMRd_DC (Karnataka),,fulfillment_center,13.045454545454545,22,0.0,0.00012174463643946594,0,1,0.0,0.0,0.0
Chandigarh_Mohali (Chandigarh),Chandigarh,unknown,4.4868421052631575,76,0.0,0.0005195789268819807,2,1,1.0,-0.0,-0.0
Chhibramau_Bhainpura_D (Uttar Pradesh),,unknown,6.7,20,0.0,0.00020384839904598624,1,1,1.0,0.0,0.0
Chaksu_TonkRoad_D (Rajasthan),,transit_hub,5.166666666666667,18,0.0,0.0003459559788987041,1,1,1.0,0.0,0.0
Pune Balaji Nagar (Maharashtra),Pune,unknown,23.0,6,0.0,0.0006611269716326249,1,1,0.0,0.0,0.0
Pune_Chinchwad DC (Maharashtra),Pune,fulfillment_center,38.0,1,0.0,0.00012174463643946594,0,1,0.0,0.0,0.0
Chandigarh_Panchkula (Chandigarh),Chandigarh,unknown,7.914893617021277,47,0.0,0.00012174463643946594,0,1,0.0,0.0,0.0
Chandigarh_Raiprkln_C (Chandigarh),Chandigarh,unknown,7.352941176470588,51,0.0,0.00012174463643946594,0,2,0.0,0.0,0.0
Chandigarh_Raiprvlg_L (Chandigarh),Chandigarh,unknown,8.758928571428571,112,0.0,0.00038385803734897975,1,1,0.0,0.0,0.0
Phagwara_Lovely_D (Punjab),,gateway_hub,5.764705882352941,34,0.0,0.00041201182433822165,1,1,0.0,0.0,0.0
Phusro_RhmgjDPP_D (Jharkhand),,pickup_point,16.6,5,0.0,0.00028149004895682955,1,1,1.0,0.0,0.0
Pilibanga_BsstdDPP_D (Rajasthan),,pickup_point,3.411764705882353,17,0.0,0.0004376829498297421,1,1,1.0,0.0,0.0
Pilkhuwa_HapurRD_D (Uttar Pradesh),,unknown,11.1875,80,0.0,0.0007035307377973238,2,2,1.0,0.0,0.0
Piparcity_BsstdDPP_D (Rajasthan),,pickup_point,18.88888888888889,18,0.0,0.00041282264185113086,1,1,1.0,0.0,0.0
Bolpur_WebelDPP_D (West Bengal),Bengaluru,pickup_point,27.76923076923077,13,0.0,0.0003120242569234048,1,1,1.0,0.0,0.0
Bomdila_CTRoad_D (Arunachal Pradesh),,unknown,27.333333333333332,6,0.0,0.00012174463643946594,0,1,0.0,0.0,0.0
Gurgaon_Kadipur (Haryana),Gurgaon,unknown,12.0,19,0.0,0.00020554322314852392,1,1,1.0,0.0,0.0
Brajrajnagar_LamtiDPP_D (Orissa),,pickup_point,22.1,10,0.0,0.00012174463643946594,0,1,0.0,0.0,0.0
Bulndshahr_Ymunpurm_D (Uttar Pradesh),,unknown,30.6,5,0.0,0.00012174463643946594,0,1,0.0,0.0,0.0
CCU_Beleghta_CP (West Bengal),Bengaluru,gateway_hub,29.272727272727273,11,0.0,0.00012174463643946594,0,1,0.0,0.0,0.0
CCU_Beliaghata_DPC (West Bengal),Bengaluru,gateway_hub,21.095238095238095,42,0.0,0.0005974947984435128,2,2,1.0,0.0,0.0
CCU_Hub (West Bengal),Bengaluru,unknown,47.0,2,0.0,0.00035011234857428486,1,1,1.0,0.0,0.0
CCU_Lake Avenue_DPC (West Bengal),Bengaluru,unknown,19.272727272727273,11,0.0,0.0005615571490586605,2,2,1.0,0.0,0.0
Central Goa (Goa),,unknown,11.333333333333334,3,0.0,0.0005145209215976991,1,1,0.0,0.0,0.0
Chabua_CollgeRD_D (Assam),,unknown,9.05,20,0.0,0.00038836656365628003,1,2,1.0,0.0,0.0
Chakia_Wardno10_D (Bihar),,unknown,15.533333333333333,30,0.0,0.0003980274860669489,1,1,1.0,0.0,0.0
Karur (Tamil Nadu),,unknown,12.25925925925926,27,0.0,0.00012174463643946594,0,1,0.0,0.0,0.0
Guwahati_North (Assam),Guwahati,transit_hub,8.88888888888889,18,0.0,0.0002390356435624786,1,1,0.0,0.0,0.0
Guwahati_Sixmile (Assam),Guwahati,unknown,10.208333333333334,24,0.0,0.00023439020104841615,1,1,0.0,-0.0,-0.0
Guwahati_UzanBazr_DC (Assam),Guwahati,fulfillment_center,22.3,20,0.0,0.00012174463643946594,0,1,0.0,0.0,0.0
Biswan_PatelNGR_D (Uttar Pradesh),,unknown,18.263157894736842,38,0.0,0.00012174463643946594,0,1,0.0,0.0,0.0
Blr_Domlur (Karnataka),,unknown,10.714285714285714,7,0.0,0.00012174463643946594,0,1,0.0,0.0,0.0
Bihta_ShivNgar_D (Bihar),,unknown,31.727272727272727,11,0.0,0.00012174463643946594,0,1,0.0,0.0,0.0
Pune_East_D_8 (Maharashtra),Pune,unknown,30.0,4,0.0,0.000536505385315367,1,1,0.0,0.0,0.0
Pune_Mundhawa_L (Maharashtra),Pune,unknown,12.652631578947368,95,0.0,0.000361440208325076,1,1,0.0,0.0,0.0
Pune_North_D_3 (Maharashtra),Pune,transit_hub,11.287878787878787,66,0.0,0.0008058502011170182,1,1,0.0,0.0,0.0
Pune_PC (Maharashtra),Pune,unknown,24.441176470588236,34,0.0,0.0005002466814374799,1,1,0.0,0.0,0.0
Puranpur_MdothdRD_D (Uttar Pradesh),,transit_hub,19.35,40,0.0,0.0007726490302237786,1,1,1.0,0.0,0.0
Boisar_OstwlEmp_D (Maharashtra),,unknown,10.411764705882353,51,0.0,0.000805850201117018,1,1,0.0,0.0,0.0
Bijapur_KirtiNgr_D (Karnataka),,unknown,25.083333333333332,12,0.0,0.0002624536251194474,1,1,0.0,0.0,0.0
Rasipurm_Knrpati_D (Tamil Nadu),Raipur,unknown,10.2,20,0.0,0.00012174463643946594,0,1,0.0,0.0,0.0
Raiganj_SubrtDPP_D (West Bengal),Bengaluru,pickup_point,4.0,9,0.0,0.0003550896958471817,1,1,1.0,0.0,0.0
Raipur_BypRDDPP_D (Rajasthan),Raipur,pickup_point,21.5,2,0.0,0.0004924394752692312,1,1,1.0,0.0,0.0
Raipur_Katora_IP (Chhattisgarh),Raipur,unknown,18.142857142857142,7,0.0,0.00012174463643946594,0,1,0.0,0.0,0.0
Rajkot_Kothriya_DC (Gujarat),Rajkot,fulfillment_center,5.625,8,0.0,0.00012174463643946594,0,1,0.0,0.0,0.0
Bikaner_DC (Rajasthan),,fulfillment_center,14.5,6,0.0,0.00033428665415369035,1,1,0.0,0.0,0.0
Bilaspur_Torwa_DC (Chhattisgarh),,fulfillment_center,22.333333333333332,3,0.0,0.00012174463643946594,0,1,0.0,0.0,0.0
Gurgaon_Central_D_15 (Haryana),Gurgaon,unknown,8.142857142857142,7,0.0,0.00012174463643946594,0,1,0.0,0.0,0.0
Shamshabad_Lngrguda_D (Telangana),,unknown,7.0,4,0.0,0.000373725970121612,1,0,0.0,0.0,0.0
Guwahati_Chandmari (Assam),Guwahati,unknown,36.166666666666664,6,0.0,0.0003560011379368977,1,1,0.0,0.0,0.0
Karimganj_Alngjuri_D (Assam),,unknown,27.7,10,0.0,0.0006257057241753433,2,1,1.0,0.0,0.0
Karimnagar_DC (Telangana),,fulfillment_center,10.2,20,0.0,0.00012174463643946594,0,2,1.0,0.0,0.0
Bhilad_Umargaon_DC (Gujarat),,fulfillment_center,5.5,4,0.0,0.00014835086292425313,1,1,0.0,0.0,0.0
Bhind_EtwahDPP_D (Madhya Pradesh),Bhiwandi,pickup_point,31.761904761904763,21,0.0,0.00047152156018431265,1,1,1.0,0.0,0.0
Bhiwadi DC (Rajasthan),Bhiwandi,fulfillment_center,32.53846153846154,26,0.0,0.00012174463643946594,0,2,1.0,0.0,0.0
Bhopal MP Nagar (Madhya Pradesh),Bhopal,unknown,9.6,20,0.0,0.0005384528480327697,1,1,0.0,0.0,0.0
Bhopal_Kolar Mandakni (Madhya Pradesh),Bhopal,unknown,21.44,25,0.0,0.0007571578789571399,1,1,0.0,0.0,0.0
Reengus_Shop2DPP_D (Rajasthan),,pickup_point,5.805555555555555,36,0.0,0.0006919638284644095,2,1,0.6666666666666666,0.0,0.0
Ranebennur_SriRmNGR_D (Karnataka),,unknown,5.77027027027027,74,0.0,0.000726339330730706,1,1,1.0,0.0,0.0
Bhopal_Old City (Madhya Pradesh),Bhopal,unknown,17.571428571428573,42,0.0,0.0005159701934542849,1,1,0.0,0.0,0.0
Bhubaneshwar_Nayapalli (Orissa),Bhubaneswar,unknown,5.741935483870968,31,0.0,0.00012174463643946594,0,4,0.8333333333333334,0.0,0.0
Bhubaneswar_BjbNgr_DC (Orissa),Bhubaneswar,fulfillment_center,5.333333333333333,6,0.0,0.00012174463643946594,0,1,0.0,0.0,0.0
Bhubaneswar_Patia (Orissa),Bhubaneswar,unknown,22.0,1,0.0,0.00012174463643946594,0,1,0.0,0.0,0.0
Bhusawal_Samarth_D (Maharashtra),,transit_hub,9.63888888888889,36,0.0,0.0005925743722367893,1,1,1.0,0.0,0.0
Kanpur_Rawatpur_D (Uttar Pradesh),,unknown,12.333333333333334,6,0.0,0.0008022424800102466,1,1,0.0,0.0,0.0
Kanth_Dayanand_D (Uttar Pradesh),,transit_hub,1.25,16,0.0,0.0001956773908863792,1,1,1.0,0.0,0.0
Kanti_Central_DPP_2 (Bihar),,pickup_point,4.5,30,0.0,0.0007923634289216055,2,2,1.0,0.0,0.0
Hapur_Swargash_D (Uttar Pradesh),,unknown,13.575,40,0.0,0.0006516889833978839,2,2,1.0,0.0,0.0
Harraiya_MahuGDPP_D (Uttar Pradesh),,pickup_point,3.5,6,0.0,0.00012174463643946594,0,1,0.0,0.0,0.0
Hathras (Uttar Pradesh),,transit_hub,32.3,10,0.0,0.00012174463643946594,0,1,0.0,0.0,0.0
Bhadohi_Rajpura_D (Uttar Pradesh),Raipur,unknown,27.5,2,0.0,0.00012174463643946594,0,1,0.0,0.0,0.0
Bhadrachalam_ITDARd_D (Telangana),,unknown,11.097560975609756,41,0.0,0.00012174463643946594,0,2,1.0,0.0,0.0
Bhagalpur_Pbroad_DC (Bihar),,fulfillment_center,34.45161290322581,31,0.0,0.00015794279386019554,1,1,1.0,0.0,0.0
Ahmedabad_Mithakal_D (Gujarat),Ahmedabad,transit_hub,14.24,50,0.0,0.00012174463643946594,0,1,0.0,0.0,0.0
Rawatsar_ShivmDPP_D (Rajasthan),,pickup_point,6.5,2,0.0,0.0005780676272076973,2,1,0.6666666666666666,0.0,0.0
Rayadurgam_RailGate_D (Andhra Pradesh),,unknown,11.055555555555555,36,0.0,0.00046421354670973943,1,1,1.0,0.0,0.0
Razole_Shanthi_D (Andhra Pradesh),,transit_hub,18.0,2,0.0,0.0012393679445523525,2,1,1.0,0.0,0.0
Bhatiya_Kalyanpr_D (Gujarat),,unknown,8.272727272727273,22,0.0,0.00021536588477255705,1,1,1.0,0.0,0.0
Bhatpara_TrengaRD_D (Chhattisgarh),,unknown,5.433333333333334,60,0.0,0.00012174463643946594,0,1,0.0,0.0,0.0
Bhavnagar_Mahuva_DC (Gujarat),,fulfillment_center,17.0,2,0.0,0.0018870183710999139,1,1,0.0,0.0,0.0
Rewa_Dc (Madhya Pradesh),,fulfillment_center,36.75,4,0.0,0.00036942149628276476,2,1,1.0,0.0,0.0
Zirakpur_DC (Punjab),,fulfillment_center,3.203883495145631,103,0.0,0.00032101213420693254,1,0,0.0,0.0,0.0
Roing_DibngVly_D (Arunachal Pradesh),,unknown,10.12,25,0.0,0.00039978233060233224,1,1,1.0,0.0,0.0
Rona_GadagRD_D (Karnataka),,unknown,17.3125,32,0.0,0.0003254372124182749,1,1,1.0,0.0,0.0
Roorkee_Dc (Uttarakhand),,fulfillment_center,19.444444444444443,27,0.0,0.0003448810380352517,1,1,1.0,0.0,0.0
Roorkee_IOTCEncl_L (Uttarakhand),,unknown,29.5,4,0.0,0.00035668978951066066,1,1,1.0,0.0,0.0
Bewar_BndhuTRH_D (Uttar Pradesh),,unknown,15.539007092198581,141,0.0,0.00012174463643946594,0,1,0.0,0.0,0.0
Hajipur_ThaneDPP_D (Bihar),Raipur,pickup_point,29.0,1,0.0,0.00012174463643946594,0,1,0.0,0.0,0.0
AMD_Memnagar (Gujarat),,unknown,10.108695652173912,46,0.0,0.00043506844534753407,1,1,0.0,0.0,0.0
Haldwani_PiliKoti_D (Uttarakhand),,unknown,16.833333333333332,12,0.0,0.0003318638717614354,1,1,0.0,0.0,0.0
Halvad_CrossRD_D (Gujarat),,unknown,12.125,16,0.0,0.0003197027144555805,1,1,1.0,0.0,0.0
Kanigiri_Tiglgndi_D (Andhra Pradesh),,unknown,6.298245614035087,57,0.0,0.00029375653544950163,1,1,1.0,0.0,0.0
AMD_Rakhial (Gujarat),,unknown,11.071428571428571,56,0.0,0.00012174463643946594,0,1,0.0,0.0,0.0
Kanpur_Central_D_5 (Uttar Pradesh),,unknown,14.0,3,0.0,0.00012174463643946594,0,1,0.0,0.0,0.0
Kanpur_Central_D_7 (Uttar Pradesh),,unknown,8.23076923076923,13,0.0,0.0004373378392549005,1,1,0.0,0.0,0.0
Kanpur_GovndNgr_DC (Uttar Pradesh),,fulfillment_center,17.25,4,0.0,0.0004176132640789358,1,1,0.0,0.0,0.0
Bengaluru_South_D_20 (Karnataka),Bengaluru,transit_hub,6.5,2,0.0,0.00012174463643946594,0,1,0.0,0.0,0.0
Bethamangala_FshryOFC_D (Karnataka),,fulfillment_center,10.925925925925926,27,0.0,0.00045430986257480544,2,1,1.0,0.0,0.0
Betnoti_MhliaDPP_D (Orissa),,pickup_point,12.181818181818182,11,0.0,0.0003111328963468218,1,1,1.0,0.0,0.0
Saundatti_ShanthiS_D (Karnataka),,transit_hub,8.25,4,0.0,0.00012174463643946594,0,1,0.0,0.0,0.0
Abohar_DC (Punjab),,fulfillment_center,7.0,4,0.0,0.00027737238760257207,1,2,1.0,0.0,0.0
Bhandara_RjnaiDPP_D (Maharashtra),,pickup_point,7.771428571428571,35,0.0,0.00012174463643946594,0,1,0.0,0.0,0.0
Safidon_HatRDDPP_D (Haryana),,pickup_point,27.370967741935484,62,0.0,0.00012174463643946594,0,1,0.0,0.0,0.0
Sagara_Vardhard_D (Karnataka),,unknown,3.8857142857142857,35,0.0,0.00030534046693810626,1,2,0.6666666666666666,0.0,0.0
Sakri_DhuleRoad_D (Maharashtra),,unknown,15.666666666666666,18,0.0,0.0006798732918014565,3,1,0.6666666666666666,0.0,0.0
Achrol_BgwriDPP_D (Rajasthan),,gateway_hub,17.85,20,0.0,0.00020030137259756557,1,1,1.0,0.0,0.0
Salem_Kadtmpty_H (Tamil Nadu),,unknown,8.0,4,0.0,0.00012174463643946594,0,1,0.0,0.0,0.0
Samana_PODPP_D (Punjab),,pickup_point,5.9411764705882355,17,0.0,0.000651354214326925,2,2,1.0,0.0,0.0
RampuraPhul_DC (Punjab),,fulfillment_center,5.555555555555555,9,0.0,0.0005025315267779901,1,0,0.0,0.0,0.0
Sandur_WrdN1DPP_D (Karnataka),,pickup_point,49.75,16,0.0,0.0003400465951885595,1,1,1.0,0.0,0.0
Shivpuri_BypassRD_D (Madhya Pradesh),,unknown,13.0,5,0.0,0.0003263500301470082,1,0,0.0,0.0,0.0
Sangola_Central_DPP_3 (Maharashtra),,pickup_point,10.0,10,0.0,0.00037444676824035963,1,1,0.0,0.0,0.0
Husnabad_Greenmkt_D (Telangana),,unknown,16.03846153846154,26,0.0,0.000170465518204921,1,1,1.0,0.0,0.0
Hyd_Chandanagar_Dc (Telangana),Chandigarh,fulfillment_center,7.25,12,0.0,0.00012174463643946594,0,1,0.0,0.0,0.0
Hyd_LB-Nagar_Dc (Telangana),,fulfillment_center,9.5,2,0.0,0.0006052513779451933,1,1,0.0,0.0,0.0
Bengaluru_ Kothanur_L (Karnataka),Bengaluru,transit_hub,24.5,4,0.0,0.00031934733869123173,1,1,0.0,0.0,0.0
Bengaluru_Bagaluru_D (Karnataka),Bengaluru,unknown,10.11111111111111,81,0.0,0.00012174463643946594,0,1,0.0,0.0,0.0
Bengaluru_Banshkri_DC (Karnataka),Bengaluru,fulfillment_center,11.476190476190476,21,0.0,0.0006023401751496123,3,1,1.0,0.0,0.0
Bengaluru_Bnnrghta_L (Karnataka),Bengaluru,gateway_hub,10.117117117117116,111,0.0,0.0004182194161975026,2,2,1.0,0.0,0.0
Sankari_Trchngrd_D (Tamil Nadu),,unknown,16.2,10,0.0,0.00012174463643946594,0,1,0.0,0.0,0.0
Sankerko_AmbkaDPP_D (Orissa),,pickup_point,40.0,2,0.0,0.00012174463643946594,0,1,0.0,0.0,0.0
Saraiya_Wardno4_D (Bihar),,unknown,9.194444444444445,36,0.0,0.0007230889850037671,2,2,1.0,0.0,0.0
Bengaluru_KHRoad_I (Karnataka),Bengaluru,unknown,13.12621359223301,103,0.0,0.0006301588220978702,3,2,1.0,0.0,0.0
Bengaluru_Kadugodi_D (Karnataka),Bengaluru,unknown,9.5,36,0.0,0.0002756379782683425,1,1,0.0,0.0,0.0
Bengaluru_Kengeri_IP (Karnataka),Bengaluru,unknown,6.530612244897959,98,0.0,0.0005249671324080374,3,2,1.0,0.0,0.0
Bengaluru_Nelmngla_L (Karnataka),Bengaluru,last_mile_hub,13.602564102564102,78,0.0,0.00012174463643946594,0,1,0.0,0.0,0.0
Shrimadhopur_RLSTNDPP_D (Rajasthan),,pickup_point,16.5,2,0.0,0.000356293666669408,1,0,0.0,0.0,0.0
Bengaluru_Peenya_L (Karnataka),Bengaluru,unknown,8.222222222222221,63,0.0,0.0005991328830499872,3,1,1.0,0.0,0.0
Barjora_Central_DPP_1 (West Bengal),Bengaluru,pickup_point,5.352941176470588,17,0.0,0.00033493756410883386,1,2,1.0,0.0,0.0
Sikandrabd_GTRoad_D (Uttar Pradesh),,unknown,17.105263157894736,38,0.0,0.0009998115965751456,1,0,0.0,0.0,0.0
Sendhwa_VishnuVhr_D (Madhya Pradesh),,unknown,26.422535211267604,71,0.0,0.00012174463643946594,0,2,1.0,0.0,0.0
Shadnagar_Central_D_1 (Telangana),,unknown,10.53125,32,0.0,0.0004456250130192392,2,1,0.6666666666666666,0.0,0.0
Siruguppa_Wrd12DPP_D (Karnataka),,pickup_point,9.333333333333334,6,0.0,0.00038635747596757735,1,0,0.0,0.0,0.0
Bassi_DmodrNGR_D (Rajasthan),,transit_hub,3.25531914893617,47,0.0,0.0002762762634477128,1,1,1.0,0.0,0.0
Beawar_DC (Rajasthan),,fulfillment_center,23.363636363636363,22,0.0,0.000697144788543884,1,2,0.3333333333333333,0.0,0.0
Hiriyur_TahurDPP_D (Karnataka),,pickup_point,14.181818181818182,22,0.0,0.0003224433727470741,1,1,1.0,0.0,0.0
Sonipat_Kundli_P (Haryana),Kundli,unknown,3.5495495495495497,111,0.0,0.00022524772290535096,1,0,0.0,0.0,0.0
Sultanganj_Wardno3_D (Bihar),,unknown,25.666666666666668,6,0.0,0.00037566951405195695,2,0,1.0,0.0,0.0
Kalpetta_Ward19_D (Kerala),,unknown,14.083333333333334,24,0.0,0.0003335486171610382,1,1,1.0,0.0,0.0
Kalwakurthy_VidyaNGR_D (Telangana),,transit_hub,16.65,20,0.0,0.0002514153600689165,1,1,1.0,0.0,0.0
Kaman_BsstdDPP_D (Rajasthan),,pickup_point,18.186666666666667,75,0.0,0.00015902123914233378,1,1,1.0,0.0,0.0
Hooghly_DC (West Bengal),Bengaluru,gateway_hub,11.333333333333334,51,0.0,0.0008336047729777065,2,2,1.0,0.0,0.0
Hoogly_Bandel_D (West Bengal),Bengaluru,unknown,19.34285714285714,70,0.0,0.0008132212560558644,2,2,1.0,0.0,0.0
Hunsur_RatnaDPP_D (Karnataka),,pickup_point,13.72,25,0.0,0.00012174463643946594,0,2,1.0,0.0,0.0
Jowai_Ldthlabh_D (Meghalaya),,gateway_hub,25.4,5,0.0,0.00029752949709438154,1,1,1.0,0.0,0.0
Surat_Pandesra_Gateway (Gujarat),Surat,gateway_hub,5.0,2,0.0,0.0003178737402681924,1,0,0.0,0.0,0.0
Kadi_KaranNGR_D (Gujarat),,unknown,19.903846153846153,52,0.0,0.00038482764180497984,1,1,1.0,0.0,0.0
Kaikaluru_Atapaka_D (Andhra Pradesh),,unknown,29.0625,48,0.0,0.00042843651006150256,2,1,0.6666666666666666,0.0,0.0
Surat_Varachha_DC (Gujarat),Surat,fulfillment_center,6.90566037735849,53,0.0,0.0003480814650487075,1,0,0.0,0.0,0.0
Tallada_PtrlBunk_D (Telangana),,unknown,19.666666666666668,18,0.0,0.0003683950217061228,1,0,0.0,0.0,0.0
Bengaluru_Bomsndra_L (Karnataka),Bengaluru,unknown,10.5,2,0.0,0.00012174463643946594,0,1,0.0,0.0,0.0
Sheikhpura_Bgwtichk_D (Bihar),,gateway_hub,25.5,6,0.0,0.00016482085669653282,1,1,1.0,0.0,0.0
Sheohar_Ward9DPP_D (Bihar),,pickup_point,39.07692307692308,13,0.0,0.00028521589806116,1,1,1.0,0.0,0.0
Shirdi_SaiBansi_D (Maharashtra),,unknown,7.137931034482759,29,0.0,0.0007338953468327702,3,3,0.6,0.0,0.0
Shirur_Central_DPP_3 (Maharashtra),,pickup_point,18.25,8,0.0,0.0002556392595589743,1,1,1.0,0.0,0.0
Bareilly (Uttar Pradesh),,unknown,13.0,2,0.0,0.0005974198383606823,1,1,1.0,0.0,0.0
Bareilly_Central_D_2 (Uttar Pradesh),,unknown,16.5,32,0.0,0.00012174463643946594,0,2,1.0,0.0,0.0
Bargarh_GurpdDPP_D (Orissa),,pickup_point,19.0,4,0.0,0.00039406128966946725,1,1,0.0,0.0,0.0
Thachnttukra_Nattukal_D (Kerala),,transit_hub,2.3333333333333335,3,0.0,0.00023628960448965786,1,0,0.0,0.0,0.0
Barh_Malahi_D (Bihar),,unknown,34.7,10,0.0,0.00012174463643946594,0,2,1.0,0.0,0.0
Barauli_SiwanRd_D (Bihar),,unknown,8.333333333333334,9,0.0,0.00012174463643946594,0,0,0.0,0.0,0.0
Barbil_PunjbiPd_D (Orissa),,unknown,11.666666666666666,3,0.0,0.0008313796383242817,1,1,0.0,0.0,0.0
Bardhaman_Bankura_D (West Bengal),Bengaluru,unknown,13.733333333333333,15,0.0,0.000330213184940602,1,1,1.0,0.0,0.0
Sonari_Central_DPP_1 (Assam),,pickup_point,16.6,55,0.0,0.0005388773702336461,1,1,0.0,0.0,0.0
Barshi_Kurduwdi_D (Maharashtra),,unknown,17.36413043478261,184,0.0,0.0003490802778704747,1,1,1.0,0.0,0.0
Shujalpur_AstrdDPP_D (Madhya Pradesh),,pickup_point,20.166666666666668,12,0.0,0.0003379212685785793,1,1,1.0,0.0,0.0
Sihora_KtnRdDPP_D (Madhya Pradesh),,pickup_point,19.166666666666668,6,0.0,0.0005663047550619894,1,1,1.0,0.0,0.0
Sillod_ZebaTWR_D (Maharashtra),,unknown,11.25925925925926,81,0.0,0.0005036852320776724,2,1,1.0,0.0,0.0
Silvassa_Samrvrni_D (Dadra and Nagar Haveli),,unknown,15.466666666666667,30,0.0,0.00024124022712653686,1,1,0.0,0.0,0.0
Thirukkatupli_Poondi_D (Tamil Nadu),,transit_hub,18.733333333333334,30,0.0,0.00038804314948388845,1,0,0.0,0.0,0.0
Hyd_Uppal_Dc (Telangana),,fulfillment_center,5.75,4,0.0,0.00012174463643946594,0,1,0.0,0.0,0.0
Hyderabad_Tolichwk_L (Telangana),Hyderabad,intercity_hub,15.6,10,0.0,0.00012174463643946594,0,1,0.0,0.0,0.0
Hyderabad_Uppal_L (Telangana),Hyderabad,pickup_point,14.076923076923077,26,0.0,0.0005194539310363016,1,1,0.0,0.0,0.0
Vaikom_KotyamRD_D (Kerala),,unknown,30.0,1,0.0,0.00022524772290535096,1,0,0.0,0.0,0.0
Joda_Central_D_1 (Orissa),,unknown,22.875,16,0.0,0.00044736275425093507,1,3,1.0,0.0,0.0
Vishakhapatnam (Andhra Pradesh),Visakhapatnam,unknown,8.6,15,0.0,0.00040855603487680774,2,0,0.0,0.0,0.0
Baheri_HoliCDPP_D (Uttar Pradesh),,pickup_point,14.153846153846153,13,0.0,0.0012158439273091761,2,1,1.0,0.0,0.0
Yavatmal_JajuDPP_D (Maharashtra),,pickup_point,16.542857142857144,35,0.0,0.00031323211106665163,1,0,0.0,0.0,0.0
Balipara_EragnDPP_D (Assam),,pickup_point,3.0,3,0.0,0.0002589181962248349,1,1,1.0,0.0,0.0
Balrampur_PBRDDPP_D (Uttar Pradesh),,pickup_point,9.11111111111111,18,0.0,0.0004827867864374119,1,1,1.0,0.0,0.0
Balugaon_Thikiri_D (Orissa),,transit_hub,7.5,2,0.0,0.00012174463643946594,0,1,0.0,0.0,0.0
Sujangarh_JngidDPP_D (Rajasthan),,pickup_point,27.666666666666668,24,0.0,0.00012174463643946594,0,1,0.0,0.0,0.0
Sunam_DC (Punjab),,fulfillment_center,15.13888888888889,36,0.0,0.00012174463643946594,0,2,0.0,0.0,0.0
Agra_Idgah_L (Uttar Pradesh),Agra,unknown,14.75,16,0.0,0.0003136385102704764,1,1,1.0,0.0,0.0
Sitarganj_SidculRd_D (Uttarakhand),,fulfillment_center,24.5,2,0.0,0.00012174463643946594,0,1,0.0,0.0,0.0
Siwan_HnmntNgr_D (Bihar),,unknown,18.25,4,0.0,0.00016263026439404944,1,1,1.0,0.0,0.0
Lalru_OnkarDPP_D (Punjab),,pickup_point,3.4642857142857144,28,0.0,0.00021680118134126603,1,1,1.0,0.0,0.0
Bangana_Bhaleti_D (Himachal Pradesh),,unknown,10.176470588235293,17,0.0,0.00031048119275077556,1,1,1.0,0.0,0.0
Banka_Wardno6_D (Bihar),,unknown,25.243243243243242,37,0.0,0.00012174463643946594,0,2,1.0,0.0,0.0
Bankura_KeranDPP_D (West Bengal),Bengaluru,pickup_point,5.703703703703703,27,0.0,0.0003303559562331209,1,1,1.0,0.0,0.0
Bankura_NapitDPP_D (West Bengal),Bengaluru,pickup_point,4.6,5,0.0,0.00019054083311777887,1,1,0.0,0.0,0.0
Barasat_KrshnNgr_D (West Bengal),Bengaluru,unknown,26.0,2,0.0,0.00012174463643946594,0,1,0.0,0.0,0.0
Jhunjhunu_DC (Rajasthan),,fulfillment_center,6.333333333333333,6,0.0,0.00029260041374978233,1,1,1.0,0.0,0.0
Hyderabad_Alwal_L (Telangana),Hyderabad,unknown,13.55421686746988,166,0.0,0.00045933525189802827,1,1,0.0,0.0,0.0
Hyderabad_Bownplly_C (Telangana),Hyderabad,unknown,8.090909090909092,22,0.0,0.00012174463643946594,0,1,0.0,0.0,0.0
Hyderabad_Chikdply_C (Telangana),Hyderabad,unknown,14.903225806451612,93,0.0,0.00012174463643946594,0,1,0.0,0.0,0.0
Lalsot_NWclyDPP_D (Rajasthan),,pickup_point,7.4375,64,0.0,0.00038163370527951153,1,1,1.0,0.0,0.0
Hyderabad_North_D_2 (Telangana),Hyderabad,transit_hub,8.294117647058824,34,0.0,0.00012174463643946594,0,1,0.0,0.0,0.0
BOM_Sakinaka_RP (Maharashtra),,unknown,19.705882352941178,34,0.0,0.00012174463643946594,0,1,0.0,0.0,0.0
Badkulla_Central_DPP_1 (West Bengal),Bengaluru,pickup_point,34.0,1,0.0,0.00012174463643946594,0,1,0.0,0.0,0.0
Latur_Srnwsngr_D (Maharashtra),,unknown,10.185185185185185,27,0.0,0.0003463751107586645,1,1,1.0,0.0,0.0
Likabali_ZoomCDPP_D (Arunachal Pradesh),,pickup_point,20.3125,16,0.0,0.00012174463643946594,0,1,0.0,0.0,0.0
Sonepur_Sabalpur_D (Bihar),,unknown,26.0,2,0.0,0.00012174463643946594,0,1,0.0,0.0,0.0
Sonipat_AmzonDev_V (Haryana),,unknown,3.5495495495495497,111,0.0,0.00012174463643946594,0,1,0.0,0.0,0.0
Sonipat_Central_D_2 (Haryana),,unknown,16.5,2,0.0,0.0004678261225784142,1,1,0.0,0.0,0.0
Lonavala_NngrgnRd_D (Maharashtra),,unknown,17.65625,32,0.0,0.0003043610785116903,1,1,0.0,0.0,0.0
Srirangapatna_Bburynkpl_D (Karnataka),,unknown,4.0588235294117645,17,0.0,0.00012174463643946594,0,1,0.0,0.0,0.0
Srivijaynagar_BhwanDPP_D (Rajasthan),Bhiwandi,pickup_point,3.0285714285714285,35,0.0,0.00047638247781747354,1,1,1.0,0.0,0.0
Rajgangpur_Central_D_2 (Orissa),,unknown,11.38888888888889,18,0.0,0.00040121649922795236,1,0,0.0,0.0,0.0
Lucknow_Hub (Uttar Pradesh),Lucknow,unknown,24.727272727272727,11,0.0,0.00012174463643946594,0,2,0.0,0.0,0.0
Surat_Brpc (Gujarat),Surat,unknown,3.5,2,0.0,0.00012174463643946594,0,1,0.0,0.0,0.0
Surat_Central_D_12 (Gujarat),Surat,unknown,20.0,2,0.0,0.0004950534316780852,1,1,0.0,0.0,0.0
Surat_Central_D_3 (Gujarat),Surat,unknown,27.5,2,0.0,0.0004213080860693445,1,1,0.0,0.0,0.0
Surat_Central_D_9 (Gujarat),Surat,unknown,43.0,1,0.0,0.00037868312810046724,1,1,0.0,0.0,0.0
Attur_KaaduRd_D (Tamil Nadu),,unknown,6.36,25,0.0,0.0004253286668772568,1,1,0.0,0.0,0.0
Aurangabad_Pratpngr_D (Maharashtra),Aurangabad,unknown,12.151515151515152,33,0.0,0.00012174463643946594,0,1,0.0,0.0,0.0
Avinashi_Valluvar_D (Tamil Nadu),,unknown,3.0,33,0.0,0.0004230048771964953,1,1,1.0,0.0,0.0
BLR_JPNagar_Pc (Karnataka),,unknown,13.977011494252874,87,0.0,0.0005909945959783585,3,2,1.0,0.0,0.0
Kalka_Pinjore_DC (Haryana),,fulfillment_center,27.3125,16,0.0,0.00033290280176805754,2,1,0.3333333333333333,0.0,0.0
Ludhiana_DC (Punjab),Ludhiana,fulfillment_center,4.5,2,0.0,0.00012174463643946594,0,1,0.0,0.0,0.0
Tiruchi_Manikndm_H (Tamil Nadu),,unknown,9.5,2,0.0,0.0005386861378143774,1,0,0.0,0.0,0.0
Jhajjar_DC (Haryana),,fulfillment_center,12.814814814814815,27,0.0,0.0003273145408958252,1,1,1.0,0.0,0.0
Jhansi_LVMColge_D (Uttar Pradesh),,unknown,14.074074074074074,27,0.0,0.00012174463643946594,0,1,0.0,0.0,0.0
Jharsuguda_MbRoad_D (Orissa),,unknown,50.0,2,0.0,0.00012174463643946594,0,1,0.0,0.0,0.0
Jamui_Mehsouri_D (Bihar),,unknown,17.8,5,0.0,0.00012174463643946594,0,2,1.0,0.0,0.0
Janakpuri (Delhi),Delhi,unknown,18.40740740740741,27,0.0,0.0003159803767928854,1,1,0.0,0.0,0.0
Jaora_RtlamNka_D (Madhya Pradesh),,unknown,16.240384615384617,208,0.0,0.00018853305032472416,1,1,1.0,0.0,0.0
Jassur_AadiDPP_D (Himachal Pradesh),,pickup_point,16.166666666666668,18,0.0,0.0005720820687887593,1,1,1.0,0.0,0.0
Tilhar_SingCLNY_D (Uttar Pradesh),,unknown,26.7,30,0.0,0.00012174463643946594,0,2,1.0,0.0,0.0
Tinusukia_Chrwpaty_D (Assam),,unknown,11.95,20,0.0,0.0006374604674406763,2,1,1.0,0.0,0.0
Tiruchi_Samyaprm_D (Tamil Nadu),,unknown,5.68,50,0.0,0.00022524772290535096,1,0,0.0,0.0,0.0
Suryapet_Krishna_D (Telangana),Surat,unknown,17.571428571428573,28,0.0,0.0002783503720114368,1,1,1.0,0.0,0.0
Talegaon_Central_DPP_4 (Maharashtra),,pickup_point,21.4,5,0.0,0.0004600603786484176,1,1,1.0,0.0,0.0
Tamluk_Central_DPP_2 (West Bengal),Bengaluru,pickup_point,4.571428571428571,7,0.0,0.000743625498095984,1,1,1.0,0.0,0.0
Tarnau_BsstdDPP_D (Rajasthan),,pickup_point,7.333333333333333,9,0.0,0.0004210170505326473,1,1,1.0,0.0,0.0
Umerkote_Central_DPP_1 (Orissa),,pickup_point,8.333333333333334,6,0.0,0.00044054598392062887,1,0,0.0,0.0,0.0
Thamarassery_Chungam_D (Kerala),,transit_hub,19.375,24,0.0,0.00012174463643946594,0,1,0.0,0.0,0.0
Raigarh_MithmdRd_D (Chhattisgarh),,transit_hub,31.37037037037037,27,0.0,0.00022524772290535096,1,0,0.0,0.0,0.0
Raipur_Central_D_5 (Chhattisgarh),Raipur,unknown,18.142857142857142,7,0.0,0.00022524772290535096,1,0,0.0,0.0,0.0
Thoppur_HghsclRD_D (Tamil Nadu),,gateway_hub,15.8,5,0.0,0.00012174463643946594,0,1,0.0,0.0,0.0
Madnapalle_PngnrRd_D (Andhra Pradesh),,unknown,18.5,2,0.0,0.00012174463643946594,0,1,0.0,0.0,0.0
Rajkot_PedakRd_P (Gujarat),Rajkot,unknown,7.041666666666667,24,0.0,0.0006637986888335108,3,0,0.3333333333333333,0.0,0.0
Kusumnchi_SKRoad_D (Telangana),,unknown,11.1875,16,0.0,0.0004284358968645236,2,2,1.0,0.0,0.0
Garhshnker_Jagrata_D (Punjab),,unknown,14.75,8,0.0,0.00012174463643946594,0,1,0.0,0.0,0.0
Arsikere_HsnRdDPP_D (Karnataka),,pickup_point,5.6923076923076925,13,0.0,0.0008083320980642988,2,1,1.0,0.0,0.0
Ashti_SavtaHTL_D (Maharashtra),,unknown,14.25,4,0.0,0.00022152738521146945,1,1,1.0,0.0,0.0
Asifabad_PaikjNGR_D (Telangana),,unknown,21.48780487804878,41,0.0,0.0006257054575634939,2,2,1.0,0.0,0.0
Asind_BsStdDPP_D (Rajasthan),,pickup_point,44.1,10,0.0,0.00012174463643946594,0,1,0.0,0.0,0.0
Hyderabad_PndrgNgr_DC (Telangana),Hyderabad,fulfillment_center,22.5,4,0.0,0.00012174463643946594,0,1,0.0,0.0,0.0
Hyderabad_South_D_4 (Telangana),Hyderabad,transit_hub,18.02777777777778,36,0.0,0.00012174463643946594,0,1,0.0,0.0,0.0
Hyderabad_South_R_11 (Telangana),Hyderabad,transit_hub,16.95,20,0.0,0.00012174463643946594,0,1,0.0,0.0,0.0
Jaipur (Rajasthan),Jaipur,transit_hub,13.80952380952381,21,0.0,0.00034747575275109933,1,1,0.0,0.0,0.0
Jaipur_Bhankrot_DC (Rajasthan),Jaipur,fulfillment_center,80.0,1,0.0,0.00035775657587024297,1,1,0.0,0.0,0.0
Jaipur_Central_D_10 (Rajasthan),Jaipur,transit_hub,22.0,2,0.0,0.00039357981667670025,1,1,0.0,0.0,0.0
Jamnagar_Dc (Gujarat),,fulfillment_center,10.833333333333334,48,0.0,0.00012174463643946594,0,1,0.0,0.0,0.0
Jamshedpur_Central_I_3 (Jharkhand),,unknown,27.685714285714287,105,0.0,0.000281289741229535,1,1,0.0,0.0,0.0
Jairampur_Mdiclcly_D (Arunachal Pradesh),Jaipur,intercity_hub,11.235294117647058,17,0.0,0.0004624133345030053,1,1,0.0,0.0,0.0
Jaisalmer_Gopa3PL_D (Rajasthan),,last_mile_hub,7.074074074074074,27,0.0,0.00016194656685030302,1,2,1.0,0.0,0.0
Jalalabad_farukngr_D (Uttar Pradesh),,unknown,53.93333333333333,15,0.0,0.00016158418573668118,1,1,1.0,0.0,0.0
Jalandhar_DC (Punjab),,fulfillment_center,10.933333333333334,30,0.0,0.0005105123608044459,1,1,1.0,0.0,0.0
Jalandhar_Sodal Road (Punjab),,unknown,10.534013605442176,294,0.0,0.00012174463643946594,0,2,1.0,0.0,0.0
Jaleswar_NaturDPP_D (Orissa),,pickup_point,22.50943396226415,53,0.0,0.00025935465702296397,1,1,0.0,0.0,0.0
Jalna_BhgyaNgr_D (Maharashtra),,unknown,6.627906976744186,86,0.0,0.00033472829096590096,1,2,1.0,0.0,0.0
Arakkonam_HousngBd_D (Tamil Nadu),,unknown,13.416666666666666,36,0.0,0.00031630812276649945,1,1,1.0,0.0,0.0
Arambag_BalibDPP_D (West Bengal),Bengaluru,pickup_point,28.5,4,0.0,0.0022735557100231085,2,1,0.0,0.0,0.0
Manapparai_BypassRd_D (Tamil Nadu),,pickup_point,7.923076923076923,39,0.0,0.00012174463643946594,0,1,0.0,0.0,0.0
Tirchngode_Mhdhvpur_D (Tamil Nadu),,unknown,4.364583333333333,96,0.0,0.00021087825994005238,1,1,1.0,0.0,0.0
Tirtol_Central_D_2 (Orissa),,unknown,14.0,2,0.0,0.00012174463643946594,0,1,0.0,0.0,0.0
Tiruchi (Tamil Nadu),,unknown,5.68,50,0.0,0.00012174463643946594,0,1,0.0,0.0,0.0
Tirur_PmthuKlm_D (Kerala),,last_mile_hub,25.75,8,0.0,0.00012174463643946594,0,2,0.0,0.0,0.0
Trivandrum_Mnanthla_D (Kerala),,transit_hub,39.333333333333336,3,0.0,0.00012174463643946594,0,1,0.0,0.0,0.0
Madikeri_MuthpTmp_D (Karnataka),,transit_hub,19.693877551020407,49,0.0,0.0003122613875502789,1,1,1.0,0.0,0.0
Vapi_IndEstat_L (Gujarat),,unknown,21.75,12,0.0,0.00012174463643946594,0,1,0.0,0.0,0.0
Varanasi (Uttar Pradesh),Varanasi,unknown,38.0,1,0.0,0.00017414474736144236,1,0,0.0,0.0,0.0
Gadchiroli_Central_DPP_1 (Maharashtra),,fulfillment_center,6.9,10,0.0,0.001148057544475335,2,1,1.0,0.0,0.0
Gandhinagar_DC (Gujarat),,fulfillment_center,12.734177215189874,79,0.0,0.00023210965286833712,1,2,1.0,0.0,0.0
Uchila_Busstand_D (Karnataka),,unknown,23.0,5,0.0,0.000346211293523763,1,2,0.6666666666666666,0.0,0.0
Udumalpet_Artclgrd_D (Tamil Nadu),,unknown,3.3076923076923075,65,0.0,0.0007701450234064246,2,1,1.0,0.0,0.0
Gandhinagar_Kalol_DC (Gujarat),,fulfillment_center,14.803030303030303,66,0.0,0.00028216131092390447,2,1,1.0,0.0,0.0
Angamaly_CivilStn_D (Kerala),,unknown,4.363636363636363,22,0.0,0.00012174463643946594,0,1,0.0,0.0,0.0
Ghaziabad_RjndrNgr_DC (Uttar Pradesh),Ghaziabad,gateway_hub,16.0,2,0.0,0.00033351935586708347,1,1,0.0,0.0,0.0
Anjar_DC (Gujarat),,fulfillment_center,19.21875,32,0.0,0.00020530196063359813,1,2,1.0,0.0,0.0
Lakhnadon_Central_DPP_1 (Madhya Pradesh),,pickup_point,6.676470588235294,34,0.0,0.00047232391107081295,1,2,0.6666666666666666,0.0,0.0
Anuppur_JthriDPP_DC (Madhya Pradesh),,fulfillment_center,0.5,2,0.0,0.00033571650991804963,1,1,1.0,-0.0,-0.0
Lalgola_KrsprDPP_D (West Bengal),Bengaluru,pickup_point,10.513513513513514,37,0.0,0.0001691325432533011,1,1,1.0,0.0,0.0
Maharajganj_PakriDPP_D (Uttar Pradesh),,pickup_point,14.25,4,0.0,0.00022573576711518986,1,1,0.0,0.0,0.0
Jaipur_RIICO_L (Rajasthan),Jaipur,transit_hub,5.57516339869281,153,0.0,0.0003029792784875128,1,1,0.0,0.0,0.0
Jaipur_VarunCly_DC (Rajasthan),Jaipur,fulfillment_center,7.5,16,0.0,0.00035775657587024297,1,1,0.0,0.0,0.0
Vijayawada (Andhra Pradesh),Vijayawada,unknown,6.714285714285714,42,0.0,0.0003824981329444922,1,1,0.0,0.0,0.0
Maihar_MngalDPP_D (Madhya Pradesh),,pickup_point,16.75,4,0.0,0.0002690185016486451,1,2,1.0,0.0,0.0
Amb_Adrshngr_D (Himachal Pradesh),,unknown,36.333333333333336,3,0.0,0.00012174463643946594,0,1,0.0,0.0,0.0
Ambala (Haryana),,unknown,12.0,18,0.0,0.00012174463643946594,0,1,0.0,0.0,0.0
Mainaguri_MilpaDPP_D (West Bengal),Bengaluru,pickup_point,8.75,24,0.0,0.00012174463643946594,0,1,0.0,0.0,0.0
Ambegaon_Manchar_D (Maharashtra),,unknown,12.2,5,0.0,0.00044308514811124914,1,1,1.0,0.0,0.0
Amravati_DC (Maharashtra),,fulfillment_center,21.702380952380953,84,0.0,0.00012174463643946594,0,1,0.0,0.0,0.0
Amritsar_DPC (Punjab),Amritsar,unknown,20.342105263157894,76,0.0,0.0009633692032647403,3,1,1.0,0.0,0.0
Ukkadagatri_Tuminkte_D (Karnataka),,unknown,9.264150943396226,53,0.0,0.0006977399425037288,1,1,1.0,0.0,0.0
Unnao_VikasRam_D (Uttar Pradesh),,unknown,8.153846153846153,13,0.0,0.0004373378392549005,1,1,0.0,0.0,0.0
Usilampatti_MrutiNGR_D (Tamil Nadu),,unknown,13.4375,16,0.0,0.00012174463643946594,0,2,0.0,0.0,0.0
Uthangarai_RgstrOFC_D (Tamil Nadu),,fulfillment_center,19.714285714285715,7,0.0,0.0004170104355099358,1,1,1.0,0.0,0.0
Vadnagar_BsstdDPP_D (Gujarat),,pickup_point,11.666666666666666,36,0.0,0.000421177003695427,1,2,1.0,0.0,0.0
Vadodara_Karelibaug_DC (Gujarat),Vadodara,fulfillment_center,12.0,1,0.0,0.00044406298313244883,1,1,0.0,0.0,0.0
Vallior_Radhaprm_D (Tamil Nadu),,unknown,16.181818181818183,22,0.0,0.000330761978925278,1,1,1.0,0.0,0.0
Vansda_CikhliRD_D (Gujarat),,unknown,6.515151515151516,33,0.0,0.0005219144594786581,1,1,0.0,0.0,0.0
Nagpur_Jaripatk_DC (Maharashtra),Nagpur,fulfillment_center,15.333333333333334,3,0.0,0.00022524772290535096,1,0,0.0,0.0,0.0
Nalasopara (Maharashtra),,unknown,14.178082191780822,73,0.0,0.00028872927618275315,1,0,0.0,0.0,0.0
Namakkal_Rkcomplx_DC (Tamil Nadu),,fulfillment_center,10.2,20,0.0,0.00022524772290535096,1,0,0.0,0.0,0.0
Nirsa_ShantiDPP_D (Jharkhand),,pickup_point,10.0,4,0.0,0.0004359976435685088,1,0,0.0,0.0,0.0
North Delhi (Delhi),Delhi,transit_hub,14.0,1,0.0,0.00026610396135659287,1,0,0.0,0.0,0.0
Pachora_PcrrdDPP_D (Maharashtra),,pickup_point,3.25,4,0.0,0.0003250742797495374,1,0,0.0,0.0,0.0
Palamaner_Lakshmi_D (Andhra Pradesh),,unknown,18.5,2,0.0,0.00022524772290535096,1,0,0.0,0.0,0.0
Parbhani_Rjndrngr_D (Maharashtra),,unknown,34.2,5,0.0,0.0004175080942930774,1,0,0.0,0.0,0.0
Parkal_AmbedDPP_D (Telangana),,pickup_point,17.0,3,0.0,0.0005934266051168071,1,0,0.0,0.0,0.0
Peddapalli_UdaynDPP_D (Telangana),,pickup_point,8.5,2,0.0,0.0003949104706820391,1,0,0.0,0.0,0.0
Majalgaon_SmbjiCwk_D (Maharashtra),,intercity_hub,15.0,1,0.0,0.00012174463643946594,0,1,0.0,0.0,0.0
Aligarh_Central_D_2 (Uttar Pradesh),,unknown,11.1875,16,0.0,0.00012174463643946594,0,1,0.0,0.0,0.0
Allahabad_Central_D_3 (Uttar Pradesh),,unknown,18.166666666666668,6,0.0,0.00012174463643946594,0,1,0.0,0.0,0.0
Allahabad_Mirapati_L (Uttar Pradesh),,unknown,18.0,1,0.0,0.00012174463643946594,0,1,0.0,0.0,0.0
Mallapur_ShtDRDPP_D (Karnataka),,pickup_point,14.375,32,0.0,0.0004927615365971865,2,1,0.6666666666666666,0.0,0.0
Vidisha_ShrprDPP_D (Madhya Pradesh),,pickup_point,19.5,2,0.0,0.00012174463643946594,0,1,0.0,0.0,0.0
Aurangabad (Maharashtra),Aurangabad,unknown,8.64864864864865,37,0.0,0.00047026334384635965,1,0,0.0,0.0,0.0
Vizag _NAD (Andhra Pradesh),,unknown,27.0,1,0.0,0.00012174463643946594,0,1,0.0,0.0,0.0
Vizag_Gajuwaka (Andhra Pradesh),,unknown,12.8125,16,0.0,0.00012174463643946594,0,1,0.0,0.0,0.0
Vizag_Gajuwaka_L (Andhra Pradesh),,unknown,16.945454545454545,55,0.0,0.00012174463643946594,0,2,1.0,0.0,0.0
Vrindavan_MathuraRD_D (Uttar Pradesh),,transit_hub,23.138461538461538,65,0.0,0.00012174463643946594,0,1,0.0,0.0,0.0
Vuyyuru_BhogdDPP_D (Andhra Pradesh),,pickup_point,19.0,2,0.0,0.0007459937978257392,2,1,1.0,0.0,0.0
Wanaparthy_VallaDPP_D (Telangana),,pickup_point,23.037037037037038,27,0.0,0.0005974564936975679,2,1,1.0,0.0,0.0
Wankaner_JivanDPP_D (Gujarat),,pickup_point,6.75,8,0.0,0.0001705307492838295,1,1,1.0,0.0,0.0
Warangal_Central_D_2 (Telangana),,unknown,11.8,30,0.0,0.00012174463643946594,0,2,1.0,0.0,0.0
Akhnoor_ThthiCwk_D (Jammu & Kashmir),,transit_hub,14.222222222222221,9,0.0,0.0004343081374291683,1,1,0.0,0.0,0.0
Irinjlkuda_Greens_D (Kerala),,unknown,6.305555555555555,36,0.0,0.00021972848901839515,1,1,1.0,0.0,0.0
Islampure_Central_DPP_2 (West Bengal),Bengaluru,pickup_point,30.0,1,0.0,0.00012174463643946594,0,1,0.0,0.0,0.0
Malout_DC (Punjab),,fulfillment_center,25.0,2,0.0,0.00043346929452357184,2,1,1.0,0.0,0.0
Jagraon_DC (Punjab),,fulfillment_center,16.571428571428573,21,0.0,0.0001614906869172678,1,2,1.0,0.0,0.0
Nabadwip_Srirmpur_D (West Bengal),Bengaluru,unknown,9.333333333333334,3,0.0,0.00022801754261774399,1,0,0.0,0.0,0.0
Nagarcoil_AsrplmRd_DC (Tamil Nadu),,fulfillment_center,16.46153846153846,26,0.0,0.0006736352557122665,2,0,1.0,0.0,0.0
Bhiwandi_Mankoli_GW (Maharashtra),Bhiwandi,gateway_hub,18.03448275862069,87,0.0,0.00037722563710158153,2,0,0.0,0.0,0.0
AmaDubi_Bulabeda_D (West Bengal),Bengaluru,unknown,25.25,24,0.0,0.0003560011686452961,1,2,1.0,0.0,0.0
Wardha_RamaNgr_D (Maharashtra),,unknown,35.6,5,0.0,0.00012174463643946594,0,1,0.0,0.0,0.0
Weir_BsstdDPP_D (Rajasthan),,pickup_point,14.5,10,0.0,0.00012174463643946594,0,2,1.0,0.0,0.0
AMD_Satellite (Gujarat),,unknown,8.34375,64,0.0,0.00047879886559602466,1,0,0.0,0.0,0.0
Addanki_Oilmilrd_D (Andhra Pradesh),,last_mile_hub,11.68421052631579,38,0.0,0.0006876218612398772,1,0,0.0,0.0,0.0
Agartala_Chmpmura_I (Tripura),,unknown,42.8,5,0.0,0.0004969743185550562,1,0,0.0,0.0,0.0
Agra (Uttar Pradesh),Agra,unknown,11.0,1,0.0,0.0002439667853163395,1,0,0.0,0.0,0.0
Akbarpur_Auliyapr_D (Uttar Pradesh),,unknown,12.319148936170214,47,0.0,0.00031323211106665163,1,0,0.0,0.0,0.0
Allahabad_Phaphamu_DC (Uttar Pradesh),,fulfillment_center,17.857142857142858,7,0.0,0.0006947769233765852,1,0,0.0,0.0,0.0
Ambabadi_DC (Rajasthan),,fulfillment_center,13.145454545454545,55,0.0,0.0004449783795729215,1,0,0.0,0.0,0.0
Amdavad_East (Gujarat),Ahmedabad,unknown,10.016129032258064,62,0.0,0.00041971627653689374,1,0,0.0,0.0,0.0
Areacode_Puthalam_D (Kerala),,transit_hub,6.909090909090909,11,0.0,0.00048010465093263404,2,0,0.0,0.0,0.0
Arwal_Rozapar_D (Bihar),,unknown,25.3,20,0.0,0.00031323211106665163,1,0,0.0,0.0,0.0
Assandh_MhrjaDPP_D (Haryana),,pickup_point,19.071428571428573,42,0.0,0.0005403344977659592,1,0,0.0,0.0,0.0
Aunrihar_Central_D_1 (Uttar Pradesh),,unknown,23.0,6,0.0,0.00020988549584335304,1,0,0.0,0.0,0.0
Del_B_RPC (Delhi),Delhi,unknown,13.955555555555556,45,0.0,0.000173286161216556,1,0,0.0,0.0,0.0
BLR_HSR_Layout_PC (Karnataka),,unknown,7.916666666666667,24,0.0,0.0005474432444100176,3,0,1.0,0.0,0.0
Baghpat_Barout_D (Uttar Pradesh),,gateway_hub,43.0,1,0.0,0.0005166267864100947,1,0,0.0,0.0,0.0
Bakhtiarpur_BypassRD_D (Bihar),,unknown,34.2,10,0.0,0.00032229219167106147,2,0,1.0,0.0,0.0
Balaghat_Kosmi_D (Madhya Pradesh),,gateway_hub,16.72222222222222,18,0.0,0.00022524772290535096,1,0,0.0,0.0,0.0
Bankura_BhowmDPP_D (West Bengal),Bengaluru,pickup_point,13.25,40,0.0,0.00039466911496100664,2,0,1.0,0.0,0.0
Bansi_GangDPP_D (Uttar Pradesh),,pickup_point,14.857142857142858,7,0.0,0.00022524772290535096,1,0,0.0,0.0,0.0
Barauni_Wardno10_D (Bihar),,unknown,34.0,4,0.0,0.0001975771847364418,1,0,0.0,0.0,0.0
Bayana_LalBagh_D (Rajasthan),,gateway_hub,7.6923076923076925,26,0.0,0.00041994900929577907,2,0,1.0,0.0,0.0
Bengaluru_Bomsndra_PC (Karnataka),Bengaluru,unknown,10.714285714285714,7,0.0,0.00022524772290535096,1,0,0.0,0.0,0.0
Bengaluru_NwYlhnka_DC (Karnataka),Bengaluru,fulfillment_center,6.026315789473684,76,0.0,0.00027315013772325847,1,0,0.0,0.0,0.0
Bengaluru_Sarjapur_D (Karnataka),Bengaluru,unknown,6.5,2,0.0,0.0002252477229053509,1,0,0.0,0.0,0.0
Bengaluru_Whitefld_L (Karnataka),Bengaluru,unknown,13.0,8,0.0,0.0004111763619110529,1,0,0.0,0.0,0.0
Berhampur_Chatrpr_DC (Orissa),,fulfillment_center,21.0,1,0.0,0.0003090307775647322,1,0,0.0,0.0,0.0
Bhalukpong_Khenewa_D (Arunachal Pradesh),,unknown,15.0,7,0.0,0.00049142356633594,2,0,1.0,0.0,0.0
Bhavnagar_Dc (Gujarat),,fulfillment_center,17.25,4,0.0,0.00022524772290535096,1,0,0.0,0.0,0.0
Gurgaon_SohnaRd_D (Haryana),Gurgaon,unknown,3.0,2,0.0,0.0001561111875867945,1,0,0.0,0.0,0.0
Bhota_BpassDPP_D (Himachal Pradesh),,pickup_point,9.741935483870968,31,0.0,0.0005890997352498488,2,0,1.0,0.0,0.0
Botad_DC (Gujarat),,fulfillment_center,12.58974358974359,39,0.0,0.0003880431494838884,1,0,0.0,0.0,0.0
Buhana_CourtDPP_D (Rajasthan),,pickup_point,5.0,2,0.0,0.00030493236571099735,1,0,0.0,0.0,0.0
Champa_Brplicwk_D (Chhattisgarh),,intercity_hub,22.333333333333332,3,0.0,0.00022524772290535096,1,0,0.0,0.0,0.0
Chanapatna_Central_D_2 (Karnataka),,unknown,0.95,20,0.0,0.00031323211106665163,1,0,0.0,0.0,0.0
Chandi_SH78_D (Bihar),Chandigarh,unknown,22.307692307692307,26,0.0,0.0005057358591002146,1,0,0.0,0.0,0.0
Chandigarh_Mehmdpur_P (Punjab),Chandigarh,unknown,9.25,12,0.0,0.00017916938660134162,1,0,0.0,0.0,0.0
Chennai_Chrompet_PC (Tamil Nadu),Chennai,unknown,8.183035714285714,224,0.0,0.00043225389583712097,3,0,0.0,0.0,0.0
Chennai_Poonamallee_L (Tamil Nadu),Chennai,unknown,8.75,4,0.0,0.00026169562790006836,1,0,0.0,0.0,0.0
Chennai_Royapuram (Tamil Nadu),Chennai,unknown,39.5,2,0.0,0.00038142975642655477,1,0,0.0,0.0,0.0
Chennai_Sriperumbudur_Dc (Tamil Nadu),Chennai,fulfillment_center,12.5,14,0.0,0.0004474373786195758,1,0,0.0,0.0,0.0
Chikhli_KKndrDPP_D (Maharashtra),,pickup_point,26.5,4,0.0,0.0004202714879204475,1,0,0.0,0.0,0.0
CoochBehar_Psthrjhr_D (West Bengal),Bengaluru,transit_hub,24.833333333333332,6,0.0,0.00024358447869553306,1,0,0.0,0.0,0.0
Daman_DC (Daman & Diu),,fulfillment_center,32.0,1,0.0,0.00029384115699835755,1,0,0.0,0.0,0.0
Datia_TownDPP_D (Madhya Pradesh),,pickup_point,25.0,4,0.0,0.0005313673220700924,1,0,0.0,0.0,0.0
Kahalgaon_NdiaTola_D (Bihar),,unknown,36.26470588235294,34,0.0,0.0003233234515660239,2,0,1.0,0.0,0.0
Delhi_Lajwanti (Delhi),Delhi,unknown,30.0,1,0.0,0.000290007903870479,1,0,0.0,0.0,0.0
Delhi_Paschim_DC (Delhi),Delhi,fulfillment_center,9.0,5,0.0,0.00026075731969299557,1,0,0.0,0.0,0.0
Delhi_Todapur_DC (Delhi),Delhi,fulfillment_center,13.0,3,0.0,0.000290007903870479,1,0,0.0,0.0,0.0
Dharuhera_Central_DPP_2 (Haryana),,pickup_point,15.766666666666667,30,0.0,0.0004031099249098455,1,0,0.0,0.0,0.0
Dhaurahara_TahsilRD_D (Uttar Pradesh),,unknown,37.142857142857146,63,0.0,0.0004516464606072716,1,0,0.0,0.0,0.0
Dhuri_DMComDPP_D (Punjab),,pickup_point,18.0,1,0.0,0.00039457788533981455,1,0,0.0,0.0,0.0
Dighwara_SadarHPL_D (Bihar),,gateway_hub,27.0,3,0.0,0.00032875080937123593,2,0,0.0,0.0,0.0
Duliajan_StatonRd_D (Assam),,unknown,7.0625,48,0.0,0.000306329047589568,1,0,0.0,0.0,0.0
Edappal_PonaniRD_D (Kerala),,pickup_point,13.714285714285714,21,0.0,0.0005428039683429336,1,0,0.0,0.0,0.0
Faridabad_Old (Haryana),Faridabad,unknown,10.5,2,0.0,0.000414394040800767,1,0,0.0,0.0,0.0
Gahmar_Wardnor4_D (Uttar Pradesh),,unknown,7.142857142857143,7,0.0,0.00024003739252325887,1,0,0.0,0.0,0.0
Gangarmpur_KhdimDPP_D (West Bengal),Bengaluru,pickup_point,10.7,10,0.0,0.0002600872063226914,1,0,0.0,0.0,0.0
Gopalganj_GopalDPP_D (Bihar),,pickup_point,40.285714285714285,28,0.0,0.000322620637345595,2,0,1.0,0.0,0.0
Gurgaon_Bilaspur_P (Haryana),Gurgaon,unknown,7.315789473684211,171,0.0,0.0001728173288401594,1,0,0.0,0.0,0.0
Gurgaon_Manesar (Haryana),Gurgaon,unknown,12.19047619047619,21,0.0,0.00042333161125599785,2,0,1.0,0.0,0.0
Agra_Central_D_3 (Uttar Pradesh),Agra,unknown,11.025,40,0.0,0.00012174463643946594,0,1,0.0,0.0,0.0
Krishnarajngr_JublieRD_D (Karnataka),,unknown,22.814814814814813,27,0.0,0.000489805549277153,1,0,0.0,0.0,0.0
Agra_Idgah_P (Uttar Pradesh),Agra,unknown,13.658333333333333,120,0.0,0.0006818807729074378,2,2,1.0,0.0,0.0
Lucknow_Pandriba_L (Uttar Pradesh),Lucknow,unknown,12.4,20,0.0,0.00029715030356928216,1,0,0.0,0.0,0.0
Lunawada_VrdhriRD_D (Gujarat),,unknown,11.285714285714286,7,0.0,0.0004430325330437656,1,0,0.0,0.0,0.0
Mahasamund_RajpurRD_D (Chhattisgarh),,unknown,14.121212121212121,66,0.0,0.00031323211106665163,1,0,0.0,0.0,0.0
Mariani_Mainroad_D (Assam),,unknown,21.833333333333332,6,0.0,0.0005588031133488768,1,0,0.0,0.0,0.0
MarwarJn_SndbrDPP_D (Rajasthan),,pickup_point,29.4,10,0.0,0.0006087823021207992,1,0,0.0,0.0,0.0
Mathura_DC (Uttar Pradesh),,fulfillment_center,10.842105263157896,19,0.0,0.00012174463643946594,0,0,0.0,0.0,0.0
Mettur_RTOroad_D (Tamil Nadu),,unknown,4.627450980392157,102,0.0,0.0004033796179406699,2,0,1.0,0.0,0.0
Mirzapur_JangiRd_D (Uttar Pradesh),,unknown,14.333333333333334,3,0.0,0.00031323211106665163,1,0,0.0,0.0,0.0
Mumbai_Bhandup West_Dc (Maharashtra),Mumbai,fulfillment_center,9.5,2,0.0,0.0003356762089301241,1,0,0.0,0.0,0.0
Mumbai_East_L_23 (Maharashtra),Mumbai,unknown,5.75,4,0.0,0.00022049111871207295,1,0,0.0,0.0,0.0
Mumbai_Khandeshwar_Dc (Maharashtra),Mumbai,fulfillment_center,8.860759493670885,79,0.0,0.00023187211180885405,1,0,0.0,0.0,0.0
Aizawl_HunthrVg_I (Mizoram),,transit_hub,148.375,8,0.0,0.0008058502011170182,1,1,0.0,0.0,0.0
Airport (Tamil Nadu),,unknown,18.625,16,0.0,0.00012174463643946594,0,1,0.0,0.0,0.0
Shahjhnpur_NavdaCln_D (Uttar Pradesh),,unknown,19.25,4,0.0,0.0005089463618221972,1,0,0.0,0.0,0.0
Kurseong_ABPath_D (West Bengal),Bengaluru,transit_hub,68.33333333333333,3,0.0,0.00031323211106665163,1,0,0.0,0.0,0.0
Mumbai_Ulhasngr_DC (Maharashtra),Mumbai,fulfillment_center,15.3,50,0.0,0.0004146029914829192,1,0,0.0,0.0,0.0
Rehli_Ward7DPP_D (Madhya Pradesh),,pickup_point,12.758620689655173,29,0.0,0.0005473496903338168,2,0,1.0,0.0,0.0
Robertsganj_ArtoDPP_D (Uttar Pradesh),,pickup_point,48.416666666666664,12,0.0,0.0005863857953770011,2,0,1.0,0.0,0.0
Sangrur_DC (Punjab),,fulfillment_center,5.0,4,0.0,0.0003114735049276394,1,0,0.0,0.0,0.0
Satana_ThrbadRD_D (Maharashtra),,transit_hub,8.714285714285714,14,0.0,0.00032870978908984,1,0,0.0,0.0,0.0
Sausar_Central_DPP_1 (Madhya Pradesh),,pickup_point,8.5,42,0.0,0.0006806075306083422,1,0,0.0,0.0,0.0
Savner_Wagodha_D (Maharashtra),,unknown,13.13888888888889,108,0.0,0.00031323211106665163,1,0,0.0,0.0,0.0
Perundurai_Viveka_DC (Tamil Nadu),,fulfillment_center,19.666666666666668,3,0.0,0.00031323211106665163,1,0,0.0,0.0,0.0
Pudukkotti_Mrthndpr_D (Tamil Nadu),,transit_hub,7.285714285714286,28,0.0,0.0005057358591002146,1,0,0.0,0.0,0.0
Pundibari_StatonRD_D (West Bengal),Bengaluru,unknown,28.6,10,0.0,0.00026620330722782127,1,0,0.0,0.0,0.0
Pune_East_D_7 (Maharashtra),Pune,unknown,38.0,1,0.0,0.00022524772290535096,1,0,0.0,0.0,0.0
Mumbai_Khar West _Dc (Maharashtra),Mumbai,fulfillment_center,21.857142857142858,7,0.0,0.00028418761758770817,1,0,0.0,0.0,0.0
Mumbai_Kharghar_D (Maharashtra),Mumbai,gateway_hub,15.041666666666666,24,0.0,0.0002646985708131909,1,0,0.0,0.0,0.0
Lodhan_GoalpDPP_D (West Bengal),Bengaluru,pickup_point,20.0,2,0.0,0.0004167351975325366,2,0,0.0,0.0,0.0
Mandya_Dc (Karnataka),,fulfillment_center,0.95,20,3.7430893213404753e-07,0.00022524772290535096,1,1,0.0,-1.5605127053420052e-08,-0.0
Chamba_Bangotu_D (Himachal Pradesh),,unknown,29.62962962962963,27,1.1229267964021425e-06,0.0008825329112026787,1,1,1.0,-2.0055993384894966e-08,-0.0
Kodaikanal_Athithnr_DC (Tamil Nadu),,fulfillment_center,4.65,20,4.117398253474523e-06,0.00024565125522589245,1,1,0.0,-1.2800454955392455e-06,-0.0
Ramnthpurm_TnhbBlkC_D (Tamil Nadu),,transit_hub,1.3333333333333333,21,1.8715446606702378e-05,0.0004020504039025603,1,1,0.0,-2.955497953123712e-06,-0.0
Khatra_KoralDPP_D (West Bengal),Bengaluru,pickup_point,2.7777777777777777,18,0.0008062614398167383,0.0006400249587950087,1,1,0.0,-2.7925935975254757e-05,-0.0
Dhampur_NaginaRD_D (Uttar Pradesh),,unknown,9.333333333333334,9,0.0008028926594275319,0.0004641777477075077,1,3,0.5,-7.437130947404984e-05,-0.0
Chandausi_Ganesh_D (Uttar Pradesh),,unknown,8.148148148148149,27,0.0012071463061323032,0.00043284554025568996,1,2,0.6666666666666666,-0.00010977489691094463,-0.0
TalwandiSabo_Wardno3_D (Punjab),,unknown,1.1818181818181819,33,0.0008028926594275319,0.0003224910408288073,1,1,0.0,-0.000183560035748268,-0.01
Namsai_HelipadRD_D (Arunachal Pradesh),,unknown,4.075,40,0.0008028926594275319,0.0007722389394148857,2,1,0.6666666666666666,-0.00027656837835940564,-0.01
Mahbubabad_Yellanda_D (Telangana),,unknown,0.5,26,0.0012071463061323032,0.00040955525114389944,1,1,0.0,-0.0003053503964512031,-0.01
Bhabhar_TirupDPP_D (Gujarat),,pickup_point,2.3333333333333335,24,0.0012105150865215097,0.00024165697191965167,1,1,1.0,-0.00031244263099057204,-0.01
Bagnan_Harop_D (West Bengal),Bengaluru,unknown,3.7941176470588234,34,0.0016155173510905491,0.00038848558703651715,1,1,1.0,-0.00034938285071841864,-0.01
Gajraula_JawaharN_D (Uttar Pradesh),,unknown,9.538461538461538,65,0.007114489873071841,0.00032289827864672636,1,1,0.0,-0.0013660184549109868,-0.06
